Metric,Value
R²,0.9754232387590573
MAE,0.10238092249796407
RMSE,0.018646263297795947
Study_Effect_Mean,0.5600786943642011
Study_Effect_Std,0.04818873250845848
Scholarship_Effect_Mean,0.13786469879314164
Scholarship_Effect_Std,0.047303099899114284
Student_Variability,0.5855496344181806
