receipt_id,member_id,date,time,item,category,price
1,1056,2026-04-13,11:02,お茶,飲料,130
1,1056,2026-04-13,11:02,弁当,食事,500
2,1065,2026-04-13,11:11,ジュース,飲料,140
2,1065,2026-04-13,11:11,弁当,食事,500
3,1041,2026-04-13,11:13,おにぎり,食事,150
3,1041,2026-04-13,11:13,お茶,飲料,130
3,1041,2026-04-13,11:13,パン,食事,180
4,1046,2026-04-13,11:17,おにぎり,食事,150
4,1046,2026-04-13,11:17,お茶,飲料,130
5,1061,2026-04-13,11:17,カップ麺,食事,220
5,1061,2026-04-13,11:17,ジュース,飲料,140
6,1036,2026-04-13,11:30,お茶,飲料,130
6,1036,2026-04-13,11:30,カップ麺,食事,220
7,1031,2026-04-13,11:31,おにぎり,食事,150
7,1031,2026-04-13,11:31,お茶,飲料,130
7,1031,2026-04-13,11:31,パン,食事,180
8,1048,2026-04-13,11:33,サンドイッチ,食事,320
9,1029,2026-04-13,11:38,ジュース,飲料,140
9,1029,2026-04-13,11:38,弁当,食事,500
10,1009,2026-04-13,11:43,カップ麺,食事,220
11,1051,2026-04-13,11:44,お茶,飲料,130
11,1051,2026-04-13,11:44,弁当,食事,500
12,1043,2026-04-13,12:03,お茶,飲料,130
12,1043,2026-04-13,12:03,弁当,食事,500
13,1040,2026-04-13,12:05,おにぎり,食事,150
13,1040,2026-04-13,12:05,お茶,飲料,130
14,1030,2026-04-13,12:06,お茶,飲料,130
14,1030,2026-04-13,12:06,カップ麺,食事,220
15,1022,2026-04-13,12:11,お茶,飲料,130
15,1022,2026-04-13,12:11,カップ麺,食事,220
16,1197,2026-04-13,12:33,おにぎり,食事,150
16,1197,2026-04-13,12:33,お茶,飲料,130
16,1197,2026-04-13,12:33,コーヒー,飲料,160
16,1197,2026-04-13,12:33,パン,食事,180
17,1059,2026-04-13,12:36,お茶,飲料,130
17,1059,2026-04-13,12:36,弁当,食事,500
18,1044,2026-04-13,12:41,おにぎり,食事,150
18,1044,2026-04-13,12:41,お茶,飲料,130
18,1044,2026-04-13,12:41,チョコレート,菓子,120
18,1044,2026-04-13,12:41,パン,食事,180
19,1050,2026-04-13,12:43,おにぎり,食事,150
19,1050,2026-04-13,12:43,お茶,飲料,130
20,1007,2026-04-13,12:47,お茶,飲料,130
20,1007,2026-04-13,12:47,弁当,食事,500
21,1062,2026-04-13,12:50,おにぎり,食事,150
21,1062,2026-04-13,12:50,お茶,飲料,130
22,1034,2026-04-13,13:11,弁当,食事,500
23,1045,2026-04-13,13:21,お茶,飲料,130
23,1045,2026-04-13,13:21,サンドイッチ,食事,320
24,1058,2026-04-13,13:26,おにぎり,食事,150
24,1058,2026-04-13,13:26,お茶,飲料,130
24,1058,2026-04-13,13:26,チョコレート,菓子,120
25,1035,2026-04-13,13:32,弁当,食事,500
26,1023,2026-04-13,13:37,おにぎり,食事,150
26,1023,2026-04-13,13:37,お茶,飲料,130
27,1032,2026-04-13,13:49,カップ麺,食事,220
27,1032,2026-04-13,13:49,ジュース,飲料,140
28,1014,2026-04-13,13:54,お茶,飲料,130
28,1014,2026-04-13,13:54,弁当,食事,500
29,1028,2026-04-13,13:54,お茶,飲料,130
29,1028,2026-04-13,13:54,弁当,食事,500
30,1064,2026-04-13,13:58,サンドイッチ,食事,320
30,1064,2026-04-13,13:58,ジュース,飲料,140
31,1114,2026-04-13,14:07,コーヒー,飲料,160
31,1114,2026-04-13,14:07,チョコレート,菓子,120
32,1086,2026-04-13,14:10,クッキー,菓子,180
32,1086,2026-04-13,14:10,コーヒー,飲料,160
33,1103,2026-04-13,14:18,コーヒー,飲料,160
34,1106,2026-04-13,14:22,クッキー,菓子,180
34,1106,2026-04-13,14:22,コーヒー,飲料,160
35,1088,2026-04-13,14:24,コーヒー,飲料,160
35,1088,2026-04-13,14:24,チョコレート,菓子,120
36,1075,2026-04-13,14:33,コーヒー,飲料,160
37,1096,2026-04-13,14:34,ガム,菓子,110
37,1096,2026-04-13,14:34,クッキー,菓子,180
37,1096,2026-04-13,14:34,コーヒー,飲料,160
37,1096,2026-04-13,14:34,パン,食事,180
38,1087,2026-04-13,14:35,クッキー,菓子,180
38,1087,2026-04-13,14:35,コーヒー,飲料,160
39,1076,2026-04-13,14:42,クッキー,菓子,180
39,1076,2026-04-13,14:42,コーヒー,飲料,160
40,1094,2026-04-13,14:51,ジュース,飲料,140
41,1092,2026-04-13,15:14,コーヒー,飲料,160
41,1092,2026-04-13,15:14,パン,食事,180
42,1081,2026-04-13,15:15,ガム,菓子,110
42,1081,2026-04-13,15:15,クッキー,菓子,180
42,1081,2026-04-13,15:15,コーヒー,飲料,160
43,1105,2026-04-13,15:16,コーヒー,飲料,160
44,1123,2026-04-13,15:33,クッキー,菓子,180
44,1123,2026-04-13,15:33,コーヒー,飲料,160
45,1110,2026-04-13,15:34,クッキー,菓子,180
45,1110,2026-04-13,15:34,コーヒー,飲料,160
46,1112,2026-04-13,15:47,クッキー,菓子,180
46,1112,2026-04-13,15:47,コーヒー,飲料,160
47,1122,2026-04-13,15:52,お茶,飲料,130
48,1125,2026-04-13,15:59,お茶,飲料,130
49,1080,2026-04-13,16:00,コーヒー,飲料,160
50,1084,2026-04-13,16:01,コーヒー,飲料,160
50,1084,2026-04-13,16:01,チョコレート,菓子,120
51,1134,2026-04-13,16:02,ボールペン,文具,120
51,1134,2026-04-13,16:02,ルーズリーフ,文具,350
52,1085,2026-04-13,16:07,クッキー,菓子,180
52,1085,2026-04-13,16:07,コーヒー,飲料,160
53,1117,2026-04-13,16:11,クッキー,菓子,180
53,1117,2026-04-13,16:11,コーヒー,飲料,160
54,1097,2026-04-13,16:12,クッキー,菓子,180
54,1097,2026-04-13,16:12,コーヒー,飲料,160
55,1185,2026-04-13,16:14,おにぎり,食事,150
55,1185,2026-04-13,16:14,お茶,飲料,130
55,1185,2026-04-13,16:14,コーヒー,飲料,160
55,1185,2026-04-13,16:14,サンドイッチ,食事,320
55,1185,2026-04-13,16:14,パン,食事,180
55,1185,2026-04-13,16:14,ボールペン,文具,120
55,1185,2026-04-13,16:14,弁当,食事,500
56,1083,2026-04-13,16:20,ガム,菓子,110
56,1083,2026-04-13,16:20,クッキー,菓子,180
56,1083,2026-04-13,16:20,コーヒー,飲料,160
57,1107,2026-04-13,16:21,コーヒー,飲料,160
58,1109,2026-04-13,16:22,ガム,菓子,110
58,1109,2026-04-13,16:22,コーヒー,飲料,160
58,1109,2026-04-13,16:22,チョコレート,菓子,120
58,1109,2026-04-13,16:22,パン,食事,180
59,1100,2026-04-13,16:26,クッキー,菓子,180
59,1100,2026-04-13,16:26,コーヒー,飲料,160
60,1079,2026-04-13,16:28,クッキー,菓子,180
60,1079,2026-04-13,16:28,コーヒー,飲料,160
60,1079,2026-04-13,16:28,パン,食事,180
61,1119,2026-04-13,16:33,コーヒー,飲料,160
62,1111,2026-04-13,16:37,コーヒー,飲料,160
63,1077,2026-04-13,16:45,お茶,飲料,130
64,1120,2026-04-13,16:49,コーヒー,飲料,160
65,1093,2026-04-13,17:12,ジュース,飲料,140
66,1101,2026-04-13,17:13,コーヒー,飲料,160
67,1118,2026-04-13,17:18,クッキー,菓子,180
67,1118,2026-04-13,17:18,コーヒー,飲料,160
68,1129,2026-04-13,17:18,消しゴム,文具,100
69,1089,2026-04-13,17:32,コーヒー,飲料,160
69,1089,2026-04-13,17:32,チョコレート,菓子,120
70,1082,2026-04-13,17:45,ガム,菓子,110
70,1082,2026-04-13,17:45,コーヒー,飲料,160
70,1082,2026-04-13,17:45,パン,食事,180
71,1071,2026-04-13,17:55,お茶,飲料,130
71,1071,2026-04-13,17:55,パン,食事,180
72,1113,2026-04-13,17:56,お茶,飲料,130
73,1108,2026-04-13,17:57,クッキー,菓子,180
73,1108,2026-04-13,17:57,コーヒー,飲料,160
74,1189,2026-04-13,18:08,おにぎり,食事,150
74,1189,2026-04-13,18:08,コーヒー,飲料,160
74,1189,2026-04-13,18:08,ジュース,飲料,140
74,1189,2026-04-13,18:08,弁当,食事,500
74,1189,2026-04-13,18:08,消しゴム,文具,100
75,1192,2026-04-13,18:22,おにぎり,食事,150
75,1192,2026-04-13,18:22,お茶,飲料,130
75,1192,2026-04-13,18:22,サンドイッチ,食事,320
75,1192,2026-04-13,18:22,ジュース,飲料,140
75,1192,2026-04-13,18:22,チョコレート,菓子,120
75,1192,2026-04-13,18:22,ボールペン,文具,120
75,1192,2026-04-13,18:22,弁当,食事,500
75,1192,2026-04-13,18:22,消しゴム,文具,100
76,1200,2026-04-14,10:17,おにぎり,食事,150
76,1200,2026-04-14,10:17,カップ麺,食事,220
76,1200,2026-04-14,10:17,クッキー,菓子,180
76,1200,2026-04-14,10:17,コーヒー,飲料,160
76,1200,2026-04-14,10:17,サンドイッチ,食事,320
76,1200,2026-04-14,10:17,ジュース,飲料,140
76,1200,2026-04-14,10:17,ノート,文具,200
76,1200,2026-04-14,10:17,消しゴム,文具,100
77,1020,2026-04-14,11:22,ジュース,飲料,140
77,1020,2026-04-14,11:22,弁当,食事,500
78,1010,2026-04-14,11:25,弁当,食事,500
79,1025,2026-04-14,11:25,お茶,飲料,130
79,1025,2026-04-14,11:25,弁当,食事,500
80,1026,2026-04-14,11:26,お茶,飲料,130
80,1026,2026-04-14,11:26,弁当,食事,500
81,1065,2026-04-14,11:34,お茶,飲料,130
81,1065,2026-04-14,11:34,サンドイッチ,食事,320
82,1036,2026-04-14,11:38,おにぎり,食事,150
82,1036,2026-04-14,11:38,お茶,飲料,130
82,1036,2026-04-14,11:38,パン,食事,180
83,1051,2026-04-14,11:41,お茶,飲料,130
83,1051,2026-04-14,11:41,カップ麺,食事,220
84,1068,2026-04-14,12:07,お茶,飲料,130
84,1068,2026-04-14,12:07,弁当,食事,500
85,1069,2026-04-14,12:19,お茶,飲料,130
85,1069,2026-04-14,12:19,弁当,食事,500
86,1029,2026-04-14,12:24,カップ麺,食事,220
87,1023,2026-04-14,12:30,お茶,飲料,130
87,1023,2026-04-14,12:30,弁当,食事,500
88,1056,2026-04-14,12:34,おにぎり,食事,150
88,1056,2026-04-14,12:34,お茶,飲料,130
88,1056,2026-04-14,12:34,パン,食事,180
89,1021,2026-04-14,12:36,おにぎり,食事,150
89,1021,2026-04-14,12:36,お茶,飲料,130
89,1021,2026-04-14,12:36,パン,食事,180
90,1044,2026-04-14,12:36,お茶,飲料,130
90,1044,2026-04-14,12:36,カップ麺,食事,220
91,1017,2026-04-14,12:37,お茶,飲料,130
91,1017,2026-04-14,12:37,カップ麺,食事,220
92,1015,2026-04-14,12:38,お茶,飲料,130
92,1015,2026-04-14,12:38,弁当,食事,500
93,1031,2026-04-14,12:39,おにぎり,食事,150
93,1031,2026-04-14,12:39,お茶,飲料,130
94,1014,2026-04-14,12:45,おにぎり,食事,150
94,1014,2026-04-14,12:45,ジュース,飲料,140
95,1007,2026-04-14,12:49,おにぎり,食事,150
95,1007,2026-04-14,12:49,チョコレート,菓子,120
96,1040,2026-04-14,12:50,おにぎり,食事,150
96,1040,2026-04-14,12:50,お茶,飲料,130
96,1040,2026-04-14,12:50,パン,食事,180
97,1034,2026-04-14,13:03,お茶,飲料,130
97,1034,2026-04-14,13:03,弁当,食事,500
98,1058,2026-04-14,13:03,弁当,食事,500
99,1052,2026-04-14,13:04,お茶,飲料,130
99,1052,2026-04-14,13:04,弁当,食事,500
100,1050,2026-04-14,13:06,ジュース,飲料,140
100,1050,2026-04-14,13:06,弁当,食事,500
101,1011,2026-04-14,13:15,おにぎり,食事,150
101,1011,2026-04-14,13:15,お茶,飲料,130
101,1011,2026-04-14,13:15,チョコレート,菓子,120
102,1037,2026-04-14,13:15,お茶,飲料,130
102,1037,2026-04-14,13:15,弁当,食事,500
103,1186,2026-04-14,13:15,おにぎり,食事,150
103,1186,2026-04-14,13:15,お茶,飲料,130
103,1186,2026-04-14,13:15,カップ麺,食事,220
103,1186,2026-04-14,13:15,サンドイッチ,食事,320
103,1186,2026-04-14,13:15,ジュース,飲料,140
103,1186,2026-04-14,13:15,ノート,文具,200
103,1186,2026-04-14,13:15,ボールペン,文具,120
103,1186,2026-04-14,13:15,弁当,食事,500
104,1137,2026-04-14,13:16,お茶,飲料,130
104,1137,2026-04-14,13:16,ノート,文具,200
105,1060,2026-04-14,13:32,お茶,飲料,130
105,1060,2026-04-14,13:32,弁当,食事,500
106,1070,2026-04-14,13:37,お茶,飲料,130
106,1070,2026-04-14,13:37,サンドイッチ,食事,320
107,1002,2026-04-14,13:39,お茶,飲料,130
107,1002,2026-04-14,13:39,弁当,食事,500
108,1075,2026-04-14,14:12,クッキー,菓子,180
108,1075,2026-04-14,14:12,コーヒー,飲料,160
108,1075,2026-04-14,14:12,パン,食事,180
109,1081,2026-04-14,14:13,クッキー,菓子,180
109,1081,2026-04-14,14:13,コーヒー,飲料,160
110,1073,2026-04-14,14:21,クッキー,菓子,180
110,1073,2026-04-14,14:21,コーヒー,飲料,160
111,1098,2026-04-14,14:22,ガム,菓子,110
111,1098,2026-04-14,14:22,クッキー,菓子,180
111,1098,2026-04-14,14:22,コーヒー,飲料,160
112,1113,2026-04-14,14:23,クッキー,菓子,180
112,1113,2026-04-14,14:23,コーヒー,飲料,160
112,1113,2026-04-14,14:23,パン,食事,180
113,1097,2026-04-14,14:27,クッキー,菓子,180
113,1097,2026-04-14,14:27,コーヒー,飲料,160
114,1198,2026-04-14,14:27,お茶,飲料,130
114,1198,2026-04-14,14:27,ノート,文具,200
114,1198,2026-04-14,14:27,弁当,食事,500
115,1103,2026-04-14,14:30,ジュース,飲料,140
116,1106,2026-04-14,14:30,コーヒー,飲料,160
116,1106,2026-04-14,14:30,チョコレート,菓子,120
117,1114,2026-04-14,14:35,クッキー,菓子,180
117,1114,2026-04-14,14:35,コーヒー,飲料,160
118,1072,2026-04-14,14:37,コーヒー,飲料,160
119,1104,2026-04-14,14:39,コーヒー,飲料,160
120,1121,2026-04-14,14:46,クッキー,菓子,180
120,1121,2026-04-14,14:46,コーヒー,飲料,160
121,1099,2026-04-14,14:50,クッキー,菓子,180
121,1099,2026-04-14,14:50,コーヒー,飲料,160
122,1115,2026-04-14,14:58,クッキー,菓子,180
122,1115,2026-04-14,14:58,コーヒー,飲料,160
123,1091,2026-04-14,15:08,コーヒー,飲料,160
124,1082,2026-04-14,15:12,コーヒー,飲料,160
124,1082,2026-04-14,15:12,チョコレート,菓子,120
125,1120,2026-04-14,15:27,コーヒー,飲料,160
126,1107,2026-04-14,15:28,お茶,飲料,130
127,1079,2026-04-14,15:35,ジュース,飲料,140
128,1092,2026-04-14,15:39,クッキー,菓子,180
128,1092,2026-04-14,15:39,コーヒー,飲料,160
129,1101,2026-04-14,15:44,クッキー,菓子,180
129,1101,2026-04-14,15:44,コーヒー,飲料,160
130,1087,2026-04-14,15:45,コーヒー,飲料,160
131,1124,2026-04-14,15:47,お茶,飲料,130
131,1124,2026-04-14,15:47,チョコレート,菓子,120
132,1117,2026-04-14,15:48,コーヒー,飲料,160
133,1171,2026-04-14,15:48,おにぎり,食事,150
133,1171,2026-04-14,15:48,お茶,飲料,130
133,1171,2026-04-14,15:48,カップ麺,食事,220
133,1171,2026-04-14,15:48,コーヒー,飲料,160
133,1171,2026-04-14,15:48,サンドイッチ,食事,320
133,1171,2026-04-14,15:48,パン,食事,180
134,1105,2026-04-14,15:55,クッキー,菓子,180
134,1105,2026-04-14,15:55,コーヒー,飲料,160
135,1089,2026-04-14,16:05,クッキー,菓子,180
135,1089,2026-04-14,16:05,コーヒー,飲料,160
136,1100,2026-04-14,16:19,コーヒー,飲料,160
137,1110,2026-04-14,16:22,クッキー,菓子,180
137,1110,2026-04-14,16:22,コーヒー,飲料,160
138,1122,2026-04-14,16:34,コーヒー,飲料,160
138,1122,2026-04-14,16:34,パン,食事,180
139,1102,2026-04-14,16:37,コーヒー,飲料,160
139,1102,2026-04-14,16:37,チョコレート,菓子,120
140,1095,2026-04-14,16:43,コーヒー,飲料,160
140,1095,2026-04-14,16:43,チョコレート,菓子,120
141,1094,2026-04-14,16:51,クッキー,菓子,180
141,1094,2026-04-14,16:51,コーヒー,飲料,160
142,1125,2026-04-14,16:51,クッキー,菓子,180
142,1125,2026-04-14,16:51,コーヒー,飲料,160
143,1076,2026-04-14,16:54,クッキー,菓子,180
143,1076,2026-04-14,16:54,コーヒー,飲料,160
143,1076,2026-04-14,16:54,パン,食事,180
144,1077,2026-04-14,16:54,クッキー,菓子,180
144,1077,2026-04-14,16:54,コーヒー,飲料,160
145,1078,2026-04-14,17:00,クッキー,菓子,180
145,1078,2026-04-14,17:00,コーヒー,飲料,160
146,1088,2026-04-14,17:05,コーヒー,飲料,160
146,1088,2026-04-14,17:05,パン,食事,180
147,1109,2026-04-14,17:16,クッキー,菓子,180
147,1109,2026-04-14,17:16,コーヒー,飲料,160
148,1080,2026-04-14,17:20,コーヒー,飲料,160
149,1083,2026-04-14,17:27,クッキー,菓子,180
149,1083,2026-04-14,17:27,コーヒー,飲料,160
150,1119,2026-04-14,17:30,ガム,菓子,110
150,1119,2026-04-14,17:30,クッキー,菓子,180
150,1119,2026-04-14,17:30,コーヒー,飲料,160
151,1112,2026-04-14,17:31,クッキー,菓子,180
151,1112,2026-04-14,17:31,コーヒー,飲料,160
152,1111,2026-04-14,17:39,ジュース,飲料,140
153,1071,2026-04-14,17:43,クッキー,菓子,180
153,1071,2026-04-14,17:43,コーヒー,飲料,160
154,1156,2026-04-15,10:31,ノート,文具,200
154,1156,2026-04-15,10:31,ボールペン,文具,120
154,1156,2026-04-15,10:31,ルーズリーフ,文具,350
155,1181,2026-04-15,10:43,おにぎり,食事,150
155,1181,2026-04-15,10:43,お茶,飲料,130
155,1181,2026-04-15,10:43,クッキー,菓子,180
155,1181,2026-04-15,10:43,サンドイッチ,食事,320
155,1181,2026-04-15,10:43,ルーズリーフ,文具,350
155,1181,2026-04-15,10:43,弁当,食事,500
156,1196,2026-04-15,11:01,お茶,飲料,130
156,1196,2026-04-15,11:01,クッキー,菓子,180
156,1196,2026-04-15,11:01,コーヒー,飲料,160
156,1196,2026-04-15,11:01,チョコレート,菓子,120
156,1196,2026-04-15,11:01,パン,食事,180
156,1196,2026-04-15,11:01,弁当,食事,500
157,1035,2026-04-15,11:04,おにぎり,食事,150
157,1035,2026-04-15,11:04,お茶,飲料,130
158,1018,2026-04-15,11:13,おにぎり,食事,150
158,1018,2026-04-15,11:13,お茶,飲料,130
159,1062,2026-04-15,11:17,おにぎり,食事,150
159,1062,2026-04-15,11:17,ジュース,飲料,140
160,1021,2026-04-15,11:19,おにぎり,食事,150
160,1021,2026-04-15,11:19,パン,食事,180
161,1003,2026-04-15,11:28,おにぎり,食事,150
161,1003,2026-04-15,11:28,お茶,飲料,130
162,1053,2026-04-15,11:29,ジュース,飲料,140
162,1053,2026-04-15,11:29,弁当,食事,500
163,1015,2026-04-15,11:35,お茶,飲料,130
163,1015,2026-04-15,11:35,弁当,食事,500
164,1004,2026-04-15,11:45,ジュース,飲料,140
164,1004,2026-04-15,11:45,弁当,食事,500
165,1064,2026-04-15,11:47,お茶,飲料,130
165,1064,2026-04-15,11:47,弁当,食事,500
166,1016,2026-04-15,11:48,弁当,食事,500
167,1002,2026-04-15,12:04,弁当,食事,500
168,1028,2026-04-15,12:15,弁当,食事,500
169,1059,2026-04-15,12:17,おにぎり,食事,150
169,1059,2026-04-15,12:17,お茶,飲料,130
169,1059,2026-04-15,12:17,チョコレート,菓子,120
170,1057,2026-04-15,12:18,おにぎり,食事,150
170,1057,2026-04-15,12:18,お茶,飲料,130
170,1057,2026-04-15,12:18,パン,食事,180
171,1070,2026-04-15,12:24,カップ麺,食事,220
171,1070,2026-04-15,12:24,ジュース,飲料,140
172,1020,2026-04-15,12:28,おにぎり,食事,150
172,1020,2026-04-15,12:28,お茶,飲料,130
173,1061,2026-04-15,12:30,おにぎり,食事,150
174,1024,2026-04-15,12:35,弁当,食事,500
175,1052,2026-04-15,12:52,お茶,飲料,130
175,1052,2026-04-15,12:52,弁当,食事,500
176,1008,2026-04-15,13:05,おにぎり,食事,150
176,1008,2026-04-15,13:05,お茶,飲料,130
176,1008,2026-04-15,13:05,パン,食事,180
177,1060,2026-04-15,13:05,おにぎり,食事,150
177,1060,2026-04-15,13:05,お茶,飲料,130
178,1197,2026-04-15,13:17,お茶,飲料,130
178,1197,2026-04-15,13:17,クッキー,菓子,180
178,1197,2026-04-15,13:17,コーヒー,飲料,160
178,1197,2026-04-15,13:17,弁当,食事,500
179,1037,2026-04-15,13:29,お茶,飲料,130
179,1037,2026-04-15,13:29,弁当,食事,500
180,1025,2026-04-15,13:32,サンドイッチ,食事,320
181,1200,2026-04-15,13:32,おにぎり,食事,150
181,1200,2026-04-15,13:32,お茶,飲料,130
181,1200,2026-04-15,13:32,カップ麺,食事,220
181,1200,2026-04-15,13:32,ガム,菓子,110
181,1200,2026-04-15,13:32,クッキー,菓子,180
181,1200,2026-04-15,13:32,コーヒー,飲料,160
181,1200,2026-04-15,13:32,サンドイッチ,食事,320
181,1200,2026-04-15,13:32,ジュース,飲料,140
181,1200,2026-04-15,13:32,弁当,食事,500
182,1050,2026-04-15,13:43,おにぎり,食事,150
182,1050,2026-04-15,13:43,お茶,飲料,130
182,1050,2026-04-15,13:43,チョコレート,菓子,120
183,1068,2026-04-15,13:56,ジュース,飲料,140
183,1068,2026-04-15,13:56,弁当,食事,500
184,1006,2026-04-15,13:58,おにぎり,食事,150
184,1006,2026-04-15,13:58,お茶,飲料,130
185,1123,2026-04-15,14:00,コーヒー,飲料,160
185,1123,2026-04-15,14:00,チョコレート,菓子,120
186,1071,2026-04-15,14:02,コーヒー,飲料,160
187,1083,2026-04-15,14:05,コーヒー,飲料,160
188,1078,2026-04-15,14:12,クッキー,菓子,180
188,1078,2026-04-15,14:12,コーヒー,飲料,160
189,1118,2026-04-15,14:14,ガム,菓子,110
189,1118,2026-04-15,14:14,コーヒー,飲料,160
189,1118,2026-04-15,14:14,チョコレート,菓子,120
190,1092,2026-04-15,14:20,クッキー,菓子,180
190,1092,2026-04-15,14:20,コーヒー,飲料,160
191,1072,2026-04-15,14:22,クッキー,菓子,180
191,1072,2026-04-15,14:22,コーヒー,飲料,160
192,1080,2026-04-15,14:32,ガム,菓子,110
192,1080,2026-04-15,14:32,コーヒー,飲料,160
192,1080,2026-04-15,14:32,パン,食事,180
193,1104,2026-04-15,14:33,コーヒー,飲料,160
194,1122,2026-04-15,14:37,ジュース,飲料,140
195,1112,2026-04-15,14:59,コーヒー,飲料,160
196,1089,2026-04-15,15:05,コーヒー,飲料,160
197,1107,2026-04-15,15:08,お茶,飲料,130
198,1098,2026-04-15,15:11,コーヒー,飲料,160
198,1098,2026-04-15,15:11,チョコレート,菓子,120
199,1110,2026-04-15,15:12,コーヒー,飲料,160
200,1087,2026-04-15,15:22,ジュース,飲料,140
200,1087,2026-04-15,15:22,チョコレート,菓子,120
201,1102,2026-04-15,15:24,クッキー,菓子,180
201,1102,2026-04-15,15:24,コーヒー,飲料,160
202,1082,2026-04-15,15:25,お茶,飲料,130
203,1119,2026-04-15,15:25,ガム,菓子,110
203,1119,2026-04-15,15:25,クッキー,菓子,180
203,1119,2026-04-15,15:25,コーヒー,飲料,160
204,1109,2026-04-15,15:27,クッキー,菓子,180
204,1109,2026-04-15,15:27,コーヒー,飲料,160
205,1152,2026-04-15,15:39,ボールペン,文具,120
205,1152,2026-04-15,15:39,ルーズリーフ,文具,350
206,1073,2026-04-15,15:40,クッキー,菓子,180
206,1073,2026-04-15,15:40,コーヒー,飲料,160
207,1101,2026-04-15,15:41,クッキー,菓子,180
207,1101,2026-04-15,15:41,コーヒー,飲料,160
208,1183,2026-04-15,15:50,おにぎり,食事,150
208,1183,2026-04-15,15:50,お茶,飲料,130
208,1183,2026-04-15,15:50,カップ麺,食事,220
208,1183,2026-04-15,15:50,コーヒー,飲料,160
208,1183,2026-04-15,15:50,パン,食事,180
208,1183,2026-04-15,15:50,弁当,食事,500
208,1183,2026-04-15,15:50,消しゴム,文具,100
209,1117,2026-04-15,15:56,コーヒー,飲料,160
209,1117,2026-04-15,15:56,チョコレート,菓子,120
210,1111,2026-04-15,15:58,ジュース,飲料,140
211,1075,2026-04-15,16:09,クッキー,菓子,180
211,1075,2026-04-15,16:09,コーヒー,飲料,160
212,1116,2026-04-15,16:34,お茶,飲料,130
212,1116,2026-04-15,16:34,チョコレート,菓子,120
213,1086,2026-04-15,16:44,コーヒー,飲料,160
213,1086,2026-04-15,16:44,チョコレート,菓子,120
214,1103,2026-04-15,16:44,コーヒー,飲料,160
215,1095,2026-04-15,16:53,コーヒー,飲料,160
215,1095,2026-04-15,16:53,チョコレート,菓子,120
216,1124,2026-04-15,16:58,コーヒー,飲料,160
217,1079,2026-04-15,16:59,お茶,飲料,130
218,1081,2026-04-15,16:59,ガム,菓子,110
218,1081,2026-04-15,16:59,コーヒー,飲料,160
219,1108,2026-04-15,17:03,クッキー,菓子,180
219,1108,2026-04-15,17:03,コーヒー,飲料,160
220,1121,2026-04-15,17:03,お茶,飲料,130
220,1121,2026-04-15,17:03,チョコレート,菓子,120
221,1094,2026-04-15,17:08,コーヒー,飲料,160
222,1076,2026-04-15,17:13,クッキー,菓子,180
222,1076,2026-04-15,17:13,コーヒー,飲料,160
223,1096,2026-04-15,17:26,コーヒー,飲料,160
224,1090,2026-04-15,17:27,クッキー,菓子,180
224,1090,2026-04-15,17:27,コーヒー,飲料,160
225,1115,2026-04-15,17:31,ジュース,飲料,140
226,1077,2026-04-15,17:32,コーヒー,飲料,160
226,1077,2026-04-15,17:32,パン,食事,180
227,1114,2026-04-15,17:40,クッキー,菓子,180
227,1114,2026-04-15,17:40,コーヒー,飲料,160
228,1106,2026-04-15,17:53,クッキー,菓子,180
228,1106,2026-04-15,17:53,コーヒー,飲料,160
228,1106,2026-04-15,17:53,パン,食事,180
229,1134,2026-04-16,10:42,ノート,文具,200
229,1134,2026-04-16,10:42,ボールペン,文具,120
230,1004,2026-04-16,11:14,おにぎり,食事,150
231,1029,2026-04-16,11:20,お茶,飲料,130
231,1029,2026-04-16,11:20,カップ麺,食事,220
232,1065,2026-04-16,11:28,ジュース,飲料,140
232,1065,2026-04-16,11:28,弁当,食事,500
233,1048,2026-04-16,11:31,お茶,飲料,130
233,1048,2026-04-16,11:31,弁当,食事,500
234,1007,2026-04-16,11:40,おにぎり,食事,150
234,1007,2026-04-16,11:40,お茶,飲料,130
234,1007,2026-04-16,11:40,パン,食事,180
235,1039,2026-04-16,11:47,お茶,飲料,130
235,1039,2026-04-16,11:47,カップ麺,食事,220
236,1153,2026-04-16,11:47,お茶,飲料,130
236,1153,2026-04-16,11:47,ノート,文具,200
236,1153,2026-04-16,11:47,消しゴム,文具,100
237,1168,2026-04-16,11:51,お茶,飲料,130
237,1168,2026-04-16,11:51,カップ麺,食事,220
237,1168,2026-04-16,11:51,コーヒー,飲料,160
237,1168,2026-04-16,11:51,サンドイッチ,食事,320
237,1168,2026-04-16,11:51,ジュース,飲料,140
237,1168,2026-04-16,11:51,チョコレート,菓子,120
237,1168,2026-04-16,11:51,パン,食事,180
237,1168,2026-04-16,11:51,ボールペン,文具,120
237,1168,2026-04-16,11:51,弁当,食事,500
237,1168,2026-04-16,11:51,消しゴム,文具,100
238,1009,2026-04-16,11:54,お茶,飲料,130
238,1009,2026-04-16,11:54,チョコレート,菓子,120
238,1009,2026-04-16,11:54,弁当,食事,500
239,1015,2026-04-16,12:00,弁当,食事,500
240,1163,2026-04-16,12:12,ルーズリーフ,文具,350
241,1051,2026-04-16,12:14,カップ麺,食事,220
241,1051,2026-04-16,12:14,ジュース,飲料,140
242,1013,2026-04-16,12:54,お茶,飲料,130
242,1013,2026-04-16,12:54,弁当,食事,500
243,1030,2026-04-16,12:57,カップ麺,食事,220
243,1030,2026-04-16,12:57,ジュース,飲料,140
244,1035,2026-04-16,13:03,お茶,飲料,130
244,1035,2026-04-16,13:03,サンドイッチ,食事,320
245,1043,2026-04-16,13:04,サンドイッチ,食事,320
246,1022,2026-04-16,13:15,弁当,食事,500
247,1012,2026-04-16,13:25,ジュース,飲料,140
247,1012,2026-04-16,13:25,弁当,食事,500
248,1014,2026-04-16,13:25,おにぎり,食事,150
248,1014,2026-04-16,13:25,パン,食事,180
249,1044,2026-04-16,13:25,弁当,食事,500
250,1006,2026-04-16,13:27,お茶,飲料,130
250,1006,2026-04-16,13:27,弁当,食事,500
251,1047,2026-04-16,13:30,お茶,飲料,130
251,1047,2026-04-16,13:30,弁当,食事,500
252,1008,2026-04-16,13:31,お茶,飲料,130
252,1008,2026-04-16,13:31,弁当,食事,500
253,1196,2026-04-16,13:42,クッキー,菓子,180
253,1196,2026-04-16,13:42,コーヒー,飲料,160
253,1196,2026-04-16,13:42,弁当,食事,500
254,1062,2026-04-16,13:48,ジュース,飲料,140
254,1062,2026-04-16,13:48,弁当,食事,500
255,1064,2026-04-16,13:50,サンドイッチ,食事,320
256,1033,2026-04-16,13:54,お茶,飲料,130
256,1033,2026-04-16,13:54,弁当,食事,500
257,1005,2026-04-16,13:55,おにぎり,食事,150
257,1005,2026-04-16,13:55,お茶,飲料,130
257,1005,2026-04-16,13:55,パン,食事,180
258,1110,2026-04-16,14:01,クッキー,菓子,180
258,1110,2026-04-16,14:01,コーヒー,飲料,160
259,1124,2026-04-16,14:03,クッキー,菓子,180
259,1124,2026-04-16,14:03,コーヒー,飲料,160
260,1098,2026-04-16,14:06,お茶,飲料,130
260,1098,2026-04-16,14:06,チョコレート,菓子,120
261,1173,2026-04-16,14:07,おにぎり,食事,150
261,1173,2026-04-16,14:07,カップ麺,食事,220
261,1173,2026-04-16,14:07,ジュース,飲料,140
261,1173,2026-04-16,14:07,チョコレート,菓子,120
261,1173,2026-04-16,14:07,ノート,文具,200
261,1173,2026-04-16,14:07,弁当,食事,500
262,1078,2026-04-16,14:09,お茶,飲料,130
263,1101,2026-04-16,14:11,クッキー,菓子,180
263,1101,2026-04-16,14:11,コーヒー,飲料,160
264,1076,2026-04-16,14:18,クッキー,菓子,180
264,1076,2026-04-16,14:18,コーヒー,飲料,160
265,1089,2026-04-16,14:19,ガム,菓子,110
265,1089,2026-04-16,14:19,クッキー,菓子,180
265,1089,2026-04-16,14:19,コーヒー,飲料,160
266,1122,2026-04-16,14:33,コーヒー,飲料,160
267,1100,2026-04-16,14:39,ジュース,飲料,140
268,1103,2026-04-16,14:40,コーヒー,飲料,160
268,1103,2026-04-16,14:40,チョコレート,菓子,120
268,1103,2026-04-16,14:40,パン,食事,180
269,1125,2026-04-16,14:40,クッキー,菓子,180
269,1125,2026-04-16,14:40,コーヒー,飲料,160
270,1097,2026-04-16,14:54,クッキー,菓子,180
270,1097,2026-04-16,14:54,コーヒー,飲料,160
271,1123,2026-04-16,14:54,クッキー,菓子,180
271,1123,2026-04-16,14:54,コーヒー,飲料,160
272,1109,2026-04-16,14:55,コーヒー,飲料,160
273,1116,2026-04-16,15:28,コーヒー,飲料,160
274,1115,2026-04-16,15:40,ジュース,飲料,140
275,1118,2026-04-16,15:42,クッキー,菓子,180
275,1118,2026-04-16,15:42,コーヒー,飲料,160
276,1106,2026-04-16,15:43,クッキー,菓子,180
276,1106,2026-04-16,15:43,コーヒー,飲料,160
277,1088,2026-04-16,15:45,クッキー,菓子,180
277,1088,2026-04-16,15:45,コーヒー,飲料,160
278,1075,2026-04-16,16:02,コーヒー,飲料,160
279,1081,2026-04-16,16:09,クッキー,菓子,180
279,1081,2026-04-16,16:09,コーヒー,飲料,160
280,1175,2026-04-16,16:12,カップ麺,食事,220
280,1175,2026-04-16,16:12,ガム,菓子,110
280,1175,2026-04-16,16:12,サンドイッチ,食事,320
280,1175,2026-04-16,16:12,ジュース,飲料,140
280,1175,2026-04-16,16:12,チョコレート,菓子,120
280,1175,2026-04-16,16:12,ボールペン,文具,120
281,1080,2026-04-16,16:15,コーヒー,飲料,160
281,1080,2026-04-16,16:15,チョコレート,菓子,120
282,1091,2026-04-16,16:26,コーヒー,飲料,160
283,1072,2026-04-16,16:31,クッキー,菓子,180
283,1072,2026-04-16,16:31,コーヒー,飲料,160
284,1071,2026-04-16,16:33,クッキー,菓子,180
284,1071,2026-04-16,16:33,コーヒー,飲料,160
285,1096,2026-04-16,16:34,ガム,菓子,110
285,1096,2026-04-16,16:34,コーヒー,飲料,160
285,1096,2026-04-16,16:34,チョコレート,菓子,120
285,1096,2026-04-16,16:34,パン,食事,180
286,1077,2026-04-16,16:45,コーヒー,飲料,160
286,1077,2026-04-16,16:45,パン,食事,180
287,1102,2026-04-16,16:46,コーヒー,飲料,160
287,1102,2026-04-16,16:46,チョコレート,菓子,120
288,1073,2026-04-16,16:51,コーヒー,飲料,160
289,1114,2026-04-16,16:52,ガム,菓子,110
289,1114,2026-04-16,16:52,コーヒー,飲料,160
290,1085,2026-04-16,16:53,クッキー,菓子,180
290,1085,2026-04-16,16:53,コーヒー,飲料,160
290,1085,2026-04-16,16:53,パン,食事,180
291,1093,2026-04-16,16:55,クッキー,菓子,180
291,1093,2026-04-16,16:55,コーヒー,飲料,160
291,1093,2026-04-16,16:55,パン,食事,180
292,1092,2026-04-16,17:10,ガム,菓子,110
292,1092,2026-04-16,17:10,ジュース,飲料,140
293,1086,2026-04-16,17:12,クッキー,菓子,180
293,1086,2026-04-16,17:12,コーヒー,飲料,160
294,1087,2026-04-16,17:32,クッキー,菓子,180
294,1087,2026-04-16,17:32,コーヒー,飲料,160
295,1113,2026-04-16,17:33,お茶,飲料,130
295,1113,2026-04-16,17:33,チョコレート,菓子,120
296,1108,2026-04-16,17:38,コーヒー,飲料,160
296,1108,2026-04-16,17:38,チョコレート,菓子,120
296,1108,2026-04-16,17:38,パン,食事,180
297,1112,2026-04-16,17:58,クッキー,菓子,180
297,1112,2026-04-16,17:58,コーヒー,飲料,160
298,1171,2026-04-16,18:16,おにぎり,食事,150
298,1171,2026-04-16,18:16,お茶,飲料,130
298,1171,2026-04-16,18:16,カップ麺,食事,220
298,1171,2026-04-16,18:16,クッキー,菓子,180
298,1171,2026-04-16,18:16,ジュース,飲料,140
298,1171,2026-04-16,18:16,チョコレート,菓子,120
298,1171,2026-04-16,18:16,消しゴム,文具,100
299,1139,2026-04-17,10:47,ノート,文具,200
299,1139,2026-04-17,10:47,ルーズリーフ,文具,350
300,1161,2026-04-17,10:51,ノート,文具,200
300,1161,2026-04-17,10:51,ボールペン,文具,120
300,1161,2026-04-17,10:51,ルーズリーフ,文具,350
301,1019,2026-04-17,11:01,おにぎり,食事,150
301,1019,2026-04-17,11:01,お茶,飲料,130
302,1013,2026-04-17,11:04,おにぎり,食事,150
302,1013,2026-04-17,11:04,ジュース,飲料,140
303,1031,2026-04-17,11:13,弁当,食事,500
304,1033,2026-04-17,11:22,お茶,飲料,130
304,1033,2026-04-17,11:22,弁当,食事,500
305,1057,2026-04-17,11:31,おにぎり,食事,150
306,1003,2026-04-17,11:34,おにぎり,食事,150
306,1003,2026-04-17,11:34,ジュース,飲料,140
307,1065,2026-04-17,11:51,カップ麺,食事,220
307,1065,2026-04-17,11:51,ジュース,飲料,140
308,1041,2026-04-17,12:00,お茶,飲料,130
308,1041,2026-04-17,12:00,サンドイッチ,食事,320
309,1016,2026-04-17,12:01,おにぎり,食事,150
309,1016,2026-04-17,12:01,お茶,飲料,130
309,1016,2026-04-17,12:01,パン,食事,180
310,1068,2026-04-17,12:15,ジュース,飲料,140
310,1068,2026-04-17,12:15,弁当,食事,500
311,1186,2026-04-17,12:15,お茶,飲料,130
311,1186,2026-04-17,12:15,カップ麺,食事,220
311,1186,2026-04-17,12:15,クッキー,菓子,180
311,1186,2026-04-17,12:15,コーヒー,飲料,160
311,1186,2026-04-17,12:15,サンドイッチ,食事,320
311,1186,2026-04-17,12:15,ジュース,飲料,140
311,1186,2026-04-17,12:15,チョコレート,菓子,120
311,1186,2026-04-17,12:15,ボールペン,文具,120
311,1186,2026-04-17,12:15,弁当,食事,500
312,1046,2026-04-17,12:23,おにぎり,食事,150
312,1046,2026-04-17,12:23,お茶,飲料,130
313,1029,2026-04-17,12:25,お茶,飲料,130
313,1029,2026-04-17,12:25,カップ麺,食事,220
314,1037,2026-04-17,12:34,お茶,飲料,130
314,1037,2026-04-17,12:34,弁当,食事,500
315,1053,2026-04-17,12:39,弁当,食事,500
316,1004,2026-04-17,12:41,おにぎり,食事,150
316,1004,2026-04-17,12:41,ジュース,飲料,140
317,1011,2026-04-17,12:41,お茶,飲料,130
317,1011,2026-04-17,12:41,弁当,食事,500
318,1012,2026-04-17,12:42,お茶,飲料,130
318,1012,2026-04-17,12:42,弁当,食事,500
319,1006,2026-04-17,12:43,お茶,飲料,130
319,1006,2026-04-17,12:43,弁当,食事,500
320,1022,2026-04-17,12:43,お茶,飲料,130
320,1022,2026-04-17,12:43,弁当,食事,500
321,1035,2026-04-17,12:45,お茶,飲料,130
321,1035,2026-04-17,12:45,弁当,食事,500
322,1039,2026-04-17,12:49,カップ麺,食事,220
322,1039,2026-04-17,12:49,ジュース,飲料,140
323,1052,2026-04-17,12:55,サンドイッチ,食事,320
323,1052,2026-04-17,12:55,チョコレート,菓子,120
324,1001,2026-04-17,12:57,お茶,飲料,130
324,1001,2026-04-17,12:57,弁当,食事,500
325,1032,2026-04-17,12:59,おにぎり,食事,150
325,1032,2026-04-17,12:59,お茶,飲料,130
326,1044,2026-04-17,13:00,おにぎり,食事,150
326,1044,2026-04-17,13:00,お茶,飲料,130
326,1044,2026-04-17,13:00,チョコレート,菓子,120
327,1020,2026-04-17,13:03,弁当,食事,500
328,1027,2026-04-17,13:08,お茶,飲料,130
328,1027,2026-04-17,13:08,弁当,食事,500
329,1034,2026-04-17,13:13,お茶,飲料,130
329,1034,2026-04-17,13:13,弁当,食事,500
330,1058,2026-04-17,13:14,おにぎり,食事,150
330,1058,2026-04-17,13:14,お茶,飲料,130
330,1058,2026-04-17,13:14,チョコレート,菓子,120
331,1060,2026-04-17,13:15,お茶,飲料,130
331,1060,2026-04-17,13:15,弁当,食事,500
332,1049,2026-04-17,13:17,おにぎり,食事,150
332,1049,2026-04-17,13:17,パン,食事,180
333,1196,2026-04-17,13:25,コーヒー,飲料,160
333,1196,2026-04-17,13:25,ジュース,飲料,140
333,1196,2026-04-17,13:25,弁当,食事,500
334,1062,2026-04-17,13:27,カップ麺,食事,220
334,1062,2026-04-17,13:27,ジュース,飲料,140
335,1197,2026-04-17,13:33,おにぎり,食事,150
335,1197,2026-04-17,13:33,お茶,飲料,130
335,1197,2026-04-17,13:33,コーヒー,飲料,160
335,1197,2026-04-17,13:33,パン,食事,180
336,1070,2026-04-17,13:34,おにぎり,食事,150
336,1070,2026-04-17,13:34,お茶,飲料,130
337,1063,2026-04-17,13:35,お茶,飲料,130
337,1063,2026-04-17,13:35,弁当,食事,500
338,1018,2026-04-17,13:36,おにぎり,食事,150
338,1018,2026-04-17,13:36,お茶,飲料,130
338,1018,2026-04-17,13:36,パン,食事,180
339,1005,2026-04-17,13:39,お茶,飲料,130
339,1005,2026-04-17,13:39,チョコレート,菓子,120
339,1005,2026-04-17,13:39,弁当,食事,500
340,1069,2026-04-17,13:43,おにぎり,食事,150
340,1069,2026-04-17,13:43,お茶,飲料,130
341,1077,2026-04-17,14:07,コーヒー,飲料,160
341,1077,2026-04-17,14:07,チョコレート,菓子,120
342,1112,2026-04-17,14:13,クッキー,菓子,180
342,1112,2026-04-17,14:13,コーヒー,飲料,160
343,1124,2026-04-17,14:14,クッキー,菓子,180
343,1124,2026-04-17,14:14,コーヒー,飲料,160
344,1080,2026-04-17,14:19,コーヒー,飲料,160
344,1080,2026-04-17,14:19,チョコレート,菓子,120
345,1100,2026-04-17,14:24,コーヒー,飲料,160
346,1119,2026-04-17,14:27,クッキー,菓子,180
346,1119,2026-04-17,14:27,コーヒー,飲料,160
347,1179,2026-04-17,14:30,おにぎり,食事,150
347,1179,2026-04-17,14:30,お茶,飲料,130
347,1179,2026-04-17,14:30,カップ麺,食事,220
347,1179,2026-04-17,14:30,クッキー,菓子,180
347,1179,2026-04-17,14:30,コーヒー,飲料,160
347,1179,2026-04-17,14:30,サンドイッチ,食事,320
347,1179,2026-04-17,14:30,ジュース,飲料,140
347,1179,2026-04-17,14:30,ボールペン,文具,120
347,1179,2026-04-17,14:30,消しゴム,文具,100
348,1164,2026-04-17,14:32,お茶,飲料,130
348,1164,2026-04-17,14:32,ノート,文具,200
348,1164,2026-04-17,14:32,ボールペン,文具,120
348,1164,2026-04-17,14:32,ルーズリーフ,文具,350
349,1093,2026-04-17,14:35,コーヒー,飲料,160
349,1093,2026-04-17,14:35,パン,食事,180
350,1125,2026-04-17,14:39,クッキー,菓子,180
350,1125,2026-04-17,14:39,コーヒー,飲料,160
351,1121,2026-04-17,14:49,クッキー,菓子,180
351,1121,2026-04-17,14:49,コーヒー,飲料,160
352,1102,2026-04-17,14:54,コーヒー,飲料,160
352,1102,2026-04-17,14:54,チョコレート,菓子,120
353,1082,2026-04-17,14:56,クッキー,菓子,180
353,1082,2026-04-17,14:56,コーヒー,飲料,160
353,1082,2026-04-17,14:56,パン,食事,180
354,1092,2026-04-17,15:04,コーヒー,飲料,160
354,1092,2026-04-17,15:04,チョコレート,菓子,120
355,1199,2026-04-17,15:06,ルーズリーフ,文具,350
355,1199,2026-04-17,15:06,弁当,食事,500
356,1083,2026-04-17,15:09,クッキー,菓子,180
356,1083,2026-04-17,15:09,コーヒー,飲料,160
357,1095,2026-04-17,15:10,コーヒー,飲料,160
357,1095,2026-04-17,15:10,チョコレート,菓子,120
358,1090,2026-04-17,15:12,クッキー,菓子,180
358,1090,2026-04-17,15:12,コーヒー,飲料,160
359,1176,2026-04-17,15:19,カップ麺,食事,220
359,1176,2026-04-17,15:19,クッキー,菓子,180
359,1176,2026-04-17,15:19,コーヒー,飲料,160
359,1176,2026-04-17,15:19,チョコレート,菓子,120
359,1176,2026-04-17,15:19,パン,食事,180
359,1176,2026-04-17,15:19,ボールペン,文具,120
359,1176,2026-04-17,15:19,ルーズリーフ,文具,350
359,1176,2026-04-17,15:19,弁当,食事,500
360,1079,2026-04-17,15:21,コーヒー,飲料,160
361,1117,2026-04-17,15:21,ジュース,飲料,140
361,1117,2026-04-17,15:21,チョコレート,菓子,120
362,1134,2026-04-17,15:23,お茶,飲料,130
362,1134,2026-04-17,15:23,ルーズリーフ,文具,350
363,1086,2026-04-17,15:38,クッキー,菓子,180
363,1086,2026-04-17,15:38,コーヒー,飲料,160
364,1071,2026-04-17,15:48,クッキー,菓子,180
364,1071,2026-04-17,15:48,コーヒー,飲料,160
365,1081,2026-04-17,15:55,お茶,飲料,130
365,1081,2026-04-17,15:55,パン,食事,180
366,1072,2026-04-17,15:59,コーヒー,飲料,160
366,1072,2026-04-17,15:59,チョコレート,菓子,120
367,1123,2026-04-17,16:11,クッキー,菓子,180
367,1123,2026-04-17,16:11,コーヒー,飲料,160
368,1104,2026-04-17,16:16,ガム,菓子,110
368,1104,2026-04-17,16:16,コーヒー,飲料,160
369,1120,2026-04-17,16:17,コーヒー,飲料,160
370,1113,2026-04-17,16:21,コーヒー,飲料,160
370,1113,2026-04-17,16:21,チョコレート,菓子,120
371,1084,2026-04-17,16:25,クッキー,菓子,180
371,1084,2026-04-17,16:25,コーヒー,飲料,160
372,1118,2026-04-17,16:25,クッキー,菓子,180
372,1118,2026-04-17,16:25,コーヒー,飲料,160
373,1085,2026-04-17,16:29,クッキー,菓子,180
373,1085,2026-04-17,16:29,コーヒー,飲料,160
374,1111,2026-04-17,16:34,クッキー,菓子,180
374,1111,2026-04-17,16:34,コーヒー,飲料,160
375,1110,2026-04-17,16:35,クッキー,菓子,180
375,1110,2026-04-17,16:35,コーヒー,飲料,160
376,1076,2026-04-17,16:37,コーヒー,飲料,160
377,1075,2026-04-17,16:39,クッキー,菓子,180
377,1075,2026-04-17,16:39,コーヒー,飲料,160
377,1075,2026-04-17,16:39,パン,食事,180
378,1114,2026-04-17,16:49,お茶,飲料,130
378,1114,2026-04-17,16:49,チョコレート,菓子,120
379,1105,2026-04-17,16:58,クッキー,菓子,180
379,1105,2026-04-17,16:58,コーヒー,飲料,160
380,1078,2026-04-17,16:59,コーヒー,飲料,160
380,1078,2026-04-17,16:59,チョコレート,菓子,120
381,1115,2026-04-17,17:08,コーヒー,飲料,160
382,1107,2026-04-17,17:19,コーヒー,飲料,160
383,1122,2026-04-17,17:20,コーヒー,飲料,160
383,1122,2026-04-17,17:20,チョコレート,菓子,120
384,1108,2026-04-17,17:30,コーヒー,飲料,160
385,1101,2026-04-17,17:48,コーヒー,飲料,160
386,1091,2026-04-17,17:55,クッキー,菓子,180
386,1091,2026-04-17,17:55,コーヒー,飲料,160
387,1094,2026-04-17,17:57,クッキー,菓子,180
387,1094,2026-04-17,17:57,コーヒー,飲料,160
388,1192,2026-04-17,18:25,おにぎり,食事,150
388,1192,2026-04-17,18:25,お茶,飲料,130
388,1192,2026-04-17,18:25,カップ麺,食事,220
388,1192,2026-04-17,18:25,クッキー,菓子,180
388,1192,2026-04-17,18:25,コーヒー,飲料,160
388,1192,2026-04-17,18:25,ジュース,飲料,140
388,1192,2026-04-17,18:25,チョコレート,菓子,120
389,1009,2026-04-20,11:07,お茶,飲料,130
389,1009,2026-04-20,11:07,弁当,食事,500
390,1055,2026-04-20,11:07,おにぎり,食事,150
390,1055,2026-04-20,11:07,パン,食事,180
391,1045,2026-04-20,11:18,お茶,飲料,130
391,1045,2026-04-20,11:18,チョコレート,菓子,120
391,1045,2026-04-20,11:18,弁当,食事,500
392,1027,2026-04-20,11:21,おにぎり,食事,150
392,1027,2026-04-20,11:21,お茶,飲料,130
392,1027,2026-04-20,11:21,パン,食事,180
393,1197,2026-04-20,11:30,カップ麺,食事,220
393,1197,2026-04-20,11:30,ガム,菓子,110
393,1197,2026-04-20,11:30,コーヒー,飲料,160
393,1197,2026-04-20,11:30,ジュース,飲料,140
393,1197,2026-04-20,11:30,チョコレート,菓子,120
394,1002,2026-04-20,11:33,弁当,食事,500
395,1069,2026-04-20,11:36,チョコレート,菓子,120
395,1069,2026-04-20,11:36,弁当,食事,500
396,1007,2026-04-20,11:40,お茶,飲料,130
396,1007,2026-04-20,11:40,弁当,食事,500
397,1024,2026-04-20,11:49,お茶,飲料,130
397,1024,2026-04-20,11:49,サンドイッチ,食事,320
398,1057,2026-04-20,11:51,ジュース,飲料,140
398,1057,2026-04-20,11:51,弁当,食事,500
399,1025,2026-04-20,11:53,カップ麺,食事,220
400,1013,2026-04-20,12:16,カップ麺,食事,220
401,1068,2026-04-20,12:16,おにぎり,食事,150
401,1068,2026-04-20,12:16,お茶,飲料,130
402,1070,2026-04-20,12:17,弁当,食事,500
403,1041,2026-04-20,12:19,カップ麺,食事,220
403,1041,2026-04-20,12:19,ジュース,飲料,140
403,1041,2026-04-20,12:19,チョコレート,菓子,120
404,1019,2026-04-20,12:27,カップ麺,食事,220
405,1064,2026-04-20,12:32,お茶,飲料,130
405,1064,2026-04-20,12:32,サンドイッチ,食事,320
406,1005,2026-04-20,12:33,おにぎり,食事,150
406,1005,2026-04-20,12:33,パン,食事,180
407,1020,2026-04-20,12:39,お茶,飲料,130
407,1020,2026-04-20,12:39,カップ麺,食事,220
408,1023,2026-04-20,12:39,弁当,食事,500
409,1061,2026-04-20,12:48,弁当,食事,500
410,1040,2026-04-20,12:53,おにぎり,食事,150
411,1015,2026-04-20,12:56,お茶,飲料,130
411,1015,2026-04-20,12:56,弁当,食事,500
412,1037,2026-04-20,13:07,お茶,飲料,130
412,1037,2026-04-20,13:07,カップ麺,食事,220
413,1034,2026-04-20,13:12,おにぎり,食事,150
413,1034,2026-04-20,13:12,お茶,飲料,130
414,1058,2026-04-20,13:14,おにぎり,食事,150
415,1054,2026-04-20,13:15,ジュース,飲料,140
415,1054,2026-04-20,13:15,弁当,食事,500
416,1164,2026-04-20,13:15,ノート,文具,200
416,1164,2026-04-20,13:15,ボールペン,文具,120
416,1164,2026-04-20,13:15,消しゴム,文具,100
417,1031,2026-04-20,13:23,お茶,飲料,130
417,1031,2026-04-20,13:23,弁当,食事,500
418,1062,2026-04-20,13:27,ジュース,飲料,140
418,1062,2026-04-20,13:27,弁当,食事,500
419,1035,2026-04-20,13:37,お茶,飲料,130
419,1035,2026-04-20,13:37,弁当,食事,500
420,1038,2026-04-20,13:38,おにぎり,食事,150
420,1038,2026-04-20,13:38,お茶,飲料,130
420,1038,2026-04-20,13:38,チョコレート,菓子,120
421,1046,2026-04-20,13:42,おにぎり,食事,150
421,1046,2026-04-20,13:42,ジュース,飲料,140
422,1088,2026-04-20,14:21,クッキー,菓子,180
422,1088,2026-04-20,14:21,コーヒー,飲料,160
423,1180,2026-04-20,14:21,カップ麺,食事,220
423,1180,2026-04-20,14:21,コーヒー,飲料,160
423,1180,2026-04-20,14:21,サンドイッチ,食事,320
423,1180,2026-04-20,14:21,ジュース,飲料,140
423,1180,2026-04-20,14:21,パン,食事,180
423,1180,2026-04-20,14:21,ボールペン,文具,120
424,1102,2026-04-20,14:22,クッキー,菓子,180
424,1102,2026-04-20,14:22,コーヒー,飲料,160
425,1072,2026-04-20,14:25,クッキー,菓子,180
425,1072,2026-04-20,14:25,コーヒー,飲料,160
425,1072,2026-04-20,14:25,パン,食事,180
426,1111,2026-04-20,14:26,お茶,飲料,130
426,1111,2026-04-20,14:26,チョコレート,菓子,120
427,1121,2026-04-20,14:28,クッキー,菓子,180
427,1121,2026-04-20,14:28,コーヒー,飲料,160
428,1118,2026-04-20,14:36,クッキー,菓子,180
428,1118,2026-04-20,14:36,コーヒー,飲料,160
428,1118,2026-04-20,14:36,パン,食事,180
429,1076,2026-04-20,14:39,ガム,菓子,110
429,1076,2026-04-20,14:39,クッキー,菓子,180
429,1076,2026-04-20,14:39,コーヒー,飲料,160
430,1079,2026-04-20,14:42,ガム,菓子,110
430,1079,2026-04-20,14:42,クッキー,菓子,180
430,1079,2026-04-20,14:42,コーヒー,飲料,160
430,1079,2026-04-20,14:42,パン,食事,180
431,1101,2026-04-20,15:01,コーヒー,飲料,160
432,1112,2026-04-20,15:21,コーヒー,飲料,160
432,1112,2026-04-20,15:21,パン,食事,180
433,1086,2026-04-20,15:28,クッキー,菓子,180
433,1086,2026-04-20,15:28,コーヒー,飲料,160
434,1087,2026-04-20,15:34,コーヒー,飲料,160
434,1087,2026-04-20,15:34,チョコレート,菓子,120
435,1103,2026-04-20,15:34,ジュース,飲料,140
436,1089,2026-04-20,15:38,クッキー,菓子,180
436,1089,2026-04-20,15:38,コーヒー,飲料,160
437,1106,2026-04-20,15:39,コーヒー,飲料,160
437,1106,2026-04-20,15:39,チョコレート,菓子,120
438,1073,2026-04-20,15:44,ジュース,飲料,140
438,1073,2026-04-20,15:44,チョコレート,菓子,120
439,1090,2026-04-20,15:45,クッキー,菓子,180
439,1090,2026-04-20,15:45,コーヒー,飲料,160
439,1090,2026-04-20,15:45,パン,食事,180
440,1099,2026-04-20,15:52,コーヒー,飲料,160
441,1109,2026-04-20,15:52,クッキー,菓子,180
441,1109,2026-04-20,15:52,コーヒー,飲料,160
442,1094,2026-04-20,16:02,コーヒー,飲料,160
443,1125,2026-04-20,16:08,コーヒー,飲料,160
443,1125,2026-04-20,16:08,チョコレート,菓子,120
444,1083,2026-04-20,16:20,コーヒー,飲料,160
444,1083,2026-04-20,16:20,チョコレート,菓子,120
445,1120,2026-04-20,16:22,クッキー,菓子,180
445,1120,2026-04-20,16:22,コーヒー,飲料,160
446,1071,2026-04-20,16:26,コーヒー,飲料,160
446,1071,2026-04-20,16:26,パン,食事,180
447,1082,2026-04-20,16:26,クッキー,菓子,180
447,1082,2026-04-20,16:26,コーヒー,飲料,160
448,1124,2026-04-20,16:29,ガム,菓子,110
448,1124,2026-04-20,16:29,クッキー,菓子,180
448,1124,2026-04-20,16:29,コーヒー,飲料,160
449,1095,2026-04-20,16:30,ジュース,飲料,140
450,1084,2026-04-20,16:32,コーヒー,飲料,160
451,1075,2026-04-20,16:45,クッキー,菓子,180
451,1075,2026-04-20,16:45,コーヒー,飲料,160
452,1096,2026-04-20,16:47,コーヒー,飲料,160
453,1104,2026-04-20,16:49,コーヒー,飲料,160
453,1104,2026-04-20,16:49,チョコレート,菓子,120
454,1114,2026-04-20,16:54,ジュース,飲料,140
454,1114,2026-04-20,16:54,チョコレート,菓子,120
455,1136,2026-04-20,17:03,お茶,飲料,130
455,1136,2026-04-20,17:03,ルーズリーフ,文具,350
456,1078,2026-04-20,17:04,ガム,菓子,110
456,1078,2026-04-20,17:04,クッキー,菓子,180
456,1078,2026-04-20,17:04,コーヒー,飲料,160
457,1108,2026-04-20,17:07,コーヒー,飲料,160
458,1081,2026-04-20,17:22,コーヒー,飲料,160
458,1081,2026-04-20,17:22,チョコレート,菓子,120
459,1107,2026-04-20,17:33,クッキー,菓子,180
459,1107,2026-04-20,17:33,コーヒー,飲料,160
460,1123,2026-04-20,17:46,クッキー,菓子,180
460,1123,2026-04-20,17:46,コーヒー,飲料,160
461,1080,2026-04-20,17:49,クッキー,菓子,180
461,1080,2026-04-20,17:49,コーヒー,飲料,160
462,1200,2026-04-20,18:03,おにぎり,食事,150
462,1200,2026-04-20,18:03,カップ麺,食事,220
462,1200,2026-04-20,18:03,ガム,菓子,110
462,1200,2026-04-20,18:03,コーヒー,飲料,160
462,1200,2026-04-20,18:03,ジュース,飲料,140
462,1200,2026-04-20,18:03,チョコレート,菓子,120
462,1200,2026-04-20,18:03,パン,食事,180
462,1200,2026-04-20,18:03,ルーズリーフ,文具,350
462,1200,2026-04-20,18:03,弁当,食事,500
462,1200,2026-04-20,18:03,消しゴム,文具,100
463,1194,2026-04-20,18:22,おにぎり,食事,150
463,1194,2026-04-20,18:22,お茶,飲料,130
463,1194,2026-04-20,18:22,ガム,菓子,110
463,1194,2026-04-20,18:22,クッキー,菓子,180
463,1194,2026-04-20,18:22,チョコレート,菓子,120
463,1194,2026-04-20,18:22,パン,食事,180
463,1194,2026-04-20,18:22,ボールペン,文具,120
463,1194,2026-04-20,18:22,弁当,食事,500
464,1156,2026-04-21,09:37,お茶,飲料,130
464,1156,2026-04-21,09:37,ボールペン,文具,120
464,1156,2026-04-21,09:37,ルーズリーフ,文具,350
465,1200,2026-04-21,10:15,お茶,飲料,130
465,1200,2026-04-21,10:15,カップ麺,食事,220
465,1200,2026-04-21,10:15,クッキー,菓子,180
465,1200,2026-04-21,10:15,コーヒー,飲料,160
465,1200,2026-04-21,10:15,ジュース,飲料,140
465,1200,2026-04-21,10:15,チョコレート,菓子,120
465,1200,2026-04-21,10:15,パン,食事,180
465,1200,2026-04-21,10:15,ボールペン,文具,120
465,1200,2026-04-21,10:15,弁当,食事,500
466,1069,2026-04-21,11:03,弁当,食事,500
467,1039,2026-04-21,11:07,お茶,飲料,130
467,1039,2026-04-21,11:07,弁当,食事,500
468,1037,2026-04-21,11:10,お茶,飲料,130
468,1037,2026-04-21,11:10,サンドイッチ,食事,320
469,1057,2026-04-21,11:10,おにぎり,食事,150
469,1057,2026-04-21,11:10,お茶,飲料,130
470,1002,2026-04-21,11:16,お茶,飲料,130
470,1002,2026-04-21,11:16,チョコレート,菓子,120
470,1002,2026-04-21,11:16,弁当,食事,500
471,1030,2026-04-21,11:17,お茶,飲料,130
471,1030,2026-04-21,11:17,弁当,食事,500
472,1021,2026-04-21,11:18,おにぎり,食事,150
472,1021,2026-04-21,11:18,お茶,飲料,130
473,1040,2026-04-21,11:20,お茶,飲料,130
473,1040,2026-04-21,11:20,弁当,食事,500
474,1064,2026-04-21,11:23,ジュース,飲料,140
474,1064,2026-04-21,11:23,弁当,食事,500
475,1145,2026-04-21,11:26,ノート,文具,200
475,1145,2026-04-21,11:26,ボールペン,文具,120
476,1052,2026-04-21,11:30,チョコレート,菓子,120
476,1052,2026-04-21,11:30,弁当,食事,500
477,1034,2026-04-21,11:35,おにぎり,食事,150
477,1034,2026-04-21,11:35,お茶,飲料,130
477,1034,2026-04-21,11:35,パン,食事,180
478,1010,2026-04-21,11:48,おにぎり,食事,150
478,1010,2026-04-21,11:48,お茶,飲料,130
478,1010,2026-04-21,11:48,パン,食事,180
479,1033,2026-04-21,11:51,おにぎり,食事,150
479,1033,2026-04-21,11:51,お茶,飲料,130
479,1033,2026-04-21,11:51,パン,食事,180
480,1047,2026-04-21,11:52,チョコレート,菓子,120
480,1047,2026-04-21,11:52,弁当,食事,500
481,1048,2026-04-21,11:54,サンドイッチ,食事,320
482,1060,2026-04-21,11:55,カップ麺,食事,220
483,1029,2026-04-21,12:00,ジュース,飲料,140
483,1029,2026-04-21,12:00,弁当,食事,500
484,1046,2026-04-21,12:02,サンドイッチ,食事,320
484,1046,2026-04-21,12:02,ジュース,飲料,140
485,1012,2026-04-21,12:09,サンドイッチ,食事,320
485,1012,2026-04-21,12:09,ジュース,飲料,140
486,1018,2026-04-21,12:09,おにぎり,食事,150
486,1018,2026-04-21,12:09,ジュース,飲料,140
486,1018,2026-04-21,12:09,パン,食事,180
487,1059,2026-04-21,12:20,弁当,食事,500
488,1027,2026-04-21,12:26,サンドイッチ,食事,320
488,1027,2026-04-21,12:26,ジュース,飲料,140
489,1070,2026-04-21,12:28,おにぎり,食事,150
489,1070,2026-04-21,12:28,お茶,飲料,130
490,1045,2026-04-21,12:35,お茶,飲料,130
490,1045,2026-04-21,12:35,サンドイッチ,食事,320
491,1032,2026-04-21,12:36,カップ麺,食事,220
492,1066,2026-04-21,12:36,サンドイッチ,食事,320
493,1041,2026-04-21,12:37,お茶,飲料,130
493,1041,2026-04-21,12:37,弁当,食事,500
494,1067,2026-04-21,12:37,おにぎり,食事,150
494,1067,2026-04-21,12:37,お茶,飲料,130
494,1067,2026-04-21,12:37,チョコレート,菓子,120
494,1067,2026-04-21,12:37,パン,食事,180
495,1020,2026-04-21,12:46,弁当,食事,500
496,1006,2026-04-21,12:47,おにぎり,食事,150
496,1006,2026-04-21,12:47,パン,食事,180
497,1063,2026-04-21,12:51,お茶,飲料,130
497,1063,2026-04-21,12:51,弁当,食事,500
498,1035,2026-04-21,12:56,お茶,飲料,130
498,1035,2026-04-21,12:56,弁当,食事,500
499,1022,2026-04-21,13:01,ジュース,飲料,140
499,1022,2026-04-21,13:01,弁当,食事,500
500,1055,2026-04-21,13:07,サンドイッチ,食事,320
501,1036,2026-04-21,13:15,お茶,飲料,130
501,1036,2026-04-21,13:15,弁当,食事,500
502,1049,2026-04-21,13:15,お茶,飲料,130
502,1049,2026-04-21,13:15,弁当,食事,500
503,1001,2026-04-21,13:25,おにぎり,食事,150
503,1001,2026-04-21,13:25,パン,食事,180
504,1056,2026-04-21,13:30,お茶,飲料,130
504,1056,2026-04-21,13:30,弁当,食事,500
505,1014,2026-04-21,13:40,おにぎり,食事,150
505,1014,2026-04-21,13:40,お茶,飲料,130
506,1013,2026-04-21,13:42,弁当,食事,500
507,1058,2026-04-21,13:42,弁当,食事,500
508,1065,2026-04-21,13:48,おにぎり,食事,150
508,1065,2026-04-21,13:48,お茶,飲料,130
508,1065,2026-04-21,13:48,パン,食事,180
509,1081,2026-04-21,14:05,コーヒー,飲料,160
509,1081,2026-04-21,14:05,チョコレート,菓子,120
510,1116,2026-04-21,14:08,コーヒー,飲料,160
511,1115,2026-04-21,14:10,クッキー,菓子,180
511,1115,2026-04-21,14:10,コーヒー,飲料,160
512,1105,2026-04-21,14:11,コーヒー,飲料,160
512,1105,2026-04-21,14:11,チョコレート,菓子,120
513,1124,2026-04-21,14:11,コーヒー,飲料,160
513,1124,2026-04-21,14:11,チョコレート,菓子,120
513,1124,2026-04-21,14:11,パン,食事,180
514,1118,2026-04-21,14:25,クッキー,菓子,180
514,1118,2026-04-21,14:25,コーヒー,飲料,160
514,1118,2026-04-21,14:25,パン,食事,180
515,1096,2026-04-21,14:26,コーヒー,飲料,160
516,1092,2026-04-21,14:49,クッキー,菓子,180
516,1092,2026-04-21,14:49,コーヒー,飲料,160
517,1072,2026-04-21,14:51,ジュース,飲料,140
517,1072,2026-04-21,14:51,チョコレート,菓子,120
518,1077,2026-04-21,14:51,コーヒー,飲料,160
519,1099,2026-04-21,14:56,クッキー,菓子,180
519,1099,2026-04-21,14:56,コーヒー,飲料,160
520,1160,2026-04-21,15:16,ルーズリーフ,文具,350
521,1109,2026-04-21,15:19,コーヒー,飲料,160
522,1071,2026-04-21,15:21,クッキー,菓子,180
522,1071,2026-04-21,15:21,コーヒー,飲料,160
523,1090,2026-04-21,15:32,クッキー,菓子,180
523,1090,2026-04-21,15:32,コーヒー,飲料,160
524,1084,2026-04-21,15:34,クッキー,菓子,180
524,1084,2026-04-21,15:34,コーヒー,飲料,160
524,1084,2026-04-21,15:34,パン,食事,180
525,1082,2026-04-21,15:35,クッキー,菓子,180
525,1082,2026-04-21,15:35,コーヒー,飲料,160
526,1125,2026-04-21,15:40,コーヒー,飲料,160
526,1125,2026-04-21,15:40,チョコレート,菓子,120
527,1088,2026-04-21,15:43,クッキー,菓子,180
527,1088,2026-04-21,15:43,コーヒー,飲料,160
528,1107,2026-04-21,15:44,コーヒー,飲料,160
529,1123,2026-04-21,15:53,クッキー,菓子,180
529,1123,2026-04-21,15:53,コーヒー,飲料,160
530,1121,2026-04-21,15:54,コーヒー,飲料,160
531,1078,2026-04-21,15:55,コーヒー,飲料,160
532,1076,2026-04-21,16:10,ジュース,飲料,140
532,1076,2026-04-21,16:10,チョコレート,菓子,120
533,1113,2026-04-21,16:10,クッキー,菓子,180
533,1113,2026-04-21,16:10,コーヒー,飲料,160
534,1080,2026-04-21,16:14,コーヒー,飲料,160
535,1111,2026-04-21,16:22,ガム,菓子,110
535,1111,2026-04-21,16:22,クッキー,菓子,180
535,1111,2026-04-21,16:22,コーヒー,飲料,160
536,1093,2026-04-21,16:26,クッキー,菓子,180
536,1093,2026-04-21,16:26,コーヒー,飲料,160
537,1114,2026-04-21,16:30,お茶,飲料,130
538,1098,2026-04-21,16:38,コーヒー,飲料,160
539,1102,2026-04-21,16:39,コーヒー,飲料,160
539,1102,2026-04-21,16:39,チョコレート,菓子,120
540,1108,2026-04-21,16:42,コーヒー,飲料,160
540,1108,2026-04-21,16:42,チョコレート,菓子,120
540,1108,2026-04-21,16:42,パン,食事,180
541,1110,2026-04-21,16:46,クッキー,菓子,180
541,1110,2026-04-21,16:46,コーヒー,飲料,160
542,1169,2026-04-21,16:49,おにぎり,食事,150
542,1169,2026-04-21,16:49,ガム,菓子,110
542,1169,2026-04-21,16:49,クッキー,菓子,180
542,1169,2026-04-21,16:49,ジュース,飲料,140
542,1169,2026-04-21,16:49,チョコレート,菓子,120
542,1169,2026-04-21,16:49,パン,食事,180
542,1169,2026-04-21,16:49,消しゴム,文具,100
543,1075,2026-04-21,16:53,コーヒー,飲料,160
544,1079,2026-04-21,16:55,コーヒー,飲料,160
545,1097,2026-04-21,17:11,コーヒー,飲料,160
545,1097,2026-04-21,17:11,チョコレート,菓子,120
546,1172,2026-04-21,17:17,カップ麺,食事,220
546,1172,2026-04-21,17:17,コーヒー,飲料,160
546,1172,2026-04-21,17:17,チョコレート,菓子,120
546,1172,2026-04-21,17:17,ボールペン,文具,120
546,1172,2026-04-21,17:17,ルーズリーフ,文具,350
546,1172,2026-04-21,17:17,消しゴム,文具,100
547,1101,2026-04-21,17:20,クッキー,菓子,180
547,1101,2026-04-21,17:20,コーヒー,飲料,160
548,1112,2026-04-21,17:21,クッキー,菓子,180
548,1112,2026-04-21,17:21,コーヒー,飲料,160
549,1073,2026-04-21,17:33,コーヒー,飲料,160
550,1087,2026-04-21,17:39,コーヒー,飲料,160
550,1087,2026-04-21,17:39,チョコレート,菓子,120
551,1120,2026-04-21,17:45,クッキー,菓子,180
551,1120,2026-04-21,17:45,コーヒー,飲料,160
552,1091,2026-04-21,17:49,ガム,菓子,110
552,1091,2026-04-21,17:49,ジュース,飲料,140
553,1085,2026-04-21,17:56,コーヒー,飲料,160
553,1085,2026-04-21,17:56,チョコレート,菓子,120
554,1189,2026-04-21,18:24,お茶,飲料,130
554,1189,2026-04-21,18:24,カップ麺,食事,220
554,1189,2026-04-21,18:24,クッキー,菓子,180
554,1189,2026-04-21,18:24,サンドイッチ,食事,320
554,1189,2026-04-21,18:24,ジュース,飲料,140
554,1189,2026-04-21,18:24,チョコレート,菓子,120
554,1189,2026-04-21,18:24,パン,食事,180
554,1189,2026-04-21,18:24,ボールペン,文具,120
554,1189,2026-04-21,18:24,消しゴム,文具,100
555,1189,2026-04-22,10:45,お茶,飲料,130
555,1189,2026-04-22,10:45,ガム,菓子,110
555,1189,2026-04-22,10:45,クッキー,菓子,180
555,1189,2026-04-22,10:45,コーヒー,飲料,160
555,1189,2026-04-22,10:45,サンドイッチ,食事,320
555,1189,2026-04-22,10:45,ジュース,飲料,140
555,1189,2026-04-22,10:45,チョコレート,菓子,120
555,1189,2026-04-22,10:45,弁当,食事,500
556,1050,2026-04-22,11:00,お茶,飲料,130
556,1050,2026-04-22,11:00,弁当,食事,500
557,1047,2026-04-22,11:04,ジュース,飲料,140
557,1047,2026-04-22,11:04,弁当,食事,500
558,1034,2026-04-22,11:06,おにぎり,食事,150
558,1034,2026-04-22,11:06,お茶,飲料,130
559,1018,2026-04-22,11:16,弁当,食事,500
560,1042,2026-04-22,11:18,おにぎり,食事,150
560,1042,2026-04-22,11:18,お茶,飲料,130
561,1031,2026-04-22,11:22,お茶,飲料,130
561,1031,2026-04-22,11:22,弁当,食事,500
562,1154,2026-04-22,11:31,ノート,文具,200
562,1154,2026-04-22,11:31,ルーズリーフ,文具,350
562,1154,2026-04-22,11:31,消しゴム,文具,100
563,1070,2026-04-22,11:41,弁当,食事,500
564,1029,2026-04-22,12:03,おにぎり,食事,150
564,1029,2026-04-22,12:03,お茶,飲料,130
565,1033,2026-04-22,12:05,お茶,飲料,130
565,1033,2026-04-22,12:05,弁当,食事,500
566,1145,2026-04-22,12:05,お茶,飲料,130
566,1145,2026-04-22,12:05,ノート,文具,200
567,1038,2026-04-22,12:09,お茶,飲料,130
567,1038,2026-04-22,12:09,弁当,食事,500
568,1037,2026-04-22,12:11,弁当,食事,500
569,1133,2026-04-22,12:20,ノート,文具,200
569,1133,2026-04-22,12:20,ボールペン,文具,120
569,1133,2026-04-22,12:20,消しゴム,文具,100
570,1006,2026-04-22,12:21,お茶,飲料,130
570,1006,2026-04-22,12:21,サンドイッチ,食事,320
571,1023,2026-04-22,12:22,お茶,飲料,130
571,1023,2026-04-22,12:22,弁当,食事,500
572,1064,2026-04-22,12:27,おにぎり,食事,150
572,1064,2026-04-22,12:27,お茶,飲料,130
573,1181,2026-04-22,12:34,お茶,飲料,130
573,1181,2026-04-22,12:34,カップ麺,食事,220
573,1181,2026-04-22,12:34,コーヒー,飲料,160
573,1181,2026-04-22,12:34,サンドイッチ,食事,320
573,1181,2026-04-22,12:34,ジュース,飲料,140
573,1181,2026-04-22,12:34,ボールペン,文具,120
573,1181,2026-04-22,12:34,弁当,食事,500
574,1041,2026-04-22,12:46,お茶,飲料,130
574,1041,2026-04-22,12:46,弁当,食事,500
575,1061,2026-04-22,12:49,弁当,食事,500
576,1048,2026-04-22,12:51,お茶,飲料,130
576,1048,2026-04-22,12:51,弁当,食事,500
577,1068,2026-04-22,12:52,サンドイッチ,食事,320
578,1051,2026-04-22,12:56,弁当,食事,500
579,1005,2026-04-22,13:05,お茶,飲料,130
579,1005,2026-04-22,13:05,弁当,食事,500
580,1066,2026-04-22,13:27,おにぎり,食事,150
580,1066,2026-04-22,13:27,お茶,飲料,130
580,1066,2026-04-22,13:27,チョコレート,菓子,120
581,1007,2026-04-22,13:36,ジュース,飲料,140
581,1007,2026-04-22,13:36,弁当,食事,500
582,1056,2026-04-22,13:43,おにぎり,食事,150
582,1056,2026-04-22,13:43,お茶,飲料,130
582,1056,2026-04-22,13:43,パン,食事,180
583,1054,2026-04-22,13:50,お茶,飲料,130
583,1054,2026-04-22,13:50,弁当,食事,500
584,1065,2026-04-22,13:54,お茶,飲料,130
584,1065,2026-04-22,13:54,弁当,食事,500
585,1067,2026-04-22,13:54,弁当,食事,500
586,1122,2026-04-22,14:05,クッキー,菓子,180
586,1122,2026-04-22,14:05,コーヒー,飲料,160
587,1124,2026-04-22,14:07,クッキー,菓子,180
587,1124,2026-04-22,14:07,コーヒー,飲料,160
588,1108,2026-04-22,14:14,コーヒー,飲料,160
589,1078,2026-04-22,14:17,クッキー,菓子,180
589,1078,2026-04-22,14:17,コーヒー,飲料,160
590,1101,2026-04-22,14:31,クッキー,菓子,180
590,1101,2026-04-22,14:31,コーヒー,飲料,160
591,1082,2026-04-22,14:38,コーヒー,飲料,160
592,1104,2026-04-22,14:38,クッキー,菓子,180
592,1104,2026-04-22,14:38,コーヒー,飲料,160
593,1105,2026-04-22,14:39,クッキー,菓子,180
593,1105,2026-04-22,14:39,コーヒー,飲料,160
594,1112,2026-04-22,14:42,クッキー,菓子,180
594,1112,2026-04-22,14:42,コーヒー,飲料,160
595,1085,2026-04-22,14:44,クッキー,菓子,180
595,1085,2026-04-22,14:44,コーヒー,飲料,160
596,1076,2026-04-22,14:53,クッキー,菓子,180
596,1076,2026-04-22,14:53,コーヒー,飲料,160
597,1110,2026-04-22,14:59,ジュース,飲料,140
598,1093,2026-04-22,15:07,コーヒー,飲料,160
599,1075,2026-04-22,15:09,ガム,菓子,110
599,1075,2026-04-22,15:09,コーヒー,飲料,160
599,1075,2026-04-22,15:09,チョコレート,菓子,120
600,1072,2026-04-22,15:12,クッキー,菓子,180
600,1072,2026-04-22,15:12,コーヒー,飲料,160
601,1128,2026-04-22,15:12,ノート,文具,200
601,1128,2026-04-22,15:12,ボールペン,文具,120
602,1099,2026-04-22,15:20,クッキー,菓子,180
602,1099,2026-04-22,15:20,コーヒー,飲料,160
603,1081,2026-04-22,15:28,クッキー,菓子,180
603,1081,2026-04-22,15:28,コーヒー,飲料,160
604,1089,2026-04-22,15:30,クッキー,菓子,180
604,1089,2026-04-22,15:30,コーヒー,飲料,160
605,1109,2026-04-22,15:32,お茶,飲料,130
606,1106,2026-04-22,15:36,クッキー,菓子,180
606,1106,2026-04-22,15:36,コーヒー,飲料,160
607,1118,2026-04-22,15:39,コーヒー,飲料,160
608,1098,2026-04-22,15:41,コーヒー,飲料,160
609,1071,2026-04-22,15:43,クッキー,菓子,180
609,1071,2026-04-22,15:43,コーヒー,飲料,160
610,1092,2026-04-22,15:51,お茶,飲料,130
610,1092,2026-04-22,15:51,チョコレート,菓子,120
611,1090,2026-04-22,15:54,コーヒー,飲料,160
611,1090,2026-04-22,15:54,チョコレート,菓子,120
612,1121,2026-04-22,16:00,クッキー,菓子,180
612,1121,2026-04-22,16:00,コーヒー,飲料,160
613,1097,2026-04-22,16:01,ガム,菓子,110
613,1097,2026-04-22,16:01,コーヒー,飲料,160
613,1097,2026-04-22,16:01,チョコレート,菓子,120
614,1117,2026-04-22,16:02,クッキー,菓子,180
614,1117,2026-04-22,16:02,コーヒー,飲料,160
615,1087,2026-04-22,16:03,ジュース,飲料,140
616,1138,2026-04-22,16:08,消しゴム,文具,100
617,1168,2026-04-22,16:16,おにぎり,食事,150
617,1168,2026-04-22,16:16,コーヒー,飲料,160
617,1168,2026-04-22,16:16,チョコレート,菓子,120
617,1168,2026-04-22,16:16,ノート,文具,200
617,1168,2026-04-22,16:16,弁当,食事,500
617,1168,2026-04-22,16:16,消しゴム,文具,100
618,1073,2026-04-22,16:22,クッキー,菓子,180
618,1073,2026-04-22,16:22,コーヒー,飲料,160
619,1134,2026-04-22,16:23,お茶,飲料,130
619,1134,2026-04-22,16:23,ルーズリーフ,文具,350
620,1125,2026-04-22,16:36,クッキー,菓子,180
620,1125,2026-04-22,16:36,コーヒー,飲料,160
621,1119,2026-04-22,16:43,クッキー,菓子,180
621,1119,2026-04-22,16:43,コーヒー,飲料,160
621,1119,2026-04-22,16:43,パン,食事,180
622,1079,2026-04-22,16:46,クッキー,菓子,180
622,1079,2026-04-22,16:46,コーヒー,飲料,160
623,1095,2026-04-22,16:46,お茶,飲料,130
623,1095,2026-04-22,16:46,チョコレート,菓子,120
624,1114,2026-04-22,16:51,クッキー,菓子,180
624,1114,2026-04-22,16:51,コーヒー,飲料,160
625,1107,2026-04-22,17:03,クッキー,菓子,180
625,1107,2026-04-22,17:03,コーヒー,飲料,160
626,1091,2026-04-22,17:05,お茶,飲料,130
627,1080,2026-04-22,17:18,コーヒー,飲料,160
628,1100,2026-04-22,17:35,コーヒー,飲料,160
628,1100,2026-04-22,17:35,チョコレート,菓子,120
629,1083,2026-04-22,17:46,コーヒー,飲料,160
630,1103,2026-04-22,17:59,ガム,菓子,110
630,1103,2026-04-22,17:59,クッキー,菓子,180
630,1103,2026-04-22,17:59,コーヒー,飲料,160
631,1187,2026-04-22,18:39,お茶,飲料,130
631,1187,2026-04-22,18:39,カップ麺,食事,220
631,1187,2026-04-22,18:39,クッキー,菓子,180
631,1187,2026-04-22,18:39,ジュース,飲料,140
631,1187,2026-04-22,18:39,チョコレート,菓子,120
631,1187,2026-04-22,18:39,パン,食事,180
631,1187,2026-04-22,18:39,弁当,食事,500
632,1137,2026-04-23,10:10,ルーズリーフ,文具,350
632,1137,2026-04-23,10:10,消しゴム,文具,100
633,1051,2026-04-23,11:10,お茶,飲料,130
633,1051,2026-04-23,11:10,カップ麺,食事,220
634,1022,2026-04-23,11:12,お茶,飲料,130
634,1022,2026-04-23,11:12,弁当,食事,500
635,1014,2026-04-23,11:18,お茶,飲料,130
635,1014,2026-04-23,11:18,弁当,食事,500
636,1036,2026-04-23,11:21,おにぎり,食事,150
636,1036,2026-04-23,11:21,お茶,飲料,130
636,1036,2026-04-23,11:21,チョコレート,菓子,120
637,1184,2026-04-23,11:26,おにぎり,食事,150
637,1184,2026-04-23,11:26,お茶,飲料,130
637,1184,2026-04-23,11:26,カップ麺,食事,220
637,1184,2026-04-23,11:26,サンドイッチ,食事,320
637,1184,2026-04-23,11:26,チョコレート,菓子,120
637,1184,2026-04-23,11:26,弁当,食事,500
638,1033,2026-04-23,11:31,お茶,飲料,130
638,1033,2026-04-23,11:31,カップ麺,食事,220
639,1006,2026-04-23,11:39,お茶,飲料,130
639,1006,2026-04-23,11:39,カップ麺,食事,220
640,1003,2026-04-23,11:43,弁当,食事,500
641,1012,2026-04-23,11:43,おにぎり,食事,150
641,1012,2026-04-23,11:43,お茶,飲料,130
641,1012,2026-04-23,11:43,パン,食事,180
642,1010,2026-04-23,11:44,おにぎり,食事,150
642,1010,2026-04-23,11:44,お茶,飲料,130
642,1010,2026-04-23,11:44,パン,食事,180
643,1037,2026-04-23,11:47,弁当,食事,500
644,1050,2026-04-23,11:52,サンドイッチ,食事,320
645,1016,2026-04-23,11:53,弁当,食事,500
646,1023,2026-04-23,11:59,おにぎり,食事,150
646,1023,2026-04-23,11:59,お茶,飲料,130
647,1193,2026-04-23,12:04,おにぎり,食事,150
647,1193,2026-04-23,12:04,カップ麺,食事,220
647,1193,2026-04-23,12:04,クッキー,菓子,180
647,1193,2026-04-23,12:04,ジュース,飲料,140
647,1193,2026-04-23,12:04,ノート,文具,200
648,1018,2026-04-23,12:16,ジュース,飲料,140
648,1018,2026-04-23,12:16,弁当,食事,500
649,1017,2026-04-23,12:24,おにぎり,食事,150
649,1017,2026-04-23,12:24,お茶,飲料,130
650,1197,2026-04-23,12:28,コーヒー,飲料,160
650,1197,2026-04-23,12:28,弁当,食事,500
651,1055,2026-04-23,12:30,お茶,飲料,130
651,1055,2026-04-23,12:30,チョコレート,菓子,120
651,1055,2026-04-23,12:30,弁当,食事,500
652,1015,2026-04-23,12:31,お茶,飲料,130
652,1015,2026-04-23,12:31,弁当,食事,500
653,1060,2026-04-23,12:41,おにぎり,食事,150
654,1070,2026-04-23,12:41,弁当,食事,500
655,1028,2026-04-23,12:58,おにぎり,食事,150
655,1028,2026-04-23,12:58,チョコレート,菓子,120
656,1001,2026-04-23,13:06,弁当,食事,500
657,1061,2026-04-23,13:11,お茶,飲料,130
657,1061,2026-04-23,13:11,サンドイッチ,食事,320
658,1026,2026-04-23,13:12,おにぎり,食事,150
658,1026,2026-04-23,13:12,お茶,飲料,130
659,1042,2026-04-23,13:28,おにぎり,食事,150
659,1042,2026-04-23,13:28,お茶,飲料,130
659,1042,2026-04-23,13:28,パン,食事,180
660,1049,2026-04-23,13:32,弁当,食事,500
661,1041,2026-04-23,13:36,お茶,飲料,130
661,1041,2026-04-23,13:36,カップ麺,食事,220
662,1043,2026-04-23,13:37,お茶,飲料,130
662,1043,2026-04-23,13:37,弁当,食事,500
663,1062,2026-04-23,13:37,弁当,食事,500
664,1031,2026-04-23,13:40,おにぎり,食事,150
664,1031,2026-04-23,13:40,お茶,飲料,130
665,1056,2026-04-23,13:41,お茶,飲料,130
665,1056,2026-04-23,13:41,弁当,食事,500
666,1009,2026-04-23,13:52,おにぎり,食事,150
666,1009,2026-04-23,13:52,お茶,飲料,130
667,1054,2026-04-23,13:55,おにぎり,食事,150
667,1054,2026-04-23,13:55,お茶,飲料,130
668,1117,2026-04-23,14:12,お茶,飲料,130
668,1117,2026-04-23,14:12,ガム,菓子,110
669,1076,2026-04-23,14:15,クッキー,菓子,180
669,1076,2026-04-23,14:15,コーヒー,飲料,160
670,1073,2026-04-23,14:19,コーヒー,飲料,160
671,1108,2026-04-23,14:21,クッキー,菓子,180
671,1108,2026-04-23,14:21,コーヒー,飲料,160
672,1071,2026-04-23,14:27,ジュース,飲料,140
672,1071,2026-04-23,14:27,チョコレート,菓子,120
673,1153,2026-04-23,14:34,ノート,文具,200
673,1153,2026-04-23,14:34,ボールペン,文具,120
673,1153,2026-04-23,14:34,ルーズリーフ,文具,350
673,1153,2026-04-23,14:34,消しゴム,文具,100
674,1075,2026-04-23,14:41,コーヒー,飲料,160
675,1080,2026-04-23,14:45,コーヒー,飲料,160
675,1080,2026-04-23,14:45,チョコレート,菓子,120
676,1116,2026-04-23,14:49,コーヒー,飲料,160
676,1116,2026-04-23,14:49,チョコレート,菓子,120
677,1123,2026-04-23,14:54,お茶,飲料,130
677,1123,2026-04-23,14:54,チョコレート,菓子,120
678,1074,2026-04-23,15:09,ジュース,飲料,140
678,1074,2026-04-23,15:09,チョコレート,菓子,120
679,1112,2026-04-23,15:09,クッキー,菓子,180
679,1112,2026-04-23,15:09,コーヒー,飲料,160
680,1170,2026-04-23,15:09,お茶,飲料,130
680,1170,2026-04-23,15:09,クッキー,菓子,180
680,1170,2026-04-23,15:09,パン,食事,180
680,1170,2026-04-23,15:09,ボールペン,文具,120
680,1170,2026-04-23,15:09,ルーズリーフ,文具,350
680,1170,2026-04-23,15:09,消しゴム,文具,100
681,1098,2026-04-23,15:18,クッキー,菓子,180
681,1098,2026-04-23,15:18,コーヒー,飲料,160
682,1102,2026-04-23,15:19,クッキー,菓子,180
682,1102,2026-04-23,15:19,コーヒー,飲料,160
683,1097,2026-04-23,15:28,クッキー,菓子,180
683,1097,2026-04-23,15:28,コーヒー,飲料,160
684,1072,2026-04-23,15:30,コーヒー,飲料,160
685,1094,2026-04-23,15:33,コーヒー,飲料,160
685,1094,2026-04-23,15:33,チョコレート,菓子,120
686,1110,2026-04-23,15:35,コーヒー,飲料,160
686,1110,2026-04-23,15:35,チョコレート,菓子,120
687,1122,2026-04-23,15:40,ガム,菓子,110
687,1122,2026-04-23,15:40,クッキー,菓子,180
687,1122,2026-04-23,15:40,コーヒー,飲料,160
688,1081,2026-04-23,15:59,コーヒー,飲料,160
688,1081,2026-04-23,15:59,チョコレート,菓子,120
689,1095,2026-04-23,16:03,クッキー,菓子,180
689,1095,2026-04-23,16:03,コーヒー,飲料,160
690,1079,2026-04-23,16:08,お茶,飲料,130
690,1079,2026-04-23,16:08,チョコレート,菓子,120
690,1079,2026-04-23,16:08,パン,食事,180
691,1119,2026-04-23,16:14,ジュース,飲料,140
691,1119,2026-04-23,16:14,パン,食事,180
692,1091,2026-04-23,16:45,コーヒー,飲料,160
692,1091,2026-04-23,16:45,チョコレート,菓子,120
693,1092,2026-04-23,16:48,ガム,菓子,110
693,1092,2026-04-23,16:48,コーヒー,飲料,160
694,1088,2026-04-23,16:59,クッキー,菓子,180
694,1088,2026-04-23,16:59,コーヒー,飲料,160
695,1113,2026-04-23,17:02,コーヒー,飲料,160
696,1124,2026-04-23,17:12,クッキー,菓子,180
696,1124,2026-04-23,17:12,コーヒー,飲料,160
697,1114,2026-04-23,17:13,お茶,飲料,130
698,1152,2026-04-23,17:16,ボールペン,文具,120
698,1152,2026-04-23,17:16,ルーズリーフ,文具,350
698,1152,2026-04-23,17:16,消しゴム,文具,100
699,1199,2026-04-23,17:33,ノート,文具,200
699,1199,2026-04-23,17:33,ボールペン,文具,120
699,1199,2026-04-23,17:33,弁当,食事,500
699,1199,2026-04-23,17:33,消しゴム,文具,100
700,1101,2026-04-23,17:52,クッキー,菓子,180
700,1101,2026-04-23,17:52,コーヒー,飲料,160
701,1090,2026-04-23,17:53,ガム,菓子,110
701,1090,2026-04-23,17:53,クッキー,菓子,180
701,1090,2026-04-23,17:53,コーヒー,飲料,160
702,1158,2026-04-24,09:21,ノート,文具,200
703,1162,2026-04-24,09:57,ボールペン,文具,120
703,1162,2026-04-24,09:57,ルーズリーフ,文具,350
703,1162,2026-04-24,09:57,消しゴム,文具,100
704,1058,2026-04-24,11:04,お茶,飲料,130
704,1058,2026-04-24,11:04,弁当,食事,500
705,1008,2026-04-24,11:08,おにぎり,食事,150
705,1008,2026-04-24,11:08,お茶,飲料,130
705,1008,2026-04-24,11:08,パン,食事,180
706,1024,2026-04-24,11:11,おにぎり,食事,150
706,1024,2026-04-24,11:11,お茶,飲料,130
706,1024,2026-04-24,11:11,チョコレート,菓子,120
707,1197,2026-04-24,11:29,お茶,飲料,130
707,1197,2026-04-24,11:29,ジュース,飲料,140
707,1197,2026-04-24,11:29,チョコレート,菓子,120
707,1197,2026-04-24,11:29,弁当,食事,500
708,1196,2026-04-24,11:43,お茶,飲料,130
708,1196,2026-04-24,11:43,クッキー,菓子,180
708,1196,2026-04-24,11:43,コーヒー,飲料,160
708,1196,2026-04-24,11:43,弁当,食事,500
709,1020,2026-04-24,11:49,おにぎり,食事,150
709,1020,2026-04-24,11:49,お茶,飲料,130
710,1003,2026-04-24,11:54,ジュース,飲料,140
710,1003,2026-04-24,11:54,弁当,食事,500
711,1042,2026-04-24,11:56,おにぎり,食事,150
711,1042,2026-04-24,11:56,お茶,飲料,130
712,1031,2026-04-24,12:09,おにぎり,食事,150
712,1031,2026-04-24,12:09,お茶,飲料,130
713,1023,2026-04-24,12:13,おにぎり,食事,150
713,1023,2026-04-24,12:13,お茶,飲料,130
714,1191,2026-04-24,12:14,コーヒー,飲料,160
714,1191,2026-04-24,12:14,サンドイッチ,食事,320
714,1191,2026-04-24,12:14,パン,食事,180
714,1191,2026-04-24,12:14,ルーズリーフ,文具,350
714,1191,2026-04-24,12:14,弁当,食事,500
714,1191,2026-04-24,12:14,消しゴム,文具,100
715,1061,2026-04-24,12:22,お茶,飲料,130
715,1061,2026-04-24,12:22,弁当,食事,500
716,1015,2026-04-24,12:26,お茶,飲料,130
716,1015,2026-04-24,12:26,カップ麺,食事,220
717,1028,2026-04-24,12:31,弁当,食事,500
718,1055,2026-04-24,12:31,おにぎり,食事,150
718,1055,2026-04-24,12:31,お茶,飲料,130
719,1037,2026-04-24,12:38,おにぎり,食事,150
719,1037,2026-04-24,12:38,お茶,飲料,130
720,1068,2026-04-24,12:43,ジュース,飲料,140
720,1068,2026-04-24,12:43,弁当,食事,500
721,1025,2026-04-24,12:45,おにぎり,食事,150
722,1012,2026-04-24,12:46,弁当,食事,500
723,1043,2026-04-24,12:49,お茶,飲料,130
723,1043,2026-04-24,12:49,弁当,食事,500
724,1038,2026-04-24,12:50,おにぎり,食事,150
724,1038,2026-04-24,12:50,お茶,飲料,130
724,1038,2026-04-24,12:50,チョコレート,菓子,120
724,1038,2026-04-24,12:50,パン,食事,180
725,1036,2026-04-24,12:51,お茶,飲料,130
725,1036,2026-04-24,12:51,サンドイッチ,食事,320
726,1011,2026-04-24,12:52,お茶,飲料,130
726,1011,2026-04-24,12:52,弁当,食事,500
727,1065,2026-04-24,12:54,弁当,食事,500
728,1048,2026-04-24,12:59,弁当,食事,500
729,1009,2026-04-24,13:02,お茶,飲料,130
729,1009,2026-04-24,13:02,カップ麺,食事,220
730,1033,2026-04-24,13:05,ジュース,飲料,140
730,1033,2026-04-24,13:05,弁当,食事,500
731,1014,2026-04-24,13:08,おにぎり,食事,150
731,1014,2026-04-24,13:08,お茶,飲料,130
731,1014,2026-04-24,13:08,パン,食事,180
732,1040,2026-04-24,13:13,弁当,食事,500
733,1200,2026-04-24,13:21,お茶,飲料,130
733,1200,2026-04-24,13:21,ガム,菓子,110
733,1200,2026-04-24,13:21,クッキー,菓子,180
733,1200,2026-04-24,13:21,コーヒー,飲料,160
733,1200,2026-04-24,13:21,サンドイッチ,食事,320
733,1200,2026-04-24,13:21,ジュース,飲料,140
733,1200,2026-04-24,13:21,弁当,食事,500
734,1030,2026-04-24,13:28,おにぎり,食事,150
734,1030,2026-04-24,13:28,お茶,飲料,130
735,1054,2026-04-24,13:31,お茶,飲料,130
735,1054,2026-04-24,13:31,カップ麺,食事,220
736,1021,2026-04-24,13:32,お茶,飲料,130
736,1021,2026-04-24,13:32,弁当,食事,500
737,1005,2026-04-24,13:48,おにぎり,食事,150
737,1005,2026-04-24,13:48,お茶,飲料,130
737,1005,2026-04-24,13:48,パン,食事,180
738,1047,2026-04-24,13:49,おにぎり,食事,150
738,1047,2026-04-24,13:49,パン,食事,180
739,1089,2026-04-24,14:05,コーヒー,飲料,160
740,1104,2026-04-24,14:08,クッキー,菓子,180
740,1104,2026-04-24,14:08,コーヒー,飲料,160
741,1071,2026-04-24,14:16,クッキー,菓子,180
741,1071,2026-04-24,14:16,コーヒー,飲料,160
742,1110,2026-04-24,14:24,クッキー,菓子,180
742,1110,2026-04-24,14:24,コーヒー,飲料,160
743,1100,2026-04-24,14:27,コーヒー,飲料,160
744,1138,2026-04-24,14:34,お茶,飲料,130
744,1138,2026-04-24,14:34,消しゴム,文具,100
745,1114,2026-04-24,14:42,クッキー,菓子,180
745,1114,2026-04-24,14:42,コーヒー,飲料,160
746,1123,2026-04-24,14:49,コーヒー,飲料,160
747,1119,2026-04-24,14:53,クッキー,菓子,180
747,1119,2026-04-24,14:53,コーヒー,飲料,160
748,1109,2026-04-24,15:04,コーヒー,飲料,160
748,1109,2026-04-24,15:04,チョコレート,菓子,120
748,1109,2026-04-24,15:04,パン,食事,180
749,1097,2026-04-24,15:06,クッキー,菓子,180
749,1097,2026-04-24,15:06,コーヒー,飲料,160
750,1115,2026-04-24,15:12,コーヒー,飲料,160
751,1095,2026-04-24,15:23,クッキー,菓子,180
751,1095,2026-04-24,15:23,コーヒー,飲料,160
752,1077,2026-04-24,15:25,クッキー,菓子,180
752,1077,2026-04-24,15:25,コーヒー,飲料,160
753,1107,2026-04-24,15:36,ガム,菓子,110
753,1107,2026-04-24,15:36,クッキー,菓子,180
753,1107,2026-04-24,15:36,コーヒー,飲料,160
754,1190,2026-04-24,15:39,お茶,飲料,130
754,1190,2026-04-24,15:39,カップ麺,食事,220
754,1190,2026-04-24,15:39,ジュース,飲料,140
754,1190,2026-04-24,15:39,チョコレート,菓子,120
754,1190,2026-04-24,15:39,ルーズリーフ,文具,350
755,1072,2026-04-24,15:40,クッキー,菓子,180
755,1072,2026-04-24,15:40,コーヒー,飲料,160
756,1086,2026-04-24,15:52,クッキー,菓子,180
756,1086,2026-04-24,15:52,コーヒー,飲料,160
757,1073,2026-04-24,15:54,クッキー,菓子,180
757,1073,2026-04-24,15:54,コーヒー,飲料,160
758,1116,2026-04-24,15:56,クッキー,菓子,180
758,1116,2026-04-24,15:56,コーヒー,飲料,160
759,1087,2026-04-24,16:03,クッキー,菓子,180
759,1087,2026-04-24,16:03,コーヒー,飲料,160
760,1085,2026-04-24,16:06,クッキー,菓子,180
760,1085,2026-04-24,16:06,コーヒー,飲料,160
761,1120,2026-04-24,16:06,コーヒー,飲料,160
761,1120,2026-04-24,16:06,パン,食事,180
762,1078,2026-04-24,16:20,コーヒー,飲料,160
763,1074,2026-04-24,16:24,コーヒー,飲料,160
764,1088,2026-04-24,16:24,クッキー,菓子,180
764,1088,2026-04-24,16:24,コーヒー,飲料,160
765,1122,2026-04-24,16:25,クッキー,菓子,180
765,1122,2026-04-24,16:25,コーヒー,飲料,160
766,1092,2026-04-24,16:30,クッキー,菓子,180
766,1092,2026-04-24,16:30,コーヒー,飲料,160
767,1108,2026-04-24,16:35,クッキー,菓子,180
767,1108,2026-04-24,16:35,コーヒー,飲料,160
767,1108,2026-04-24,16:35,パン,食事,180
768,1094,2026-04-24,16:41,ジュース,飲料,140
769,1103,2026-04-24,16:49,クッキー,菓子,180
769,1103,2026-04-24,16:49,コーヒー,飲料,160
770,1125,2026-04-24,16:54,お茶,飲料,130
771,1076,2026-04-24,16:56,クッキー,菓子,180
771,1076,2026-04-24,16:56,コーヒー,飲料,160
772,1080,2026-04-24,16:57,コーヒー,飲料,160
772,1080,2026-04-24,16:57,チョコレート,菓子,120
773,1091,2026-04-24,17:02,ガム,菓子,110
773,1091,2026-04-24,17:02,コーヒー,飲料,160
773,1091,2026-04-24,17:02,チョコレート,菓子,120
774,1093,2026-04-24,17:18,ジュース,飲料,140
775,1096,2026-04-24,17:26,コーヒー,飲料,160
776,1102,2026-04-24,17:30,コーヒー,飲料,160
776,1102,2026-04-24,17:30,チョコレート,菓子,120
776,1102,2026-04-24,17:30,パン,食事,180
777,1081,2026-04-24,17:33,ジュース,飲料,140
778,1112,2026-04-24,17:42,コーヒー,飲料,160
778,1112,2026-04-24,17:42,チョコレート,菓子,120
779,1121,2026-04-24,17:44,コーヒー,飲料,160
780,1106,2026-04-24,17:51,お茶,飲料,130
780,1106,2026-04-24,17:51,パン,食事,180
781,1124,2026-04-24,17:59,コーヒー,飲料,160
782,1033,2026-04-27,11:01,お茶,飲料,130
782,1033,2026-04-27,11:01,カップ麺,食事,220
783,1038,2026-04-27,11:01,おにぎり,食事,150
783,1038,2026-04-27,11:01,お茶,飲料,130
784,1030,2026-04-27,11:07,カップ麺,食事,220
785,1058,2026-04-27,11:15,お茶,飲料,130
785,1058,2026-04-27,11:15,弁当,食事,500
786,1022,2026-04-27,11:22,カップ麺,食事,220
787,1002,2026-04-27,11:25,弁当,食事,500
788,1031,2026-04-27,11:25,おにぎり,食事,150
789,1048,2026-04-27,11:25,カップ麺,食事,220
790,1197,2026-04-27,11:35,コーヒー,飲料,160
790,1197,2026-04-27,11:35,弁当,食事,500
791,1065,2026-04-27,11:36,お茶,飲料,130
791,1065,2026-04-27,11:36,弁当,食事,500
792,1067,2026-04-27,11:59,弁当,食事,500
793,1019,2026-04-27,12:00,お茶,飲料,130
793,1019,2026-04-27,12:00,弁当,食事,500
794,1057,2026-04-27,12:14,おにぎり,食事,150
794,1057,2026-04-27,12:14,お茶,飲料,130
795,1139,2026-04-27,12:28,お茶,飲料,130
795,1139,2026-04-27,12:28,ルーズリーフ,文具,350
795,1139,2026-04-27,12:28,消しゴム,文具,100
796,1018,2026-04-27,12:35,おにぎり,食事,150
796,1018,2026-04-27,12:35,お茶,飲料,130
797,1066,2026-04-27,12:35,おにぎり,食事,150
797,1066,2026-04-27,12:35,お茶,飲料,130
797,1066,2026-04-27,12:35,パン,食事,180
798,1028,2026-04-27,12:43,お茶,飲料,130
798,1028,2026-04-27,12:43,弁当,食事,500
799,1043,2026-04-27,12:47,お茶,飲料,130
799,1043,2026-04-27,12:47,チョコレート,菓子,120
799,1043,2026-04-27,12:47,弁当,食事,500
800,1014,2026-04-27,12:49,おにぎり,食事,150
800,1014,2026-04-27,12:49,お茶,飲料,130
800,1014,2026-04-27,12:49,チョコレート,菓子,120
801,1056,2026-04-27,12:51,ジュース,飲料,140
801,1056,2026-04-27,12:51,弁当,食事,500
802,1036,2026-04-27,13:01,お茶,飲料,130
802,1036,2026-04-27,13:01,カップ麺,食事,220
802,1036,2026-04-27,13:01,チョコレート,菓子,120
803,1196,2026-04-27,13:01,クッキー,菓子,180
803,1196,2026-04-27,13:01,コーヒー,飲料,160
803,1196,2026-04-27,13:01,弁当,食事,500
804,1017,2026-04-27,13:07,おにぎり,食事,150
804,1017,2026-04-27,13:07,お茶,飲料,130
804,1017,2026-04-27,13:07,パン,食事,180
805,1062,2026-04-27,13:08,おにぎり,食事,150
805,1062,2026-04-27,13:08,お茶,飲料,130
806,1047,2026-04-27,13:13,カップ麺,食事,220
807,1008,2026-04-27,13:15,お茶,飲料,130
807,1008,2026-04-27,13:15,弁当,食事,500
808,1050,2026-04-27,13:17,お茶,飲料,130
808,1050,2026-04-27,13:17,弁当,食事,500
809,1179,2026-04-27,13:18,お茶,飲料,130
809,1179,2026-04-27,13:18,カップ麺,食事,220
809,1179,2026-04-27,13:18,ガム,菓子,110
809,1179,2026-04-27,13:18,ジュース,飲料,140
809,1179,2026-04-27,13:18,チョコレート,菓子,120
809,1179,2026-04-27,13:18,ノート,文具,200
809,1179,2026-04-27,13:18,パン,食事,180
809,1179,2026-04-27,13:18,ボールペン,文具,120
809,1179,2026-04-27,13:18,弁当,食事,500
810,1044,2026-04-27,13:21,カップ麺,食事,220
811,1070,2026-04-27,13:26,お茶,飲料,130
811,1070,2026-04-27,13:26,弁当,食事,500
812,1027,2026-04-27,13:29,おにぎり,食事,150
812,1027,2026-04-27,13:29,お茶,飲料,130
813,1024,2026-04-27,13:32,おにぎり,食事,150
813,1024,2026-04-27,13:32,お茶,飲料,130
813,1024,2026-04-27,13:32,パン,食事,180
814,1001,2026-04-27,13:37,お茶,飲料,130
814,1001,2026-04-27,13:37,弁当,食事,500
815,1055,2026-04-27,13:37,お茶,飲料,130
815,1055,2026-04-27,13:37,弁当,食事,500
816,1060,2026-04-27,13:39,お茶,飲料,130
816,1060,2026-04-27,13:39,弁当,食事,500
817,1053,2026-04-27,13:41,サンドイッチ,食事,320
818,1107,2026-04-27,14:16,ジュース,飲料,140
819,1104,2026-04-27,14:24,クッキー,菓子,180
819,1104,2026-04-27,14:24,コーヒー,飲料,160
820,1117,2026-04-27,14:34,クッキー,菓子,180
820,1117,2026-04-27,14:34,コーヒー,飲料,160
820,1117,2026-04-27,14:34,パン,食事,180
821,1096,2026-04-27,14:35,コーヒー,飲料,160
822,1113,2026-04-27,14:35,お茶,飲料,130
823,1072,2026-04-27,14:36,コーヒー,飲料,160
823,1072,2026-04-27,14:36,チョコレート,菓子,120
824,1087,2026-04-27,14:38,お茶,飲料,130
825,1095,2026-04-27,14:38,コーヒー,飲料,160
826,1108,2026-04-27,14:42,ガム,菓子,110
826,1108,2026-04-27,14:42,ジュース,飲料,140
826,1108,2026-04-27,14:42,チョコレート,菓子,120
827,1118,2026-04-27,14:42,クッキー,菓子,180
827,1118,2026-04-27,14:42,コーヒー,飲料,160
828,1093,2026-04-27,14:52,コーヒー,飲料,160
829,1089,2026-04-27,14:54,クッキー,菓子,180
829,1089,2026-04-27,14:54,コーヒー,飲料,160
830,1124,2026-04-27,14:59,ジュース,飲料,140
830,1124,2026-04-27,14:59,チョコレート,菓子,120
831,1086,2026-04-27,15:18,クッキー,菓子,180
831,1086,2026-04-27,15:18,コーヒー,飲料,160
831,1086,2026-04-27,15:18,パン,食事,180
832,1112,2026-04-27,15:18,コーヒー,飲料,160
833,1100,2026-04-27,15:20,コーヒー,飲料,160
833,1100,2026-04-27,15:20,チョコレート,菓子,120
834,1116,2026-04-27,15:31,コーヒー,飲料,160
835,1094,2026-04-27,15:32,クッキー,菓子,180
835,1094,2026-04-27,15:32,コーヒー,飲料,160
836,1081,2026-04-27,15:42,クッキー,菓子,180
836,1081,2026-04-27,15:42,コーヒー,飲料,160
837,1076,2026-04-27,15:43,コーヒー,飲料,160
838,1114,2026-04-27,15:46,コーヒー,飲料,160
839,1091,2026-04-27,15:48,コーヒー,飲料,160
840,1126,2026-04-27,15:51,お茶,飲料,130
840,1126,2026-04-27,15:51,ルーズリーフ,文具,350
841,1120,2026-04-27,15:54,ガム,菓子,110
841,1120,2026-04-27,15:54,コーヒー,飲料,160
841,1120,2026-04-27,15:54,チョコレート,菓子,120
842,1071,2026-04-27,15:56,コーヒー,飲料,160
843,1109,2026-04-27,15:59,ガム,菓子,110
843,1109,2026-04-27,15:59,コーヒー,飲料,160
844,1082,2026-04-27,16:12,ジュース,飲料,140
845,1079,2026-04-27,16:34,お茶,飲料,130
846,1083,2026-04-27,16:34,クッキー,菓子,180
846,1083,2026-04-27,16:34,コーヒー,飲料,160
847,1090,2026-04-27,16:41,コーヒー,飲料,160
848,1115,2026-04-27,16:43,ガム,菓子,110
848,1115,2026-04-27,16:43,クッキー,菓子,180
848,1115,2026-04-27,16:43,コーヒー,飲料,160
849,1073,2026-04-27,16:55,クッキー,菓子,180
849,1073,2026-04-27,16:55,コーヒー,飲料,160
850,1092,2026-04-27,16:57,コーヒー,飲料,160
851,1106,2026-04-27,17:04,クッキー,菓子,180
851,1106,2026-04-27,17:04,コーヒー,飲料,160
852,1122,2026-04-27,17:06,コーヒー,飲料,160
853,1084,2026-04-27,17:11,クッキー,菓子,180
853,1084,2026-04-27,17:11,コーヒー,飲料,160
854,1111,2026-04-27,17:25,コーヒー,飲料,160
855,1123,2026-04-27,17:27,コーヒー,飲料,160
855,1123,2026-04-27,17:27,チョコレート,菓子,120
856,1099,2026-04-27,17:33,コーヒー,飲料,160
857,1075,2026-04-27,17:41,コーヒー,飲料,160
858,1103,2026-04-27,17:41,お茶,飲料,130
859,1088,2026-04-27,17:43,ガム,菓子,110
859,1088,2026-04-27,17:43,コーヒー,飲料,160
859,1088,2026-04-27,17:43,パン,食事,180
860,1125,2026-04-27,17:45,クッキー,菓子,180
860,1125,2026-04-27,17:45,コーヒー,飲料,160
861,1119,2026-04-27,17:50,クッキー,菓子,180
861,1119,2026-04-27,17:50,コーヒー,飲料,160
862,1080,2026-04-27,17:58,コーヒー,飲料,160
862,1080,2026-04-27,17:58,チョコレート,菓子,120
863,1190,2026-04-28,10:58,お茶,飲料,130
863,1190,2026-04-28,10:58,カップ麺,食事,220
863,1190,2026-04-28,10:58,ガム,菓子,110
863,1190,2026-04-28,10:58,クッキー,菓子,180
863,1190,2026-04-28,10:58,サンドイッチ,食事,320
863,1190,2026-04-28,10:58,チョコレート,菓子,120
863,1190,2026-04-28,10:58,ノート,文具,200
863,1190,2026-04-28,10:58,弁当,食事,500
863,1190,2026-04-28,10:58,消しゴム,文具,100
864,1045,2026-04-28,11:04,おにぎり,食事,150
864,1045,2026-04-28,11:04,お茶,飲料,130
865,1066,2026-04-28,11:09,サンドイッチ,食事,320
866,1042,2026-04-28,11:25,おにぎり,食事,150
866,1042,2026-04-28,11:25,お茶,飲料,130
867,1063,2026-04-28,11:26,弁当,食事,500
868,1013,2026-04-28,11:39,おにぎり,食事,150
868,1013,2026-04-28,11:39,お茶,飲料,130
869,1064,2026-04-28,11:42,ジュース,飲料,140
869,1064,2026-04-28,11:42,弁当,食事,500
870,1065,2026-04-28,11:43,お茶,飲料,130
870,1065,2026-04-28,11:43,チョコレート,菓子,120
870,1065,2026-04-28,11:43,弁当,食事,500
871,1028,2026-04-28,11:55,お茶,飲料,130
871,1028,2026-04-28,11:55,弁当,食事,500
872,1041,2026-04-28,12:00,おにぎり,食事,150
872,1041,2026-04-28,12:00,お茶,飲料,130
873,1034,2026-04-28,12:10,ジュース,飲料,140
873,1034,2026-04-28,12:10,チョコレート,菓子,120
873,1034,2026-04-28,12:10,弁当,食事,500
874,1004,2026-04-28,12:17,サンドイッチ,食事,320
875,1002,2026-04-28,12:18,おにぎり,食事,150
875,1002,2026-04-28,12:18,お茶,飲料,130
876,1016,2026-04-28,12:18,ジュース,飲料,140
876,1016,2026-04-28,12:18,弁当,食事,500
877,1035,2026-04-28,12:18,サンドイッチ,食事,320
877,1035,2026-04-28,12:18,ジュース,飲料,140
878,1047,2026-04-28,12:20,お茶,飲料,130
878,1047,2026-04-28,12:20,弁当,食事,500
879,1069,2026-04-28,12:20,チョコレート,菓子,120
879,1069,2026-04-28,12:20,弁当,食事,500
880,1017,2026-04-28,12:25,おにぎり,食事,150
880,1017,2026-04-28,12:25,お茶,飲料,130
880,1017,2026-04-28,12:25,パン,食事,180
881,1054,2026-04-28,12:26,お茶,飲料,130
881,1054,2026-04-28,12:26,カップ麺,食事,220
882,1057,2026-04-28,12:31,ジュース,飲料,140
882,1057,2026-04-28,12:31,チョコレート,菓子,120
882,1057,2026-04-28,12:31,弁当,食事,500
883,1060,2026-04-28,13:09,お茶,飲料,130
883,1060,2026-04-28,13:09,サンドイッチ,食事,320
884,1038,2026-04-28,13:11,おにぎり,食事,150
884,1038,2026-04-28,13:11,お茶,飲料,130
884,1038,2026-04-28,13:11,パン,食事,180
885,1026,2026-04-28,13:17,お茶,飲料,130
885,1026,2026-04-28,13:17,カップ麺,食事,220
886,1030,2026-04-28,13:18,カップ麺,食事,220
886,1030,2026-04-28,13:18,ジュース,飲料,140
887,1156,2026-04-28,13:27,お茶,飲料,130
887,1156,2026-04-28,13:27,ノート,文具,200
887,1156,2026-04-28,13:27,ボールペン,文具,120
887,1156,2026-04-28,13:27,ルーズリーフ,文具,350
888,1043,2026-04-28,13:30,弁当,食事,500
889,1039,2026-04-28,13:37,お茶,飲料,130
889,1039,2026-04-28,13:37,弁当,食事,500
890,1122,2026-04-28,14:09,コーヒー,飲料,160
891,1120,2026-04-28,14:13,クッキー,菓子,180
891,1120,2026-04-28,14:13,コーヒー,飲料,160
891,1120,2026-04-28,14:13,パン,食事,180
892,1083,2026-04-28,14:29,コーヒー,飲料,160
892,1083,2026-04-28,14:29,チョコレート,菓子,120
893,1195,2026-04-28,14:40,お茶,飲料,130
893,1195,2026-04-28,14:40,カップ麺,食事,220
893,1195,2026-04-28,14:40,ガム,菓子,110
893,1195,2026-04-28,14:40,サンドイッチ,食事,320
893,1195,2026-04-28,14:40,ジュース,飲料,140
893,1195,2026-04-28,14:40,チョコレート,菓子,120
893,1195,2026-04-28,14:40,ボールペン,文具,120
893,1195,2026-04-28,14:40,弁当,食事,500
894,1133,2026-04-28,14:49,お茶,飲料,130
894,1133,2026-04-28,14:49,ボールペン,文具,120
894,1133,2026-04-28,14:49,消しゴム,文具,100
895,1079,2026-04-28,14:50,クッキー,菓子,180
895,1079,2026-04-28,14:50,コーヒー,飲料,160
896,1108,2026-04-28,14:50,ガム,菓子,110
896,1108,2026-04-28,14:50,コーヒー,飲料,160
897,1071,2026-04-28,15:02,コーヒー,飲料,160
897,1071,2026-04-28,15:02,チョコレート,菓子,120
897,1071,2026-04-28,15:02,パン,食事,180
898,1124,2026-04-28,15:05,クッキー,菓子,180
898,1124,2026-04-28,15:05,コーヒー,飲料,160
899,1107,2026-04-28,15:08,コーヒー,飲料,160
900,1098,2026-04-28,15:10,クッキー,菓子,180
900,1098,2026-04-28,15:10,コーヒー,飲料,160
900,1098,2026-04-28,15:10,パン,食事,180
901,1104,2026-04-28,15:12,クッキー,菓子,180
901,1104,2026-04-28,15:12,コーヒー,飲料,160
902,1111,2026-04-28,15:21,ガム,菓子,110
902,1111,2026-04-28,15:21,クッキー,菓子,180
902,1111,2026-04-28,15:21,コーヒー,飲料,160
903,1125,2026-04-28,15:27,コーヒー,飲料,160
904,1106,2026-04-28,15:30,コーヒー,飲料,160
905,1094,2026-04-28,15:39,クッキー,菓子,180
905,1094,2026-04-28,15:39,コーヒー,飲料,160
906,1200,2026-04-28,15:44,お茶,飲料,130
906,1200,2026-04-28,15:44,ガム,菓子,110
906,1200,2026-04-28,15:44,クッキー,菓子,180
906,1200,2026-04-28,15:44,コーヒー,飲料,160
906,1200,2026-04-28,15:44,パン,食事,180
906,1200,2026-04-28,15:44,ルーズリーフ,文具,350
907,1087,2026-04-28,15:45,コーヒー,飲料,160
907,1087,2026-04-28,15:45,チョコレート,菓子,120
908,1073,2026-04-28,15:48,クッキー,菓子,180
908,1073,2026-04-28,15:48,コーヒー,飲料,160
909,1097,2026-04-28,15:51,クッキー,菓子,180
909,1097,2026-04-28,15:51,コーヒー,飲料,160
910,1119,2026-04-28,15:51,クッキー,菓子,180
910,1119,2026-04-28,15:51,コーヒー,飲料,160
911,1076,2026-04-28,16:00,コーヒー,飲料,160
912,1090,2026-04-28,16:05,クッキー,菓子,180
912,1090,2026-04-28,16:05,コーヒー,飲料,160
912,1090,2026-04-28,16:05,パン,食事,180
913,1078,2026-04-28,16:08,コーヒー,飲料,160
913,1078,2026-04-28,16:08,パン,食事,180
914,1117,2026-04-28,16:13,ジュース,飲料,140
914,1117,2026-04-28,16:13,チョコレート,菓子,120
915,1086,2026-04-28,16:16,ジュース,飲料,140
916,1085,2026-04-28,16:20,クッキー,菓子,180
916,1085,2026-04-28,16:20,コーヒー,飲料,160
917,1135,2026-04-28,16:20,ノート,文具,200
918,1115,2026-04-28,16:29,コーヒー,飲料,160
919,1077,2026-04-28,16:30,クッキー,菓子,180
919,1077,2026-04-28,16:30,コーヒー,飲料,160
920,1081,2026-04-28,16:50,コーヒー,飲料,160
920,1081,2026-04-28,16:50,チョコレート,菓子,120
921,1084,2026-04-28,16:59,コーヒー,飲料,160
922,1096,2026-04-28,17:19,コーヒー,飲料,160
923,1118,2026-04-28,17:29,クッキー,菓子,180
923,1118,2026-04-28,17:29,コーヒー,飲料,160
924,1102,2026-04-28,17:35,クッキー,菓子,180
924,1102,2026-04-28,17:35,コーヒー,飲料,160
925,1112,2026-04-28,17:39,コーヒー,飲料,160
926,1121,2026-04-28,17:44,ガム,菓子,110
926,1121,2026-04-28,17:44,クッキー,菓子,180
926,1121,2026-04-28,17:44,コーヒー,飲料,160
927,1080,2026-04-28,17:56,クッキー,菓子,180
927,1080,2026-04-28,17:56,コーヒー,飲料,160
928,1114,2026-04-28,17:56,クッキー,菓子,180
928,1114,2026-04-28,17:56,コーヒー,飲料,160
929,1056,2026-04-29,11:00,おにぎり,食事,150
929,1056,2026-04-29,11:00,お茶,飲料,130
930,1058,2026-04-29,11:20,チョコレート,菓子,120
930,1058,2026-04-29,11:20,弁当,食事,500
931,1067,2026-04-29,11:20,おにぎり,食事,150
931,1067,2026-04-29,11:20,ジュース,飲料,140
931,1067,2026-04-29,11:20,パン,食事,180
932,1004,2026-04-29,11:26,弁当,食事,500
933,1198,2026-04-29,11:31,お茶,飲料,130
933,1198,2026-04-29,11:31,ルーズリーフ,文具,350
933,1198,2026-04-29,11:31,弁当,食事,500
933,1198,2026-04-29,11:31,消しゴム,文具,100
934,1026,2026-04-29,11:36,おにぎり,食事,150
934,1026,2026-04-29,11:36,お茶,飲料,130
934,1026,2026-04-29,11:36,チョコレート,菓子,120
935,1048,2026-04-29,11:40,お茶,飲料,130
935,1048,2026-04-29,11:40,サンドイッチ,食事,320
936,1070,2026-04-29,11:40,弁当,食事,500
937,1037,2026-04-29,11:58,おにぎり,食事,150
937,1037,2026-04-29,11:58,お茶,飲料,130
937,1037,2026-04-29,11:58,パン,食事,180
938,1062,2026-04-29,11:58,弁当,食事,500
939,1015,2026-04-29,11:59,ジュース,飲料,140
939,1015,2026-04-29,11:59,弁当,食事,500
940,1002,2026-04-29,12:00,おにぎり,食事,150
940,1002,2026-04-29,12:00,お茶,飲料,130
941,1024,2026-04-29,12:06,ジュース,飲料,140
941,1024,2026-04-29,12:06,弁当,食事,500
942,1197,2026-04-29,12:06,カップ麺,食事,220
942,1197,2026-04-29,12:06,コーヒー,飲料,160
942,1197,2026-04-29,12:06,チョコレート,菓子,120
943,1031,2026-04-29,12:09,ジュース,飲料,140
943,1031,2026-04-29,12:09,弁当,食事,500
944,1018,2026-04-29,12:16,おにぎり,食事,150
944,1018,2026-04-29,12:16,お茶,飲料,130
944,1018,2026-04-29,12:16,パン,食事,180
945,1007,2026-04-29,12:17,おにぎり,食事,150
945,1007,2026-04-29,12:17,お茶,飲料,130
946,1023,2026-04-29,12:19,カップ麺,食事,220
947,1032,2026-04-29,12:22,おにぎり,食事,150
947,1032,2026-04-29,12:22,お茶,飲料,130
947,1032,2026-04-29,12:22,チョコレート,菓子,120
947,1032,2026-04-29,12:22,パン,食事,180
948,1196,2026-04-29,12:23,クッキー,菓子,180
948,1196,2026-04-29,12:23,コーヒー,飲料,160
948,1196,2026-04-29,12:23,弁当,食事,500
949,1013,2026-04-29,12:25,おにぎり,食事,150
949,1013,2026-04-29,12:25,お茶,飲料,130
949,1013,2026-04-29,12:25,パン,食事,180
950,1029,2026-04-29,12:26,チョコレート,菓子,120
950,1029,2026-04-29,12:26,弁当,食事,500
951,1010,2026-04-29,12:30,おにぎり,食事,150
951,1010,2026-04-29,12:30,お茶,飲料,130
952,1061,2026-04-29,12:30,カップ麺,食事,220
953,1065,2026-04-29,12:31,おにぎり,食事,150
953,1065,2026-04-29,12:31,お茶,飲料,130
953,1065,2026-04-29,12:31,パン,食事,180
954,1008,2026-04-29,12:46,おにぎり,食事,150
954,1008,2026-04-29,12:46,お茶,飲料,130
954,1008,2026-04-29,12:46,パン,食事,180
955,1050,2026-04-29,12:48,おにぎり,食事,150
955,1050,2026-04-29,12:48,お茶,飲料,130
955,1050,2026-04-29,12:48,チョコレート,菓子,120
956,1040,2026-04-29,12:53,おにぎり,食事,150
956,1040,2026-04-29,12:53,お茶,飲料,130
957,1057,2026-04-29,12:53,お茶,飲料,130
957,1057,2026-04-29,12:53,弁当,食事,500
958,1017,2026-04-29,13:06,お茶,飲料,130
958,1017,2026-04-29,13:06,チョコレート,菓子,120
958,1017,2026-04-29,13:06,弁当,食事,500
959,1036,2026-04-29,13:17,おにぎり,食事,150
959,1036,2026-04-29,13:17,お茶,飲料,130
959,1036,2026-04-29,13:17,パン,食事,180
960,1003,2026-04-29,13:25,お茶,飲料,130
960,1003,2026-04-29,13:25,弁当,食事,500
961,1014,2026-04-29,13:35,お茶,飲料,130
961,1014,2026-04-29,13:35,弁当,食事,500
962,1042,2026-04-29,13:35,お茶,飲料,130
962,1042,2026-04-29,13:35,弁当,食事,500
963,1039,2026-04-29,13:37,お茶,飲料,130
963,1039,2026-04-29,13:37,弁当,食事,500
964,1012,2026-04-29,13:40,お茶,飲料,130
964,1012,2026-04-29,13:40,弁当,食事,500
965,1187,2026-04-29,13:43,おにぎり,食事,150
965,1187,2026-04-29,13:43,お茶,飲料,130
965,1187,2026-04-29,13:43,カップ麺,食事,220
965,1187,2026-04-29,13:43,ボールペン,文具,120
965,1187,2026-04-29,13:43,ルーズリーフ,文具,350
965,1187,2026-04-29,13:43,弁当,食事,500
966,1066,2026-04-29,13:48,お茶,飲料,130
966,1066,2026-04-29,13:48,弁当,食事,500
967,1027,2026-04-29,13:51,おにぎり,食事,150
967,1027,2026-04-29,13:51,お茶,飲料,130
968,1053,2026-04-29,13:52,おにぎり,食事,150
968,1053,2026-04-29,13:52,お茶,飲料,130
969,1060,2026-04-29,13:57,ジュース,飲料,140
969,1060,2026-04-29,13:57,弁当,食事,500
970,1064,2026-04-29,13:59,おにぎり,食事,150
970,1064,2026-04-29,13:59,お茶,飲料,130
970,1064,2026-04-29,13:59,パン,食事,180
971,1189,2026-04-29,14:02,お茶,飲料,130
971,1189,2026-04-29,14:02,カップ麺,食事,220
971,1189,2026-04-29,14:02,クッキー,菓子,180
971,1189,2026-04-29,14:02,コーヒー,飲料,160
971,1189,2026-04-29,14:02,サンドイッチ,食事,320
971,1189,2026-04-29,14:02,ジュース,飲料,140
971,1189,2026-04-29,14:02,ボールペン,文具,120
971,1189,2026-04-29,14:02,ルーズリーフ,文具,350
972,1093,2026-04-29,14:06,クッキー,菓子,180
972,1093,2026-04-29,14:06,コーヒー,飲料,160
973,1122,2026-04-29,14:12,お茶,飲料,130
974,1120,2026-04-29,14:17,お茶,飲料,130
975,1119,2026-04-29,14:19,クッキー,菓子,180
975,1119,2026-04-29,14:19,コーヒー,飲料,160
976,1095,2026-04-29,14:20,ガム,菓子,110
976,1095,2026-04-29,14:20,クッキー,菓子,180
976,1095,2026-04-29,14:20,コーヒー,飲料,160
977,1124,2026-04-29,14:23,クッキー,菓子,180
977,1124,2026-04-29,14:23,コーヒー,飲料,160
978,1082,2026-04-29,14:45,クッキー,菓子,180
978,1082,2026-04-29,14:45,コーヒー,飲料,160
979,1085,2026-04-29,14:47,お茶,飲料,130
980,1077,2026-04-29,14:56,クッキー,菓子,180
980,1077,2026-04-29,14:56,コーヒー,飲料,160
981,1121,2026-04-29,14:56,コーヒー,飲料,160
982,1076,2026-04-29,15:01,クッキー,菓子,180
982,1076,2026-04-29,15:01,コーヒー,飲料,160
983,1080,2026-04-29,15:08,クッキー,菓子,180
983,1080,2026-04-29,15:08,コーヒー,飲料,160
984,1087,2026-04-29,15:13,コーヒー,飲料,160
985,1086,2026-04-29,15:21,ジュース,飲料,140
986,1108,2026-04-29,15:22,コーヒー,飲料,160
987,1079,2026-04-29,15:28,クッキー,菓子,180
987,1079,2026-04-29,15:28,コーヒー,飲料,160
988,1137,2026-04-29,15:32,お茶,飲料,130
988,1137,2026-04-29,15:32,ノート,文具,200
988,1137,2026-04-29,15:32,ルーズリーフ,文具,350
989,1092,2026-04-29,15:50,クッキー,菓子,180
989,1092,2026-04-29,15:50,コーヒー,飲料,160
990,1097,2026-04-29,15:55,お茶,飲料,130
990,1097,2026-04-29,15:55,チョコレート,菓子,120
991,1112,2026-04-29,15:55,コーヒー,飲料,160
992,1113,2026-04-29,15:58,コーヒー,飲料,160
993,1094,2026-04-29,16:01,コーヒー,飲料,160
994,1114,2026-04-29,16:01,クッキー,菓子,180
994,1114,2026-04-29,16:01,コーヒー,飲料,160
995,1102,2026-04-29,16:03,クッキー,菓子,180
995,1102,2026-04-29,16:03,コーヒー,飲料,160
996,1075,2026-04-29,16:11,コーヒー,飲料,160
996,1075,2026-04-29,16:11,チョコレート,菓子,120
997,1125,2026-04-29,16:14,コーヒー,飲料,160
998,1117,2026-04-29,16:26,クッキー,菓子,180
998,1117,2026-04-29,16:26,コーヒー,飲料,160
999,1118,2026-04-29,16:27,クッキー,菓子,180
999,1118,2026-04-29,16:27,コーヒー,飲料,160
1000,1091,2026-04-29,16:32,クッキー,菓子,180
1000,1091,2026-04-29,16:32,コーヒー,飲料,160
1001,1159,2026-04-29,16:35,ノート,文具,200
1002,1071,2026-04-29,16:38,コーヒー,飲料,160
1003,1104,2026-04-29,16:41,クッキー,菓子,180
1003,1104,2026-04-29,16:41,コーヒー,飲料,160
1004,1148,2026-04-29,16:43,お茶,飲料,130
1004,1148,2026-04-29,16:43,ルーズリーフ,文具,350
1005,1105,2026-04-29,16:54,クッキー,菓子,180
1005,1105,2026-04-29,16:54,コーヒー,飲料,160
1006,1100,2026-04-29,16:57,コーヒー,飲料,160
1006,1100,2026-04-29,16:57,チョコレート,菓子,120
1007,1107,2026-04-29,17:02,クッキー,菓子,180
1007,1107,2026-04-29,17:02,コーヒー,飲料,160
1008,1073,2026-04-29,17:06,クッキー,菓子,180
1008,1073,2026-04-29,17:06,コーヒー,飲料,160
1009,1081,2026-04-29,17:08,コーヒー,飲料,160
1009,1081,2026-04-29,17:08,パン,食事,180
1010,1096,2026-04-29,17:08,コーヒー,飲料,160
1011,1110,2026-04-29,17:16,クッキー,菓子,180
1011,1110,2026-04-29,17:16,コーヒー,飲料,160
1012,1090,2026-04-29,17:21,ジュース,飲料,140
1013,1101,2026-04-29,17:31,ジュース,飲料,140
1014,1084,2026-04-29,17:36,コーヒー,飲料,160
1014,1084,2026-04-29,17:36,チョコレート,菓子,120
1015,1135,2026-04-29,17:37,お茶,飲料,130
1015,1135,2026-04-29,17:37,ノート,文具,200
1016,1103,2026-04-29,17:38,クッキー,菓子,180
1016,1103,2026-04-29,17:38,コーヒー,飲料,160
1017,1174,2026-04-29,17:46,おにぎり,食事,150
1017,1174,2026-04-29,17:46,お茶,飲料,130
1017,1174,2026-04-29,17:46,クッキー,菓子,180
1017,1174,2026-04-29,17:46,サンドイッチ,食事,320
1017,1174,2026-04-29,17:46,ジュース,飲料,140
1017,1174,2026-04-29,17:46,パン,食事,180
1017,1174,2026-04-29,17:46,弁当,食事,500
1018,1088,2026-04-29,17:50,コーヒー,飲料,160
1019,1168,2026-04-30,10:40,おにぎり,食事,150
1019,1168,2026-04-30,10:40,カップ麺,食事,220
1019,1168,2026-04-30,10:40,コーヒー,飲料,160
1019,1168,2026-04-30,10:40,サンドイッチ,食事,320
1019,1168,2026-04-30,10:40,ジュース,飲料,140
1019,1168,2026-04-30,10:40,パン,食事,180
1019,1168,2026-04-30,10:40,消しゴム,文具,100
1020,1026,2026-04-30,11:13,おにぎり,食事,150
1020,1026,2026-04-30,11:13,お茶,飲料,130
1020,1026,2026-04-30,11:13,パン,食事,180
1021,1060,2026-04-30,11:13,おにぎり,食事,150
1021,1060,2026-04-30,11:13,チョコレート,菓子,120
1021,1060,2026-04-30,11:13,パン,食事,180
1022,1006,2026-04-30,11:15,カップ麺,食事,220
1023,1034,2026-04-30,11:15,おにぎり,食事,150
1023,1034,2026-04-30,11:15,お茶,飲料,130
1023,1034,2026-04-30,11:15,パン,食事,180
1024,1019,2026-04-30,11:25,お茶,飲料,130
1024,1019,2026-04-30,11:25,弁当,食事,500
1025,1066,2026-04-30,11:28,おにぎり,食事,150
1025,1066,2026-04-30,11:28,お茶,飲料,130
1025,1066,2026-04-30,11:28,パン,食事,180
1026,1043,2026-04-30,11:42,お茶,飲料,130
1026,1043,2026-04-30,11:42,弁当,食事,500
1027,1030,2026-04-30,11:48,おにぎり,食事,150
1027,1030,2026-04-30,11:48,お茶,飲料,130
1028,1063,2026-04-30,12:07,お茶,飲料,130
1028,1063,2026-04-30,12:07,サンドイッチ,食事,320
1029,1010,2026-04-30,12:08,お茶,飲料,130
1029,1010,2026-04-30,12:08,弁当,食事,500
1030,1014,2026-04-30,12:17,おにぎり,食事,150
1031,1012,2026-04-30,12:21,弁当,食事,500
1032,1037,2026-04-30,12:22,おにぎり,食事,150
1032,1037,2026-04-30,12:22,お茶,飲料,130
1033,1053,2026-04-30,12:31,お茶,飲料,130
1033,1053,2026-04-30,12:31,弁当,食事,500
1034,1025,2026-04-30,12:34,お茶,飲料,130
1034,1025,2026-04-30,12:34,弁当,食事,500
1035,1041,2026-04-30,12:34,お茶,飲料,130
1035,1041,2026-04-30,12:34,弁当,食事,500
1036,1017,2026-04-30,12:41,お茶,飲料,130
1036,1017,2026-04-30,12:41,カップ麺,食事,220
1037,1049,2026-04-30,12:53,弁当,食事,500
1038,1184,2026-04-30,12:56,おにぎり,食事,150
1038,1184,2026-04-30,12:56,お茶,飲料,130
1038,1184,2026-04-30,12:56,ガム,菓子,110
1038,1184,2026-04-30,12:56,サンドイッチ,食事,320
1038,1184,2026-04-30,12:56,ノート,文具,200
1038,1184,2026-04-30,12:56,パン,食事,180
1038,1184,2026-04-30,12:56,ボールペン,文具,120
1039,1196,2026-04-30,12:58,おにぎり,食事,150
1039,1196,2026-04-30,12:58,お茶,飲料,130
1039,1196,2026-04-30,12:58,クッキー,菓子,180
1039,1196,2026-04-30,12:58,コーヒー,飲料,160
1040,1032,2026-04-30,13:07,お茶,飲料,130
1040,1032,2026-04-30,13:07,弁当,食事,500
1041,1015,2026-04-30,13:08,おにぎり,食事,150
1041,1015,2026-04-30,13:08,お茶,飲料,130
1041,1015,2026-04-30,13:08,チョコレート,菓子,120
1042,1029,2026-04-30,13:08,お茶,飲料,130
1042,1029,2026-04-30,13:08,弁当,食事,500
1043,1068,2026-04-30,13:10,お茶,飲料,130
1043,1068,2026-04-30,13:10,サンドイッチ,食事,320
1044,1035,2026-04-30,13:14,弁当,食事,500
1045,1064,2026-04-30,13:14,お茶,飲料,130
1045,1064,2026-04-30,13:14,弁当,食事,500
1046,1009,2026-04-30,13:20,ジュース,飲料,140
1046,1009,2026-04-30,13:20,弁当,食事,500
1047,1055,2026-04-30,13:35,弁当,食事,500
1048,1011,2026-04-30,13:45,弁当,食事,500
1049,1070,2026-04-30,13:50,お茶,飲料,130
1049,1070,2026-04-30,13:50,カップ麺,食事,220
1050,1047,2026-04-30,13:52,お茶,飲料,130
1050,1047,2026-04-30,13:52,弁当,食事,500
1051,1087,2026-04-30,14:05,お茶,飲料,130
1051,1087,2026-04-30,14:05,チョコレート,菓子,120
1052,1107,2026-04-30,14:10,ガム,菓子,110
1052,1107,2026-04-30,14:10,コーヒー,飲料,160
1053,1111,2026-04-30,14:16,クッキー,菓子,180
1053,1111,2026-04-30,14:16,コーヒー,飲料,160
1054,1081,2026-04-30,14:21,コーヒー,飲料,160
1054,1081,2026-04-30,14:21,パン,食事,180
1055,1112,2026-04-30,14:30,ガム,菓子,110
1055,1112,2026-04-30,14:30,クッキー,菓子,180
1055,1112,2026-04-30,14:30,コーヒー,飲料,160
1056,1073,2026-04-30,14:36,クッキー,菓子,180
1056,1073,2026-04-30,14:36,コーヒー,飲料,160
1057,1119,2026-04-30,14:41,ガム,菓子,110
1057,1119,2026-04-30,14:41,クッキー,菓子,180
1057,1119,2026-04-30,14:41,コーヒー,飲料,160
1058,1083,2026-04-30,14:42,コーヒー,飲料,160
1059,1076,2026-04-30,14:48,ガム,菓子,110
1059,1076,2026-04-30,14:48,クッキー,菓子,180
1059,1076,2026-04-30,14:48,コーヒー,飲料,160
1060,1086,2026-04-30,14:48,ガム,菓子,110
1060,1086,2026-04-30,14:48,コーヒー,飲料,160
1060,1086,2026-04-30,14:48,パン,食事,180
1061,1121,2026-04-30,14:50,ガム,菓子,110
1061,1121,2026-04-30,14:50,クッキー,菓子,180
1061,1121,2026-04-30,14:50,コーヒー,飲料,160
1062,1099,2026-04-30,14:55,コーヒー,飲料,160
1063,1092,2026-04-30,15:00,コーヒー,飲料,160
1063,1092,2026-04-30,15:00,チョコレート,菓子,120
1064,1155,2026-04-30,15:02,お茶,飲料,130
1064,1155,2026-04-30,15:02,ルーズリーフ,文具,350
1065,1078,2026-04-30,15:04,コーヒー,飲料,160
1065,1078,2026-04-30,15:04,チョコレート,菓子,120
1065,1078,2026-04-30,15:04,パン,食事,180
1066,1134,2026-04-30,15:07,お茶,飲料,130
1066,1134,2026-04-30,15:07,ノート,文具,200
1067,1097,2026-04-30,15:12,クッキー,菓子,180
1067,1097,2026-04-30,15:12,コーヒー,飲料,160
1068,1110,2026-04-30,15:12,お茶,飲料,130
1069,1104,2026-04-30,15:20,ジュース,飲料,140
1069,1104,2026-04-30,15:20,パン,食事,180
1070,1117,2026-04-30,15:23,コーヒー,飲料,160
1070,1117,2026-04-30,15:23,チョコレート,菓子,120
1070,1117,2026-04-30,15:23,パン,食事,180
1071,1094,2026-04-30,15:26,ジュース,飲料,140
1071,1094,2026-04-30,15:26,パン,食事,180
1072,1085,2026-04-30,15:27,コーヒー,飲料,160
1073,1105,2026-04-30,15:27,クッキー,菓子,180
1073,1105,2026-04-30,15:27,コーヒー,飲料,160
1074,1109,2026-04-30,15:35,ジュース,飲料,140
1075,1120,2026-04-30,15:37,クッキー,菓子,180
1075,1120,2026-04-30,15:37,コーヒー,飲料,160
1076,1079,2026-04-30,15:45,コーヒー,飲料,160
1077,1090,2026-04-30,15:53,コーヒー,飲料,160
1078,1071,2026-04-30,16:00,コーヒー,飲料,160
1079,1102,2026-04-30,16:03,クッキー,菓子,180
1079,1102,2026-04-30,16:03,コーヒー,飲料,160
1080,1116,2026-04-30,16:03,クッキー,菓子,180
1080,1116,2026-04-30,16:03,コーヒー,飲料,160
1081,1125,2026-04-30,16:09,お茶,飲料,130
1081,1125,2026-04-30,16:09,ガム,菓子,110
1081,1125,2026-04-30,16:09,チョコレート,菓子,120
1082,1123,2026-04-30,16:16,コーヒー,飲料,160
1082,1123,2026-04-30,16:16,チョコレート,菓子,120
1083,1084,2026-04-30,16:21,クッキー,菓子,180
1083,1084,2026-04-30,16:21,コーヒー,飲料,160
1083,1084,2026-04-30,16:21,パン,食事,180
1084,1103,2026-04-30,16:24,クッキー,菓子,180
1084,1103,2026-04-30,16:24,コーヒー,飲料,160
1085,1106,2026-04-30,16:38,ガム,菓子,110
1085,1106,2026-04-30,16:38,クッキー,菓子,180
1085,1106,2026-04-30,16:38,コーヒー,飲料,160
1086,1114,2026-04-30,17:00,クッキー,菓子,180
1086,1114,2026-04-30,17:00,コーヒー,飲料,160
1087,1088,2026-04-30,17:03,コーヒー,飲料,160
1088,1124,2026-04-30,17:06,クッキー,菓子,180
1088,1124,2026-04-30,17:06,コーヒー,飲料,160
1089,1075,2026-04-30,17:20,ジュース,飲料,140
1089,1075,2026-04-30,17:20,チョコレート,菓子,120
1090,1091,2026-04-30,17:21,コーヒー,飲料,160
1090,1091,2026-04-30,17:21,チョコレート,菓子,120
1091,1080,2026-04-30,17:26,ガム,菓子,110
1091,1080,2026-04-30,17:26,クッキー,菓子,180
1091,1080,2026-04-30,17:26,コーヒー,飲料,160
1092,1082,2026-04-30,17:33,お茶,飲料,130
1092,1082,2026-04-30,17:33,チョコレート,菓子,120
1092,1082,2026-04-30,17:33,パン,食事,180
1093,1108,2026-04-30,17:36,クッキー,菓子,180
1093,1108,2026-04-30,17:36,コーヒー,飲料,160
1094,1118,2026-04-30,17:40,クッキー,菓子,180
1094,1118,2026-04-30,17:40,コーヒー,飲料,160
1095,1122,2026-04-30,17:48,クッキー,菓子,180
1095,1122,2026-04-30,17:48,コーヒー,飲料,160
1096,1192,2026-05-01,10:42,カップ麺,食事,220
1096,1192,2026-05-01,10:42,ジュース,飲料,140
1096,1192,2026-05-01,10:42,パン,食事,180
1096,1192,2026-05-01,10:42,ルーズリーフ,文具,350
1096,1192,2026-05-01,10:42,弁当,食事,500
1097,1022,2026-05-01,11:02,おにぎり,食事,150
1097,1022,2026-05-01,11:02,お茶,飲料,130
1097,1022,2026-05-01,11:02,パン,食事,180
1098,1065,2026-05-01,11:12,おにぎり,食事,150
1098,1065,2026-05-01,11:12,お茶,飲料,130
1098,1065,2026-05-01,11:12,パン,食事,180
1099,1182,2026-05-01,11:16,お茶,飲料,130
1099,1182,2026-05-01,11:16,カップ麺,食事,220
1099,1182,2026-05-01,11:16,サンドイッチ,食事,320
1099,1182,2026-05-01,11:16,ノート,文具,200
1099,1182,2026-05-01,11:16,パン,食事,180
1099,1182,2026-05-01,11:16,ボールペン,文具,120
1099,1182,2026-05-01,11:16,弁当,食事,500
1100,1047,2026-05-01,11:19,お茶,飲料,130
1100,1047,2026-05-01,11:19,弁当,食事,500
1101,1069,2026-05-01,11:32,お茶,飲料,130
1101,1069,2026-05-01,11:32,弁当,食事,500
1102,1055,2026-05-01,11:33,お茶,飲料,130
1102,1055,2026-05-01,11:33,弁当,食事,500
1103,1007,2026-05-01,11:50,おにぎり,食事,150
1103,1007,2026-05-01,11:50,お茶,飲料,130
1104,1004,2026-05-01,11:57,おにぎり,食事,150
1104,1004,2026-05-01,11:57,お茶,飲料,130
1105,1048,2026-05-01,11:57,お茶,飲料,130
1105,1048,2026-05-01,11:57,弁当,食事,500
1106,1040,2026-05-01,11:59,弁当,食事,500
1107,1028,2026-05-01,12:05,おにぎり,食事,150
1108,1041,2026-05-01,12:15,おにぎり,食事,150
1109,1061,2026-05-01,12:15,サンドイッチ,食事,320
1110,1006,2026-05-01,12:18,おにぎり,食事,150
1110,1006,2026-05-01,12:18,パン,食事,180
1111,1010,2026-05-01,12:23,お茶,飲料,130
1111,1010,2026-05-01,12:23,弁当,食事,500
1112,1034,2026-05-01,12:23,チョコレート,菓子,120
1112,1034,2026-05-01,12:23,弁当,食事,500
1113,1017,2026-05-01,12:25,お茶,飲料,130
1113,1017,2026-05-01,12:25,サンドイッチ,食事,320
1114,1058,2026-05-01,12:31,おにぎり,食事,150
1114,1058,2026-05-01,12:31,お茶,飲料,130
1114,1058,2026-05-01,12:31,パン,食事,180
1115,1016,2026-05-01,12:32,弁当,食事,500
1116,1045,2026-05-01,12:38,弁当,食事,500
1117,1012,2026-05-01,12:41,お茶,飲料,130
1117,1012,2026-05-01,12:41,弁当,食事,500
1118,1009,2026-05-01,12:46,おにぎり,食事,150
1118,1009,2026-05-01,12:46,お茶,飲料,130
1118,1009,2026-05-01,12:46,パン,食事,180
1119,1062,2026-05-01,12:46,お茶,飲料,130
1119,1062,2026-05-01,12:46,弁当,食事,500
1120,1029,2026-05-01,12:49,おにぎり,食事,150
1120,1029,2026-05-01,12:49,お茶,飲料,130
1121,1036,2026-05-01,12:55,カップ麺,食事,220
1122,1068,2026-05-01,13:05,お茶,飲料,130
1122,1068,2026-05-01,13:05,弁当,食事,500
1123,1197,2026-05-01,13:06,コーヒー,飲料,160
1123,1197,2026-05-01,13:06,弁当,食事,500
1124,1037,2026-05-01,13:10,チョコレート,菓子,120
1124,1037,2026-05-01,13:10,弁当,食事,500
1125,1046,2026-05-01,13:22,おにぎり,食事,150
1125,1046,2026-05-01,13:22,お茶,飲料,130
1126,1066,2026-05-01,13:24,おにぎり,食事,150
1126,1066,2026-05-01,13:24,お茶,飲料,130
1127,1196,2026-05-01,13:28,お茶,飲料,130
1127,1196,2026-05-01,13:28,コーヒー,飲料,160
1127,1196,2026-05-01,13:28,チョコレート,菓子,120
1127,1196,2026-05-01,13:28,弁当,食事,500
1128,1033,2026-05-01,13:31,おにぎり,食事,150
1128,1033,2026-05-01,13:31,お茶,飲料,130
1129,1043,2026-05-01,13:34,おにぎり,食事,150
1129,1043,2026-05-01,13:34,お茶,飲料,130
1129,1043,2026-05-01,13:34,パン,食事,180
1130,1155,2026-05-01,13:37,ノート,文具,200
1130,1155,2026-05-01,13:37,ボールペン,文具,120
1130,1155,2026-05-01,13:37,ルーズリーフ,文具,350
1131,1063,2026-05-01,13:46,おにぎり,食事,150
1131,1063,2026-05-01,13:46,お茶,飲料,130
1132,1064,2026-05-01,13:46,おにぎり,食事,150
1132,1064,2026-05-01,13:46,お茶,飲料,130
1133,1060,2026-05-01,13:47,お茶,飲料,130
1133,1060,2026-05-01,13:47,弁当,食事,500
1134,1023,2026-05-01,13:51,弁当,食事,500
1135,1003,2026-05-01,13:52,おにぎり,食事,150
1135,1003,2026-05-01,13:52,お茶,飲料,130
1136,1109,2026-05-01,14:06,ガム,菓子,110
1136,1109,2026-05-01,14:06,ジュース,飲料,140
1137,1120,2026-05-01,14:07,クッキー,菓子,180
1137,1120,2026-05-01,14:07,コーヒー,飲料,160
1137,1120,2026-05-01,14:07,パン,食事,180
1138,1107,2026-05-01,14:15,クッキー,菓子,180
1138,1107,2026-05-01,14:15,コーヒー,飲料,160
1139,1108,2026-05-01,14:19,お茶,飲料,130
1139,1108,2026-05-01,14:19,チョコレート,菓子,120
1140,1118,2026-05-01,14:19,ジュース,飲料,140
1141,1117,2026-05-01,14:23,コーヒー,飲料,160
1141,1117,2026-05-01,14:23,チョコレート,菓子,120
1142,1086,2026-05-01,14:27,コーヒー,飲料,160
1142,1086,2026-05-01,14:27,チョコレート,菓子,120
1143,1096,2026-05-01,14:39,お茶,飲料,130
1143,1096,2026-05-01,14:39,ガム,菓子,110
1144,1101,2026-05-01,14:42,クッキー,菓子,180
1144,1101,2026-05-01,14:42,コーヒー,飲料,160
1145,1091,2026-05-01,14:47,コーヒー,飲料,160
1145,1091,2026-05-01,14:47,チョコレート,菓子,120
1146,1089,2026-05-01,14:48,ガム,菓子,110
1146,1089,2026-05-01,14:48,クッキー,菓子,180
1146,1089,2026-05-01,14:48,コーヒー,飲料,160
1147,1082,2026-05-01,14:53,クッキー,菓子,180
1147,1082,2026-05-01,14:53,コーヒー,飲料,160
1148,1079,2026-05-01,15:17,クッキー,菓子,180
1148,1079,2026-05-01,15:17,コーヒー,飲料,160
1149,1083,2026-05-01,15:21,お茶,飲料,130
1149,1083,2026-05-01,15:21,チョコレート,菓子,120
1150,1098,2026-05-01,15:21,クッキー,菓子,180
1150,1098,2026-05-01,15:21,コーヒー,飲料,160
1151,1102,2026-05-01,15:23,クッキー,菓子,180
1151,1102,2026-05-01,15:23,コーヒー,飲料,160
1152,1119,2026-05-01,15:24,クッキー,菓子,180
1152,1119,2026-05-01,15:24,コーヒー,飲料,160
1153,1123,2026-05-01,15:38,コーヒー,飲料,160
1154,1125,2026-05-01,15:53,クッキー,菓子,180
1154,1125,2026-05-01,15:53,コーヒー,飲料,160
1155,1114,2026-05-01,16:07,クッキー,菓子,180
1155,1114,2026-05-01,16:07,コーヒー,飲料,160
1156,1095,2026-05-01,16:17,コーヒー,飲料,160
1157,1097,2026-05-01,16:30,コーヒー,飲料,160
1158,1115,2026-05-01,16:32,コーヒー,飲料,160
1159,1112,2026-05-01,16:39,ジュース,飲料,140
1160,1122,2026-05-01,16:41,ジュース,飲料,140
1161,1081,2026-05-01,17:01,クッキー,菓子,180
1161,1081,2026-05-01,17:01,コーヒー,飲料,160
1162,1103,2026-05-01,17:02,クッキー,菓子,180
1162,1103,2026-05-01,17:02,コーヒー,飲料,160
1163,1116,2026-05-01,17:09,ガム,菓子,110
1163,1116,2026-05-01,17:09,コーヒー,飲料,160
1164,1124,2026-05-01,17:11,クッキー,菓子,180
1164,1124,2026-05-01,17:11,コーヒー,飲料,160
1165,1111,2026-05-01,17:18,クッキー,菓子,180
1165,1111,2026-05-01,17:18,コーヒー,飲料,160
1166,1106,2026-05-01,17:25,お茶,飲料,130
1166,1106,2026-05-01,17:25,チョコレート,菓子,120
1167,1076,2026-05-01,17:27,クッキー,菓子,180
1167,1076,2026-05-01,17:27,コーヒー,飲料,160
1168,1121,2026-05-01,17:28,クッキー,菓子,180
1168,1121,2026-05-01,17:28,コーヒー,飲料,160
1168,1121,2026-05-01,17:28,パン,食事,180
1169,1073,2026-05-01,17:31,コーヒー,飲料,160
1170,1113,2026-05-01,17:36,クッキー,菓子,180
1170,1113,2026-05-01,17:36,コーヒー,飲料,160
1171,1172,2026-05-01,17:39,お茶,飲料,130
1171,1172,2026-05-01,17:39,クッキー,菓子,180
1171,1172,2026-05-01,17:39,サンドイッチ,食事,320
1171,1172,2026-05-01,17:39,ノート,文具,200
1171,1172,2026-05-01,17:39,弁当,食事,500
1172,1090,2026-05-01,17:48,クッキー,菓子,180
1172,1090,2026-05-01,17:48,コーヒー,飲料,160
1173,1087,2026-05-01,17:52,クッキー,菓子,180
1173,1087,2026-05-01,17:52,コーヒー,飲料,160
1174,1080,2026-05-01,17:59,クッキー,菓子,180
1174,1080,2026-05-01,17:59,コーヒー,飲料,160
1175,1160,2026-05-04,10:59,お茶,飲料,130
1175,1160,2026-05-04,10:59,ルーズリーフ,文具,350
1176,1019,2026-05-04,11:01,お茶,飲料,130
1176,1019,2026-05-04,11:01,弁当,食事,500
1177,1034,2026-05-04,11:01,ジュース,飲料,140
1177,1034,2026-05-04,11:01,弁当,食事,500
1178,1041,2026-05-04,11:11,おにぎり,食事,150
1178,1041,2026-05-04,11:11,お茶,飲料,130
1179,1007,2026-05-04,11:17,おにぎり,食事,150
1179,1007,2026-05-04,11:17,お茶,飲料,130
1180,1008,2026-05-04,11:37,おにぎり,食事,150
1180,1008,2026-05-04,11:37,お茶,飲料,130
1181,1054,2026-05-04,11:39,お茶,飲料,130
1181,1054,2026-05-04,11:39,弁当,食事,500
1182,1033,2026-05-04,11:45,お茶,飲料,130
1182,1033,2026-05-04,11:45,弁当,食事,500
1183,1195,2026-05-04,11:47,カップ麺,食事,220
1183,1195,2026-05-04,11:47,クッキー,菓子,180
1183,1195,2026-05-04,11:47,ボールペン,文具,120
1183,1195,2026-05-04,11:47,弁当,食事,500
1183,1195,2026-05-04,11:47,消しゴム,文具,100
1184,1038,2026-05-04,11:56,弁当,食事,500
1185,1070,2026-05-04,12:14,カップ麺,食事,220
1186,1027,2026-05-04,12:15,おにぎり,食事,150
1186,1027,2026-05-04,12:15,お茶,飲料,130
1187,1037,2026-05-04,12:29,ジュース,飲料,140
1187,1037,2026-05-04,12:29,弁当,食事,500
1188,1193,2026-05-04,12:30,おにぎり,食事,150
1188,1193,2026-05-04,12:30,コーヒー,飲料,160
1188,1193,2026-05-04,12:30,サンドイッチ,食事,320
1188,1193,2026-05-04,12:30,ジュース,飲料,140
1188,1193,2026-05-04,12:30,ルーズリーフ,文具,350
1189,1065,2026-05-04,12:36,お茶,飲料,130
1189,1065,2026-05-04,12:36,弁当,食事,500
1190,1045,2026-05-04,12:38,お茶,飲料,130
1190,1045,2026-05-04,12:38,カップ麺,食事,220
1191,1022,2026-05-04,12:41,弁当,食事,500
1192,1025,2026-05-04,12:41,お茶,飲料,130
1192,1025,2026-05-04,12:41,サンドイッチ,食事,320
1193,1016,2026-05-04,12:43,お茶,飲料,130
1193,1016,2026-05-04,12:43,カップ麺,食事,220
1194,1052,2026-05-04,12:43,サンドイッチ,食事,320
1194,1052,2026-05-04,12:43,チョコレート,菓子,120
1195,1040,2026-05-04,12:49,お茶,飲料,130
1195,1040,2026-05-04,12:49,弁当,食事,500
1196,1039,2026-05-04,12:52,お茶,飲料,130
1196,1039,2026-05-04,12:52,弁当,食事,500
1197,1046,2026-05-04,12:59,おにぎり,食事,150
1197,1046,2026-05-04,12:59,お茶,飲料,130
1197,1046,2026-05-04,12:59,パン,食事,180
1198,1028,2026-05-04,13:09,弁当,食事,500
1199,1058,2026-05-04,13:17,お茶,飲料,130
1199,1058,2026-05-04,13:17,カップ麺,食事,220
1200,1043,2026-05-04,13:19,おにぎり,食事,150
1200,1043,2026-05-04,13:19,お茶,飲料,130
1201,1197,2026-05-04,13:22,お茶,飲料,130
1201,1197,2026-05-04,13:22,クッキー,菓子,180
1201,1197,2026-05-04,13:22,コーヒー,飲料,160
1201,1197,2026-05-04,13:22,サンドイッチ,食事,320
1202,1010,2026-05-04,13:25,おにぎり,食事,150
1202,1010,2026-05-04,13:25,お茶,飲料,130
1202,1010,2026-05-04,13:25,パン,食事,180
1203,1063,2026-05-04,13:25,おにぎり,食事,150
1203,1063,2026-05-04,13:25,ジュース,飲料,140
1204,1048,2026-05-04,13:36,お茶,飲料,130
1204,1048,2026-05-04,13:36,弁当,食事,500
1205,1042,2026-05-04,13:40,カップ麺,食事,220
1206,1196,2026-05-04,13:42,おにぎり,食事,150
1206,1196,2026-05-04,13:42,お茶,飲料,130
1207,1061,2026-05-04,13:45,弁当,食事,500
1208,1020,2026-05-04,13:46,おにぎり,食事,150
1208,1020,2026-05-04,13:46,お茶,飲料,130
1209,1049,2026-05-04,13:50,おにぎり,食事,150
1209,1049,2026-05-04,13:50,チョコレート,菓子,120
1209,1049,2026-05-04,13:50,パン,食事,180
1210,1029,2026-05-04,13:58,おにぎり,食事,150
1210,1029,2026-05-04,13:58,お茶,飲料,130
1210,1029,2026-05-04,13:58,パン,食事,180
1211,1035,2026-05-04,13:59,おにぎり,食事,150
1211,1035,2026-05-04,13:59,お茶,飲料,130
1211,1035,2026-05-04,13:59,パン,食事,180
1212,1094,2026-05-04,14:03,クッキー,菓子,180
1212,1094,2026-05-04,14:03,コーヒー,飲料,160
1213,1073,2026-05-04,14:08,コーヒー,飲料,160
1214,1200,2026-05-04,14:08,カップ麺,食事,220
1214,1200,2026-05-04,14:08,ガム,菓子,110
1214,1200,2026-05-04,14:08,クッキー,菓子,180
1214,1200,2026-05-04,14:08,コーヒー,飲料,160
1214,1200,2026-05-04,14:08,サンドイッチ,食事,320
1214,1200,2026-05-04,14:08,パン,食事,180
1214,1200,2026-05-04,14:08,ルーズリーフ,文具,350
1214,1200,2026-05-04,14:08,弁当,食事,500
1215,1091,2026-05-04,14:18,コーヒー,飲料,160
1215,1091,2026-05-04,14:18,チョコレート,菓子,120
1216,1123,2026-05-04,14:19,ガム,菓子,110
1216,1123,2026-05-04,14:19,クッキー,菓子,180
1216,1123,2026-05-04,14:19,コーヒー,飲料,160
1217,1097,2026-05-04,14:23,ガム,菓子,110
1217,1097,2026-05-04,14:23,コーヒー,飲料,160
1218,1076,2026-05-04,14:27,コーヒー,飲料,160
1218,1076,2026-05-04,14:27,チョコレート,菓子,120
1219,1110,2026-05-04,14:27,クッキー,菓子,180
1219,1110,2026-05-04,14:27,コーヒー,飲料,160
1220,1107,2026-05-04,14:48,クッキー,菓子,180
1220,1107,2026-05-04,14:48,コーヒー,飲料,160
1221,1081,2026-05-04,14:50,コーヒー,飲料,160
1221,1081,2026-05-04,14:50,チョコレート,菓子,120
1222,1115,2026-05-04,14:51,クッキー,菓子,180
1222,1115,2026-05-04,14:51,コーヒー,飲料,160
1223,1108,2026-05-04,15:25,クッキー,菓子,180
1223,1108,2026-05-04,15:25,コーヒー,飲料,160
1224,1104,2026-05-04,15:28,クッキー,菓子,180
1224,1104,2026-05-04,15:28,コーヒー,飲料,160
1225,1116,2026-05-04,15:28,コーヒー,飲料,160
1225,1116,2026-05-04,15:28,チョコレート,菓子,120
1226,1138,2026-05-04,15:35,ノート,文具,200
1226,1138,2026-05-04,15:35,ボールペン,文具,120
1227,1111,2026-05-04,15:36,ガム,菓子,110
1227,1111,2026-05-04,15:36,コーヒー,飲料,160
1227,1111,2026-05-04,15:36,チョコレート,菓子,120
1228,1079,2026-05-04,15:39,クッキー,菓子,180
1228,1079,2026-05-04,15:39,コーヒー,飲料,160
1229,1075,2026-05-04,15:44,クッキー,菓子,180
1229,1075,2026-05-04,15:44,コーヒー,飲料,160
1230,1098,2026-05-04,15:48,クッキー,菓子,180
1230,1098,2026-05-04,15:48,コーヒー,飲料,160
1231,1117,2026-05-04,15:49,コーヒー,飲料,160
1231,1117,2026-05-04,15:49,チョコレート,菓子,120
1232,1113,2026-05-04,15:53,クッキー,菓子,180
1232,1113,2026-05-04,15:53,コーヒー,飲料,160
1233,1119,2026-05-04,16:09,コーヒー,飲料,160
1234,1120,2026-05-04,16:17,ジュース,飲料,140
1235,1109,2026-05-04,16:29,コーヒー,飲料,160
1236,1175,2026-05-04,16:29,おにぎり,食事,150
1236,1175,2026-05-04,16:29,お茶,飲料,130
1236,1175,2026-05-04,16:29,ガム,菓子,110
1236,1175,2026-05-04,16:29,クッキー,菓子,180
1236,1175,2026-05-04,16:29,コーヒー,飲料,160
1236,1175,2026-05-04,16:29,ジュース,飲料,140
1236,1175,2026-05-04,16:29,チョコレート,菓子,120
1236,1175,2026-05-04,16:29,ルーズリーフ,文具,350
1237,1090,2026-05-04,16:33,ガム,菓子,110
1237,1090,2026-05-04,16:33,コーヒー,飲料,160
1238,1189,2026-05-04,16:33,おにぎり,食事,150
1238,1189,2026-05-04,16:33,お茶,飲料,130
1238,1189,2026-05-04,16:33,カップ麺,食事,220
1238,1189,2026-05-04,16:33,サンドイッチ,食事,320
1238,1189,2026-05-04,16:33,ジュース,飲料,140
1238,1189,2026-05-04,16:33,チョコレート,菓子,120
1238,1189,2026-05-04,16:33,パン,食事,180
1238,1189,2026-05-04,16:33,弁当,食事,500
1238,1189,2026-05-04,16:33,消しゴム,文具,100
1239,1114,2026-05-04,16:47,コーヒー,飲料,160
1240,1074,2026-05-04,16:56,クッキー,菓子,180
1240,1074,2026-05-04,16:56,コーヒー,飲料,160
1241,1085,2026-05-04,16:56,クッキー,菓子,180
1241,1085,2026-05-04,16:56,コーヒー,飲料,160
1242,1092,2026-05-04,16:58,コーヒー,飲料,160
1243,1087,2026-05-04,17:07,クッキー,菓子,180
1243,1087,2026-05-04,17:07,コーヒー,飲料,160
1243,1087,2026-05-04,17:07,パン,食事,180
1244,1082,2026-05-04,17:12,クッキー,菓子,180
1244,1082,2026-05-04,17:12,コーヒー,飲料,160
1245,1100,2026-05-04,17:26,ジュース,飲料,140
1246,1106,2026-05-04,17:38,コーヒー,飲料,160
1247,1096,2026-05-04,17:40,コーヒー,飲料,160
1247,1096,2026-05-04,17:40,チョコレート,菓子,120
1248,1095,2026-05-04,17:54,クッキー,菓子,180
1248,1095,2026-05-04,17:54,コーヒー,飲料,160
1249,1122,2026-05-04,17:57,クッキー,菓子,180
1249,1122,2026-05-04,17:57,コーヒー,飲料,160
1250,1176,2026-05-05,10:01,おにぎり,食事,150
1250,1176,2026-05-05,10:01,お茶,飲料,130
1250,1176,2026-05-05,10:01,ガム,菓子,110
1250,1176,2026-05-05,10:01,サンドイッチ,食事,320
1250,1176,2026-05-05,10:01,ジュース,飲料,140
1250,1176,2026-05-05,10:01,チョコレート,菓子,120
1250,1176,2026-05-05,10:01,弁当,食事,500
1251,1134,2026-05-05,10:11,お茶,飲料,130
1251,1134,2026-05-05,10:11,ノート,文具,200
1251,1134,2026-05-05,10:11,消しゴム,文具,100
1252,1197,2026-05-05,11:09,お茶,飲料,130
1252,1197,2026-05-05,11:09,クッキー,菓子,180
1252,1197,2026-05-05,11:09,コーヒー,飲料,160
1252,1197,2026-05-05,11:09,サンドイッチ,食事,320
1253,1018,2026-05-05,11:10,おにぎり,食事,150
1253,1018,2026-05-05,11:10,お茶,飲料,130
1254,1042,2026-05-05,11:16,弁当,食事,500
1255,1003,2026-05-05,11:20,おにぎり,食事,150
1255,1003,2026-05-05,11:20,お茶,飲料,130
1255,1003,2026-05-05,11:20,パン,食事,180
1256,1063,2026-05-05,11:28,弁当,食事,500
1257,1045,2026-05-05,11:35,お茶,飲料,130
1257,1045,2026-05-05,11:35,チョコレート,菓子,120
1257,1045,2026-05-05,11:35,弁当,食事,500
1258,1068,2026-05-05,11:39,おにぎり,食事,150
1258,1068,2026-05-05,11:39,お茶,飲料,130
1258,1068,2026-05-05,11:39,パン,食事,180
1259,1012,2026-05-05,11:41,おにぎり,食事,150
1259,1012,2026-05-05,11:41,ジュース,飲料,140
1260,1059,2026-05-05,11:44,カップ麺,食事,220
1260,1059,2026-05-05,11:44,ジュース,飲料,140
1261,1009,2026-05-05,11:53,おにぎり,食事,150
1261,1009,2026-05-05,11:53,お茶,飲料,130
1261,1009,2026-05-05,11:53,パン,食事,180
1262,1008,2026-05-05,11:54,お茶,飲料,130
1262,1008,2026-05-05,11:54,カップ麺,食事,220
1263,1062,2026-05-05,11:54,弁当,食事,500
1264,1070,2026-05-05,11:54,おにぎり,食事,150
1264,1070,2026-05-05,11:54,お茶,飲料,130
1265,1069,2026-05-05,12:02,おにぎり,食事,150
1265,1069,2026-05-05,12:02,お茶,飲料,130
1265,1069,2026-05-05,12:02,パン,食事,180
1266,1047,2026-05-05,12:03,サンドイッチ,食事,320
1267,1022,2026-05-05,12:17,おにぎり,食事,150
1267,1022,2026-05-05,12:17,お茶,飲料,130
1268,1016,2026-05-05,12:21,おにぎり,食事,150
1268,1016,2026-05-05,12:21,お茶,飲料,130
1269,1002,2026-05-05,12:22,弁当,食事,500
1270,1026,2026-05-05,12:24,おにぎり,食事,150
1270,1026,2026-05-05,12:24,お茶,飲料,130
1270,1026,2026-05-05,12:24,チョコレート,菓子,120
1271,1040,2026-05-05,12:30,ジュース,飲料,140
1271,1040,2026-05-05,12:30,弁当,食事,500
1272,1043,2026-05-05,12:31,お茶,飲料,130
1272,1043,2026-05-05,12:31,サンドイッチ,食事,320
1273,1038,2026-05-05,12:35,お茶,飲料,130
1273,1038,2026-05-05,12:35,サンドイッチ,食事,320
1274,1136,2026-05-05,12:45,ノート,文具,200
1275,1035,2026-05-05,12:49,弁当,食事,500
1276,1010,2026-05-05,13:03,カップ麺,食事,220
1277,1050,2026-05-05,13:03,お茶,飲料,130
1277,1050,2026-05-05,13:03,弁当,食事,500
1278,1060,2026-05-05,13:14,おにぎり,食事,150
1278,1060,2026-05-05,13:14,お茶,飲料,130
1278,1060,2026-05-05,13:14,パン,食事,180
1279,1014,2026-05-05,13:15,弁当,食事,500
1280,1044,2026-05-05,13:16,お茶,飲料,130
1280,1044,2026-05-05,13:16,弁当,食事,500
1281,1011,2026-05-05,13:26,お茶,飲料,130
1281,1011,2026-05-05,13:26,弁当,食事,500
1282,1058,2026-05-05,13:32,サンドイッチ,食事,320
1283,1006,2026-05-05,13:36,カップ麺,食事,220
1284,1034,2026-05-05,13:42,お茶,飲料,130
1284,1034,2026-05-05,13:42,サンドイッチ,食事,320
1285,1093,2026-05-05,14:01,クッキー,菓子,180
1285,1093,2026-05-05,14:01,コーヒー,飲料,160
1286,1082,2026-05-05,14:06,クッキー,菓子,180
1286,1082,2026-05-05,14:06,コーヒー,飲料,160
1287,1198,2026-05-05,14:16,お茶,飲料,130
1287,1198,2026-05-05,14:16,カップ麺,食事,220
1287,1198,2026-05-05,14:16,ルーズリーフ,文具,350
1287,1198,2026-05-05,14:16,消しゴム,文具,100
1288,1120,2026-05-05,14:28,クッキー,菓子,180
1288,1120,2026-05-05,14:28,コーヒー,飲料,160
1289,1074,2026-05-05,14:33,コーヒー,飲料,160
1289,1074,2026-05-05,14:33,チョコレート,菓子,120
1290,1076,2026-05-05,14:33,ガム,菓子,110
1290,1076,2026-05-05,14:33,クッキー,菓子,180
1290,1076,2026-05-05,14:33,コーヒー,飲料,160
1291,1077,2026-05-05,14:38,クッキー,菓子,180
1291,1077,2026-05-05,14:38,コーヒー,飲料,160
1292,1102,2026-05-05,14:40,コーヒー,飲料,160
1292,1102,2026-05-05,14:40,チョコレート,菓子,120
1293,1107,2026-05-05,14:45,お茶,飲料,130
1293,1107,2026-05-05,14:45,ガム,菓子,110
1294,1103,2026-05-05,14:48,クッキー,菓子,180
1294,1103,2026-05-05,14:48,コーヒー,飲料,160
1295,1083,2026-05-05,14:49,クッキー,菓子,180
1295,1083,2026-05-05,14:49,コーヒー,飲料,160
1296,1116,2026-05-05,14:49,クッキー,菓子,180
1296,1116,2026-05-05,14:49,コーヒー,飲料,160
1297,1106,2026-05-05,15:06,クッキー,菓子,180
1297,1106,2026-05-05,15:06,コーヒー,飲料,160
1298,1166,2026-05-05,15:06,お茶,飲料,130
1298,1166,2026-05-05,15:06,カップ麺,食事,220
1298,1166,2026-05-05,15:06,チョコレート,菓子,120
1298,1166,2026-05-05,15:06,パン,食事,180
1298,1166,2026-05-05,15:06,ルーズリーフ,文具,350
1298,1166,2026-05-05,15:06,弁当,食事,500
1299,1121,2026-05-05,15:13,コーヒー,飲料,160
1300,1125,2026-05-05,15:13,クッキー,菓子,180
1300,1125,2026-05-05,15:13,コーヒー,飲料,160
1300,1125,2026-05-05,15:13,パン,食事,180
1301,1071,2026-05-05,15:21,クッキー,菓子,180
1301,1071,2026-05-05,15:21,コーヒー,飲料,160
1302,1108,2026-05-05,15:21,ジュース,飲料,140
1302,1108,2026-05-05,15:21,チョコレート,菓子,120
1303,1089,2026-05-05,15:25,コーヒー,飲料,160
1303,1089,2026-05-05,15:25,チョコレート,菓子,120
1303,1089,2026-05-05,15:25,パン,食事,180
1304,1072,2026-05-05,15:26,クッキー,菓子,180
1304,1072,2026-05-05,15:26,コーヒー,飲料,160
1305,1084,2026-05-05,15:38,クッキー,菓子,180
1305,1084,2026-05-05,15:38,コーヒー,飲料,160
1306,1112,2026-05-05,15:46,ジュース,飲料,140
1307,1094,2026-05-05,15:48,ジュース,飲料,140
1308,1111,2026-05-05,15:48,クッキー,菓子,180
1308,1111,2026-05-05,15:48,コーヒー,飲料,160
1309,1091,2026-05-05,15:55,クッキー,菓子,180
1309,1091,2026-05-05,15:55,コーヒー,飲料,160
1310,1081,2026-05-05,15:56,クッキー,菓子,180
1310,1081,2026-05-05,15:56,コーヒー,飲料,160
1311,1151,2026-05-05,15:58,ノート,文具,200
1311,1151,2026-05-05,15:58,ボールペン,文具,120
1311,1151,2026-05-05,15:58,ルーズリーフ,文具,350
1312,1109,2026-05-05,16:01,ジュース,飲料,140
1313,1104,2026-05-05,16:13,クッキー,菓子,180
1313,1104,2026-05-05,16:13,コーヒー,飲料,160
1314,1092,2026-05-05,16:16,コーヒー,飲料,160
1315,1122,2026-05-05,16:16,クッキー,菓子,180
1315,1122,2026-05-05,16:16,コーヒー,飲料,160
1316,1110,2026-05-05,16:17,クッキー,菓子,180
1316,1110,2026-05-05,16:17,コーヒー,飲料,160
1317,1099,2026-05-05,16:32,クッキー,菓子,180
1317,1099,2026-05-05,16:32,コーヒー,飲料,160
1318,1113,2026-05-05,16:37,ジュース,飲料,140
1319,1075,2026-05-05,16:50,クッキー,菓子,180
1319,1075,2026-05-05,16:50,コーヒー,飲料,160
1320,1073,2026-05-05,16:51,クッキー,菓子,180
1320,1073,2026-05-05,16:51,コーヒー,飲料,160
1321,1119,2026-05-05,16:56,クッキー,菓子,180
1321,1119,2026-05-05,16:56,コーヒー,飲料,160
1321,1119,2026-05-05,16:56,パン,食事,180
1322,1100,2026-05-05,16:58,クッキー,菓子,180
1322,1100,2026-05-05,16:58,コーヒー,飲料,160
1322,1100,2026-05-05,16:58,パン,食事,180
1323,1080,2026-05-05,17:15,クッキー,菓子,180
1323,1080,2026-05-05,17:15,コーヒー,飲料,160
1324,1085,2026-05-05,17:17,クッキー,菓子,180
1324,1085,2026-05-05,17:17,コーヒー,飲料,160
1325,1098,2026-05-05,17:23,ガム,菓子,110
1325,1098,2026-05-05,17:23,コーヒー,飲料,160
1325,1098,2026-05-05,17:23,チョコレート,菓子,120
1326,1097,2026-05-05,17:24,コーヒー,飲料,160
1327,1180,2026-05-05,18:26,お茶,飲料,130
1327,1180,2026-05-05,18:26,ガム,菓子,110
1327,1180,2026-05-05,18:26,コーヒー,飲料,160
1327,1180,2026-05-05,18:26,ジュース,飲料,140
1327,1180,2026-05-05,18:26,弁当,食事,500
1328,1042,2026-05-06,11:03,お茶,飲料,130
1328,1042,2026-05-06,11:03,弁当,食事,500
1329,1055,2026-05-06,11:05,おにぎり,食事,150
1329,1055,2026-05-06,11:05,お茶,飲料,130
1330,1023,2026-05-06,11:08,お茶,飲料,130
1330,1023,2026-05-06,11:08,弁当,食事,500
1331,1017,2026-05-06,11:11,おにぎり,食事,150
1331,1017,2026-05-06,11:11,お茶,飲料,130
1331,1017,2026-05-06,11:11,パン,食事,180
1332,1061,2026-05-06,11:15,お茶,飲料,130
1332,1061,2026-05-06,11:15,サンドイッチ,食事,320
1333,1024,2026-05-06,11:17,サンドイッチ,食事,320
1334,1031,2026-05-06,11:17,カップ麺,食事,220
1334,1031,2026-05-06,11:17,ジュース,飲料,140
1335,1001,2026-05-06,11:21,おにぎり,食事,150
1335,1001,2026-05-06,11:21,お茶,飲料,130
1336,1040,2026-05-06,11:40,弁当,食事,500
1337,1174,2026-05-06,11:47,おにぎり,食事,150
1337,1174,2026-05-06,11:47,ジュース,飲料,140
1337,1174,2026-05-06,11:47,チョコレート,菓子,120
1337,1174,2026-05-06,11:47,ノート,文具,200
1337,1174,2026-05-06,11:47,ボールペン,文具,120
1337,1174,2026-05-06,11:47,弁当,食事,500
1338,1050,2026-05-06,11:59,おにぎり,食事,150
1338,1050,2026-05-06,11:59,お茶,飲料,130
1339,1015,2026-05-06,12:01,お茶,飲料,130
1339,1015,2026-05-06,12:01,弁当,食事,500
1340,1026,2026-05-06,12:01,お茶,飲料,130
1340,1026,2026-05-06,12:01,弁当,食事,500
1341,1010,2026-05-06,12:03,おにぎり,食事,150
1341,1010,2026-05-06,12:03,お茶,飲料,130
1342,1045,2026-05-06,12:03,お茶,飲料,130
1342,1045,2026-05-06,12:03,弁当,食事,500
1343,1022,2026-05-06,12:26,弁当,食事,500
1344,1196,2026-05-06,12:31,おにぎり,食事,150
1344,1196,2026-05-06,12:31,お茶,飲料,130
1344,1196,2026-05-06,12:31,クッキー,菓子,180
1344,1196,2026-05-06,12:31,コーヒー,飲料,160
1344,1196,2026-05-06,12:31,パン,食事,180
1345,1039,2026-05-06,12:42,お茶,飲料,130
1345,1039,2026-05-06,12:42,カップ麺,食事,220
1346,1002,2026-05-06,12:46,弁当,食事,500
1347,1062,2026-05-06,12:48,おにぎり,食事,150
1347,1062,2026-05-06,12:48,お茶,飲料,130
1348,1056,2026-05-06,12:51,お茶,飲料,130
1348,1056,2026-05-06,12:51,弁当,食事,500
1349,1051,2026-05-06,12:53,おにぎり,食事,150
1349,1051,2026-05-06,12:53,お茶,飲料,130
1349,1051,2026-05-06,12:53,パン,食事,180
1350,1069,2026-05-06,12:54,お茶,飲料,130
1350,1069,2026-05-06,12:54,弁当,食事,500
1351,1012,2026-05-06,13:01,おにぎり,食事,150
1351,1012,2026-05-06,13:01,お茶,飲料,130
1351,1012,2026-05-06,13:01,パン,食事,180
1352,1063,2026-05-06,13:08,おにぎり,食事,150
1352,1063,2026-05-06,13:08,お茶,飲料,130
1353,1180,2026-05-06,13:11,お茶,飲料,130
1353,1180,2026-05-06,13:11,コーヒー,飲料,160
1353,1180,2026-05-06,13:11,チョコレート,菓子,120
1353,1180,2026-05-06,13:11,パン,食事,180
1353,1180,2026-05-06,13:11,ボールペン,文具,120
1353,1180,2026-05-06,13:11,弁当,食事,500
1354,1028,2026-05-06,13:12,弁当,食事,500
1355,1041,2026-05-06,13:12,お茶,飲料,130
1355,1041,2026-05-06,13:12,サンドイッチ,食事,320
1355,1041,2026-05-06,13:12,チョコレート,菓子,120
1356,1011,2026-05-06,13:23,おにぎり,食事,150
1356,1011,2026-05-06,13:23,ジュース,飲料,140
1357,1020,2026-05-06,13:24,おにぎり,食事,150
1357,1020,2026-05-06,13:24,お茶,飲料,130
1357,1020,2026-05-06,13:24,パン,食事,180
1358,1049,2026-05-06,13:24,サンドイッチ,食事,320
1359,1005,2026-05-06,13:35,サンドイッチ,食事,320
1360,1070,2026-05-06,13:42,おにぎり,食事,150
1360,1070,2026-05-06,13:42,お茶,飲料,130
1360,1070,2026-05-06,13:42,パン,食事,180
1361,1054,2026-05-06,13:43,弁当,食事,500
1362,1018,2026-05-06,13:48,カップ麺,食事,220
1362,1018,2026-05-06,13:48,チョコレート,菓子,120
1363,1004,2026-05-06,13:52,お茶,飲料,130
1363,1004,2026-05-06,13:52,弁当,食事,500
1364,1013,2026-05-06,13:58,お茶,飲料,130
1364,1013,2026-05-06,13:58,弁当,食事,500
1365,1108,2026-05-06,14:00,ジュース,飲料,140
1366,1122,2026-05-06,14:04,クッキー,菓子,180
1366,1122,2026-05-06,14:04,コーヒー,飲料,160
1367,1120,2026-05-06,14:14,クッキー,菓子,180
1367,1120,2026-05-06,14:14,コーヒー,飲料,160
1368,1081,2026-05-06,14:22,コーヒー,飲料,160
1368,1081,2026-05-06,14:22,チョコレート,菓子,120
1369,1125,2026-05-06,14:23,ガム,菓子,110
1369,1125,2026-05-06,14:23,クッキー,菓子,180
1369,1125,2026-05-06,14:23,コーヒー,飲料,160
1370,1121,2026-05-06,14:27,ジュース,飲料,140
1370,1121,2026-05-06,14:27,チョコレート,菓子,120
1371,1089,2026-05-06,14:28,クッキー,菓子,180
1371,1089,2026-05-06,14:28,コーヒー,飲料,160
1372,1119,2026-05-06,14:30,コーヒー,飲料,160
1372,1119,2026-05-06,14:30,チョコレート,菓子,120
1373,1072,2026-05-06,14:40,コーヒー,飲料,160
1373,1072,2026-05-06,14:40,チョコレート,菓子,120
1374,1107,2026-05-06,14:40,コーヒー,飲料,160
1375,1093,2026-05-06,15:07,クッキー,菓子,180
1375,1093,2026-05-06,15:07,コーヒー,飲料,160
1376,1075,2026-05-06,15:11,コーヒー,飲料,160
1376,1075,2026-05-06,15:11,チョコレート,菓子,120
1377,1088,2026-05-06,15:15,クッキー,菓子,180
1377,1088,2026-05-06,15:15,コーヒー,飲料,160
1378,1103,2026-05-06,15:15,お茶,飲料,130
1379,1095,2026-05-06,15:18,コーヒー,飲料,160
1380,1171,2026-05-06,15:21,おにぎり,食事,150
1380,1171,2026-05-06,15:21,お茶,飲料,130
1380,1171,2026-05-06,15:21,ガム,菓子,110
1380,1171,2026-05-06,15:21,コーヒー,飲料,160
1380,1171,2026-05-06,15:21,サンドイッチ,食事,320
1380,1171,2026-05-06,15:21,ノート,文具,200
1380,1171,2026-05-06,15:21,パン,食事,180
1381,1097,2026-05-06,15:24,コーヒー,飲料,160
1382,1076,2026-05-06,15:27,コーヒー,飲料,160
1383,1071,2026-05-06,15:32,お茶,飲料,130
1384,1077,2026-05-06,15:35,ガム,菓子,110
1384,1077,2026-05-06,15:35,コーヒー,飲料,160
1384,1077,2026-05-06,15:35,チョコレート,菓子,120
1385,1092,2026-05-06,15:36,クッキー,菓子,180
1385,1092,2026-05-06,15:36,コーヒー,飲料,160
1385,1092,2026-05-06,15:36,パン,食事,180
1386,1111,2026-05-06,15:38,お茶,飲料,130
1386,1111,2026-05-06,15:38,チョコレート,菓子,120
1387,1105,2026-05-06,15:39,コーヒー,飲料,160
1388,1091,2026-05-06,15:42,コーヒー,飲料,160
1389,1099,2026-05-06,15:50,クッキー,菓子,180
1389,1099,2026-05-06,15:50,コーヒー,飲料,160
1390,1110,2026-05-06,16:05,クッキー,菓子,180
1390,1110,2026-05-06,16:05,コーヒー,飲料,160
1391,1096,2026-05-06,16:18,ガム,菓子,110
1391,1096,2026-05-06,16:18,コーヒー,飲料,160
1391,1096,2026-05-06,16:18,チョコレート,菓子,120
1392,1079,2026-05-06,16:22,コーヒー,飲料,160
1393,1098,2026-05-06,16:22,クッキー,菓子,180
1393,1098,2026-05-06,16:22,コーヒー,飲料,160
1394,1106,2026-05-06,16:23,ジュース,飲料,140
1394,1106,2026-05-06,16:23,チョコレート,菓子,120
1395,1113,2026-05-06,16:24,クッキー,菓子,180
1395,1113,2026-05-06,16:24,コーヒー,飲料,160
1396,1086,2026-05-06,16:25,クッキー,菓子,180
1396,1086,2026-05-06,16:25,コーヒー,飲料,160
1397,1195,2026-05-06,16:28,おにぎり,食事,150
1397,1195,2026-05-06,16:28,お茶,飲料,130
1397,1195,2026-05-06,16:28,カップ麺,食事,220
1397,1195,2026-05-06,16:28,コーヒー,飲料,160
1397,1195,2026-05-06,16:28,サンドイッチ,食事,320
1397,1195,2026-05-06,16:28,ジュース,飲料,140
1397,1195,2026-05-06,16:28,チョコレート,菓子,120
1397,1195,2026-05-06,16:28,ノート,文具,200
1397,1195,2026-05-06,16:28,パン,食事,180
1397,1195,2026-05-06,16:28,弁当,食事,500
1398,1104,2026-05-06,16:31,クッキー,菓子,180
1398,1104,2026-05-06,16:31,コーヒー,飲料,160
1399,1109,2026-05-06,16:48,ジュース,飲料,140
1399,1109,2026-05-06,16:48,パン,食事,180
1400,1123,2026-05-06,16:48,お茶,飲料,130
1400,1123,2026-05-06,16:48,ガム,菓子,110
1400,1123,2026-05-06,16:48,チョコレート,菓子,120
1401,1094,2026-05-06,16:54,クッキー,菓子,180
1401,1094,2026-05-06,16:54,コーヒー,飲料,160
1402,1082,2026-05-06,16:55,クッキー,菓子,180
1402,1082,2026-05-06,16:55,コーヒー,飲料,160
1403,1080,2026-05-06,16:59,クッキー,菓子,180
1403,1080,2026-05-06,16:59,コーヒー,飲料,160
1404,1100,2026-05-06,16:59,クッキー,菓子,180
1404,1100,2026-05-06,16:59,コーヒー,飲料,160
1405,1087,2026-05-06,17:04,ガム,菓子,110
1405,1087,2026-05-06,17:04,コーヒー,飲料,160
1406,1101,2026-05-06,17:20,クッキー,菓子,180
1406,1101,2026-05-06,17:20,コーヒー,飲料,160
1407,1117,2026-05-06,17:21,コーヒー,飲料,160
1408,1102,2026-05-06,17:24,クッキー,菓子,180
1408,1102,2026-05-06,17:24,コーヒー,飲料,160
1409,1114,2026-05-06,17:26,コーヒー,飲料,160
1409,1114,2026-05-06,17:26,チョコレート,菓子,120
1410,1112,2026-05-06,17:42,コーヒー,飲料,160
1411,1085,2026-05-06,17:46,クッキー,菓子,180
1411,1085,2026-05-06,17:46,コーヒー,飲料,160
1411,1085,2026-05-06,17:46,パン,食事,180
1412,1143,2026-05-07,10:37,ボールペン,文具,120
1412,1143,2026-05-07,10:37,ルーズリーフ,文具,350
1413,1021,2026-05-07,11:10,弁当,食事,500
1414,1017,2026-05-07,11:18,お茶,飲料,130
1414,1017,2026-05-07,11:18,カップ麺,食事,220
1414,1017,2026-05-07,11:18,チョコレート,菓子,120
1415,1013,2026-05-07,11:21,弁当,食事,500
1416,1059,2026-05-07,11:21,ジュース,飲料,140
1416,1059,2026-05-07,11:21,チョコレート,菓子,120
1416,1059,2026-05-07,11:21,弁当,食事,500
1417,1028,2026-05-07,11:24,カップ麺,食事,220
1417,1028,2026-05-07,11:24,ジュース,飲料,140
1418,1196,2026-05-07,11:27,おにぎり,食事,150
1418,1196,2026-05-07,11:27,クッキー,菓子,180
1418,1196,2026-05-07,11:27,コーヒー,飲料,160
1418,1196,2026-05-07,11:27,パン,食事,180
1419,1027,2026-05-07,11:33,お茶,飲料,130
1419,1027,2026-05-07,11:33,弁当,食事,500
1420,1069,2026-05-07,11:34,おにぎり,食事,150
1420,1069,2026-05-07,11:34,お茶,飲料,130
1420,1069,2026-05-07,11:34,パン,食事,180
1421,1016,2026-05-07,11:35,おにぎり,食事,150
1421,1016,2026-05-07,11:35,お茶,飲料,130
1421,1016,2026-05-07,11:35,パン,食事,180
1422,1062,2026-05-07,11:42,弁当,食事,500
1423,1171,2026-05-07,12:05,おにぎり,食事,150
1423,1171,2026-05-07,12:05,お茶,飲料,130
1423,1171,2026-05-07,12:05,カップ麺,食事,220
1423,1171,2026-05-07,12:05,ガム,菓子,110
1423,1171,2026-05-07,12:05,チョコレート,菓子,120
1423,1171,2026-05-07,12:05,ボールペン,文具,120
1423,1171,2026-05-07,12:05,弁当,食事,500
1424,1025,2026-05-07,12:13,ジュース,飲料,140
1424,1025,2026-05-07,12:13,チョコレート,菓子,120
1424,1025,2026-05-07,12:13,弁当,食事,500
1425,1015,2026-05-07,12:15,おにぎり,食事,150
1425,1015,2026-05-07,12:15,お茶,飲料,130
1426,1030,2026-05-07,12:23,カップ麺,食事,220
1427,1035,2026-05-07,12:29,お茶,飲料,130
1427,1035,2026-05-07,12:29,弁当,食事,500
1428,1068,2026-05-07,12:44,ジュース,飲料,140
1428,1068,2026-05-07,12:44,弁当,食事,500
1429,1042,2026-05-07,12:47,おにぎり,食事,150
1429,1042,2026-05-07,12:47,お茶,飲料,130
1430,1061,2026-05-07,12:48,お茶,飲料,130
1430,1061,2026-05-07,12:48,弁当,食事,500
1431,1052,2026-05-07,12:57,弁当,食事,500
1432,1197,2026-05-07,13:03,お茶,飲料,130
1432,1197,2026-05-07,13:03,クッキー,菓子,180
1432,1197,2026-05-07,13:03,コーヒー,飲料,160
1432,1197,2026-05-07,13:03,弁当,食事,500
1433,1019,2026-05-07,13:04,お茶,飲料,130
1433,1019,2026-05-07,13:04,弁当,食事,500
1434,1060,2026-05-07,13:12,お茶,飲料,130
1434,1060,2026-05-07,13:12,弁当,食事,500
1435,1005,2026-05-07,13:23,お茶,飲料,130
1435,1005,2026-05-07,13:23,カップ麺,食事,220
1435,1005,2026-05-07,13:23,チョコレート,菓子,120
1436,1063,2026-05-07,13:38,お茶,飲料,130
1436,1063,2026-05-07,13:38,カップ麺,食事,220
1437,1043,2026-05-07,13:41,おにぎり,食事,150
1437,1043,2026-05-07,13:41,お茶,飲料,130
1437,1043,2026-05-07,13:41,パン,食事,180
1438,1033,2026-05-07,13:43,お茶,飲料,130
1438,1033,2026-05-07,13:43,弁当,食事,500
1439,1034,2026-05-07,13:50,お茶,飲料,130
1439,1034,2026-05-07,13:50,サンドイッチ,食事,320
1440,1144,2026-05-07,13:59,お茶,飲料,130
1440,1144,2026-05-07,13:59,ノート,文具,200
1440,1144,2026-05-07,13:59,ボールペン,文具,120
1440,1144,2026-05-07,13:59,消しゴム,文具,100
1441,1074,2026-05-07,14:00,クッキー,菓子,180
1441,1074,2026-05-07,14:00,コーヒー,飲料,160
1442,1124,2026-05-07,14:01,クッキー,菓子,180
1442,1124,2026-05-07,14:01,コーヒー,飲料,160
1443,1119,2026-05-07,14:26,コーヒー,飲料,160
1444,1123,2026-05-07,14:26,コーヒー,飲料,160
1445,1106,2026-05-07,14:38,クッキー,菓子,180
1445,1106,2026-05-07,14:38,コーヒー,飲料,160
1446,1118,2026-05-07,14:42,クッキー,菓子,180
1446,1118,2026-05-07,14:42,コーヒー,飲料,160
1447,1115,2026-05-07,14:44,ジュース,飲料,140
1448,1094,2026-05-07,14:50,クッキー,菓子,180
1448,1094,2026-05-07,14:50,コーヒー,飲料,160
1449,1100,2026-05-07,14:57,コーヒー,飲料,160
1450,1109,2026-05-07,15:04,コーヒー,飲料,160
1450,1109,2026-05-07,15:04,チョコレート,菓子,120
1451,1098,2026-05-07,15:05,ガム,菓子,110
1451,1098,2026-05-07,15:05,コーヒー,飲料,160
1452,1116,2026-05-07,15:07,クッキー,菓子,180
1452,1116,2026-05-07,15:07,コーヒー,飲料,160
1453,1102,2026-05-07,15:12,クッキー,菓子,180
1453,1102,2026-05-07,15:12,コーヒー,飲料,160
1454,1108,2026-05-07,15:12,クッキー,菓子,180
1454,1108,2026-05-07,15:12,コーヒー,飲料,160
1454,1108,2026-05-07,15:12,パン,食事,180
1455,1095,2026-05-07,15:15,コーヒー,飲料,160
1456,1078,2026-05-07,15:24,ジュース,飲料,140
1457,1110,2026-05-07,15:33,ガム,菓子,110
1457,1110,2026-05-07,15:33,コーヒー,飲料,160
1458,1082,2026-05-07,15:37,ジュース,飲料,140
1458,1082,2026-05-07,15:37,チョコレート,菓子,120
1459,1093,2026-05-07,15:41,コーヒー,飲料,160
1460,1097,2026-05-07,15:48,クッキー,菓子,180
1460,1097,2026-05-07,15:48,コーヒー,飲料,160
1461,1122,2026-05-07,15:50,クッキー,菓子,180
1461,1122,2026-05-07,15:50,コーヒー,飲料,160
1462,1136,2026-05-07,15:51,お茶,飲料,130
1462,1136,2026-05-07,15:51,ノート,文具,200
1462,1136,2026-05-07,15:51,ボールペン,文具,120
1462,1136,2026-05-07,15:51,ルーズリーフ,文具,350
1462,1136,2026-05-07,15:51,消しゴム,文具,100
1463,1121,2026-05-07,15:52,クッキー,菓子,180
1463,1121,2026-05-07,15:52,コーヒー,飲料,160
1464,1113,2026-05-07,15:54,ガム,菓子,110
1464,1113,2026-05-07,15:54,クッキー,菓子,180
1464,1113,2026-05-07,15:54,コーヒー,飲料,160
1465,1101,2026-05-07,16:00,ガム,菓子,110
1465,1101,2026-05-07,16:00,コーヒー,飲料,160
1466,1089,2026-05-07,16:03,ガム,菓子,110
1466,1089,2026-05-07,16:03,クッキー,菓子,180
1466,1089,2026-05-07,16:03,コーヒー,飲料,160
1467,1088,2026-05-07,16:12,お茶,飲料,130
1467,1088,2026-05-07,16:12,チョコレート,菓子,120
1468,1076,2026-05-07,16:25,コーヒー,飲料,160
1468,1076,2026-05-07,16:25,チョコレート,菓子,120
1469,1073,2026-05-07,16:34,クッキー,菓子,180
1469,1073,2026-05-07,16:34,コーヒー,飲料,160
1470,1120,2026-05-07,16:36,クッキー,菓子,180
1470,1120,2026-05-07,16:36,コーヒー,飲料,160
1471,1077,2026-05-07,16:41,コーヒー,飲料,160
1471,1077,2026-05-07,16:41,チョコレート,菓子,120
1471,1077,2026-05-07,16:41,パン,食事,180
1472,1075,2026-05-07,16:51,クッキー,菓子,180
1472,1075,2026-05-07,16:51,コーヒー,飲料,160
1472,1075,2026-05-07,16:51,パン,食事,180
1473,1086,2026-05-07,16:53,ジュース,飲料,140
1473,1086,2026-05-07,16:53,チョコレート,菓子,120
1474,1125,2026-05-07,16:53,コーヒー,飲料,160
1475,1079,2026-05-07,16:57,クッキー,菓子,180
1475,1079,2026-05-07,16:57,コーヒー,飲料,160
1476,1083,2026-05-07,16:58,クッキー,菓子,180
1476,1083,2026-05-07,16:58,コーヒー,飲料,160
1477,1085,2026-05-07,17:01,クッキー,菓子,180
1477,1085,2026-05-07,17:01,コーヒー,飲料,160
1478,1081,2026-05-07,17:04,お茶,飲料,130
1479,1099,2026-05-07,17:14,ジュース,飲料,140
1480,1096,2026-05-07,17:25,お茶,飲料,130
1481,1103,2026-05-07,17:28,コーヒー,飲料,160
1481,1103,2026-05-07,17:28,チョコレート,菓子,120
1482,1092,2026-05-07,17:36,コーヒー,飲料,160
1482,1092,2026-05-07,17:36,チョコレート,菓子,120
1482,1092,2026-05-07,17:36,パン,食事,180
1483,1090,2026-05-07,17:38,コーヒー,飲料,160
1484,1080,2026-05-07,17:59,コーヒー,飲料,160
1485,1185,2026-05-08,10:10,お茶,飲料,130
1485,1185,2026-05-08,10:10,カップ麺,食事,220
1485,1185,2026-05-08,10:10,クッキー,菓子,180
1485,1185,2026-05-08,10:10,ジュース,飲料,140
1485,1185,2026-05-08,10:10,チョコレート,菓子,120
1485,1185,2026-05-08,10:10,パン,食事,180
1485,1185,2026-05-08,10:10,ボールペン,文具,120
1485,1185,2026-05-08,10:10,弁当,食事,500
1485,1185,2026-05-08,10:10,消しゴム,文具,100
1486,1067,2026-05-08,11:01,ジュース,飲料,140
1486,1067,2026-05-08,11:01,弁当,食事,500
1487,1017,2026-05-08,11:02,お茶,飲料,130
1487,1017,2026-05-08,11:02,チョコレート,菓子,120
1487,1017,2026-05-08,11:02,弁当,食事,500
1488,1036,2026-05-08,11:03,おにぎり,食事,150
1488,1036,2026-05-08,11:03,お茶,飲料,130
1489,1018,2026-05-08,11:04,おにぎり,食事,150
1489,1018,2026-05-08,11:04,お茶,飲料,130
1489,1018,2026-05-08,11:04,パン,食事,180
1490,1030,2026-05-08,11:08,おにぎり,食事,150
1490,1030,2026-05-08,11:08,お茶,飲料,130
1491,1022,2026-05-08,11:11,サンドイッチ,食事,320
1492,1196,2026-05-08,11:29,おにぎり,食事,150
1492,1196,2026-05-08,11:29,お茶,飲料,130
1492,1196,2026-05-08,11:29,クッキー,菓子,180
1492,1196,2026-05-08,11:29,コーヒー,飲料,160
1493,1025,2026-05-08,11:34,サンドイッチ,食事,320
1494,1053,2026-05-08,11:39,お茶,飲料,130
1494,1053,2026-05-08,11:39,サンドイッチ,食事,320
1495,1061,2026-05-08,11:44,お茶,飲料,130
1495,1061,2026-05-08,11:44,弁当,食事,500
1496,1062,2026-05-08,11:44,お茶,飲料,130
1496,1062,2026-05-08,11:44,カップ麺,食事,220
1496,1062,2026-05-08,11:44,チョコレート,菓子,120
1497,1023,2026-05-08,11:45,ジュース,飲料,140
1497,1023,2026-05-08,11:45,弁当,食事,500
1498,1042,2026-05-08,11:46,ジュース,飲料,140
1498,1042,2026-05-08,11:46,弁当,食事,500
1499,1065,2026-05-08,11:49,弁当,食事,500
1500,1027,2026-05-08,11:58,お茶,飲料,130
1500,1027,2026-05-08,11:58,弁当,食事,500
1501,1052,2026-05-08,12:05,おにぎり,食事,150
1501,1052,2026-05-08,12:05,お茶,飲料,130
1501,1052,2026-05-08,12:05,パン,食事,180
1502,1041,2026-05-08,12:08,おにぎり,食事,150
1502,1041,2026-05-08,12:08,お茶,飲料,130
1502,1041,2026-05-08,12:08,パン,食事,180
1503,1004,2026-05-08,12:10,おにぎり,食事,150
1504,1014,2026-05-08,12:14,おにぎり,食事,150
1504,1014,2026-05-08,12:14,お茶,飲料,130
1505,1069,2026-05-08,12:23,おにぎり,食事,150
1505,1069,2026-05-08,12:23,お茶,飲料,130
1506,1006,2026-05-08,12:26,お茶,飲料,130
1506,1006,2026-05-08,12:26,サンドイッチ,食事,320
1507,1038,2026-05-08,12:26,カップ麺,食事,220
1508,1044,2026-05-08,12:39,おにぎり,食事,150
1508,1044,2026-05-08,12:39,お茶,飲料,130
1508,1044,2026-05-08,12:39,チョコレート,菓子,120
1508,1044,2026-05-08,12:39,パン,食事,180
1509,1189,2026-05-08,12:43,おにぎり,食事,150
1509,1189,2026-05-08,12:43,お茶,飲料,130
1509,1189,2026-05-08,12:43,カップ麺,食事,220
1509,1189,2026-05-08,12:43,ガム,菓子,110
1509,1189,2026-05-08,12:43,コーヒー,飲料,160
1509,1189,2026-05-08,12:43,ジュース,飲料,140
1509,1189,2026-05-08,12:43,ノート,文具,200
1509,1189,2026-05-08,12:43,パン,食事,180
1509,1189,2026-05-08,12:43,弁当,食事,500
1510,1031,2026-05-08,12:46,ジュース,飲料,140
1510,1031,2026-05-08,12:46,チョコレート,菓子,120
1510,1031,2026-05-08,12:46,弁当,食事,500
1511,1007,2026-05-08,12:52,カップ麺,食事,220
1512,1001,2026-05-08,12:56,おにぎり,食事,150
1512,1001,2026-05-08,12:56,お茶,飲料,130
1513,1026,2026-05-08,13:05,お茶,飲料,130
1513,1026,2026-05-08,13:05,弁当,食事,500
1514,1035,2026-05-08,13:07,お茶,飲料,130
1514,1035,2026-05-08,13:07,弁当,食事,500
1515,1060,2026-05-08,13:07,お茶,飲料,130
1515,1060,2026-05-08,13:07,弁当,食事,500
1516,1157,2026-05-08,13:09,ノート,文具,200
1516,1157,2026-05-08,13:09,ボールペン,文具,120
1517,1032,2026-05-08,13:18,サンドイッチ,食事,320
1518,1003,2026-05-08,13:19,お茶,飲料,130
1518,1003,2026-05-08,13:19,弁当,食事,500
1519,1054,2026-05-08,13:32,お茶,飲料,130
1519,1054,2026-05-08,13:32,サンドイッチ,食事,320
1519,1054,2026-05-08,13:32,チョコレート,菓子,120
1520,1064,2026-05-08,13:35,おにぎり,食事,150
1520,1064,2026-05-08,13:35,お茶,飲料,130
1520,1064,2026-05-08,13:35,パン,食事,180
1521,1019,2026-05-08,13:45,お茶,飲料,130
1521,1019,2026-05-08,13:45,チョコレート,菓子,120
1521,1019,2026-05-08,13:45,弁当,食事,500
1522,1009,2026-05-08,13:56,お茶,飲料,130
1522,1009,2026-05-08,13:56,弁当,食事,500
1523,1108,2026-05-08,14:00,クッキー,菓子,180
1523,1108,2026-05-08,14:00,コーヒー,飲料,160
1524,1101,2026-05-08,14:07,ガム,菓子,110
1524,1101,2026-05-08,14:07,クッキー,菓子,180
1524,1101,2026-05-08,14:07,コーヒー,飲料,160
1525,1094,2026-05-08,14:08,コーヒー,飲料,160
1525,1094,2026-05-08,14:08,チョコレート,菓子,120
1526,1120,2026-05-08,14:16,コーヒー,飲料,160
1526,1120,2026-05-08,14:16,チョコレート,菓子,120
1527,1098,2026-05-08,14:25,ジュース,飲料,140
1528,1119,2026-05-08,14:47,クッキー,菓子,180
1528,1119,2026-05-08,14:47,コーヒー,飲料,160
1529,1104,2026-05-08,14:50,コーヒー,飲料,160
1530,1077,2026-05-08,14:57,お茶,飲料,130
1530,1077,2026-05-08,14:57,チョコレート,菓子,120
1530,1077,2026-05-08,14:57,パン,食事,180
1531,1112,2026-05-08,15:08,お茶,飲料,130
1532,1080,2026-05-08,15:12,コーヒー,飲料,160
1532,1080,2026-05-08,15:12,チョコレート,菓子,120
1533,1091,2026-05-08,15:15,コーヒー,飲料,160
1533,1091,2026-05-08,15:15,チョコレート,菓子,120
1533,1091,2026-05-08,15:15,パン,食事,180
1534,1121,2026-05-08,15:20,ジュース,飲料,140
1534,1121,2026-05-08,15:20,チョコレート,菓子,120
1535,1116,2026-05-08,15:31,クッキー,菓子,180
1535,1116,2026-05-08,15:31,コーヒー,飲料,160
1536,1074,2026-05-08,15:32,お茶,飲料,130
1536,1074,2026-05-08,15:32,チョコレート,菓子,120
1537,1090,2026-05-08,15:41,ジュース,飲料,140
1537,1090,2026-05-08,15:41,チョコレート,菓子,120
1538,1115,2026-05-08,15:56,クッキー,菓子,180
1538,1115,2026-05-08,15:56,コーヒー,飲料,160
1539,1084,2026-05-08,15:58,お茶,飲料,130
1540,1089,2026-05-08,16:13,クッキー,菓子,180
1540,1089,2026-05-08,16:13,コーヒー,飲料,160
1541,1099,2026-05-08,16:14,お茶,飲料,130
1542,1191,2026-05-08,16:21,おにぎり,食事,150
1542,1191,2026-05-08,16:21,お茶,飲料,130
1542,1191,2026-05-08,16:21,クッキー,菓子,180
1542,1191,2026-05-08,16:21,コーヒー,飲料,160
1542,1191,2026-05-08,16:21,サンドイッチ,食事,320
1542,1191,2026-05-08,16:21,ジュース,飲料,140
1542,1191,2026-05-08,16:21,チョコレート,菓子,120
1542,1191,2026-05-08,16:21,弁当,食事,500
1542,1191,2026-05-08,16:21,消しゴム,文具,100
1543,1111,2026-05-08,16:26,コーヒー,飲料,160
1544,1087,2026-05-08,16:28,クッキー,菓子,180
1544,1087,2026-05-08,16:28,コーヒー,飲料,160
1545,1081,2026-05-08,16:36,コーヒー,飲料,160
1546,1075,2026-05-08,16:38,クッキー,菓子,180
1546,1075,2026-05-08,16:38,コーヒー,飲料,160
1547,1085,2026-05-08,16:55,ガム,菓子,110
1547,1085,2026-05-08,16:55,クッキー,菓子,180
1547,1085,2026-05-08,16:55,コーヒー,飲料,160
1547,1085,2026-05-08,16:55,パン,食事,180
1548,1110,2026-05-08,16:59,クッキー,菓子,180
1548,1110,2026-05-08,16:59,コーヒー,飲料,160
1549,1106,2026-05-08,17:02,クッキー,菓子,180
1549,1106,2026-05-08,17:02,コーヒー,飲料,160
1550,1114,2026-05-08,17:07,コーヒー,飲料,160
1550,1114,2026-05-08,17:07,チョコレート,菓子,120
1551,1100,2026-05-08,17:16,ジュース,飲料,140
1552,1123,2026-05-08,17:16,コーヒー,飲料,160
1553,1118,2026-05-08,17:17,お茶,飲料,130
1554,1071,2026-05-08,17:22,コーヒー,飲料,160
1555,1095,2026-05-08,17:25,ガム,菓子,110
1555,1095,2026-05-08,17:25,コーヒー,飲料,160
1556,1117,2026-05-08,17:39,クッキー,菓子,180
1556,1117,2026-05-08,17:39,コーヒー,飲料,160
1557,1083,2026-05-08,17:42,ガム,菓子,110
1557,1083,2026-05-08,17:42,クッキー,菓子,180
1557,1083,2026-05-08,17:42,コーヒー,飲料,160
1558,1092,2026-05-08,17:48,クッキー,菓子,180
1558,1092,2026-05-08,17:48,コーヒー,飲料,160
1559,1068,2026-05-11,11:01,おにぎり,食事,150
1559,1068,2026-05-11,11:01,お茶,飲料,130
1560,1197,2026-05-11,11:01,お茶,飲料,130
1560,1197,2026-05-11,11:01,クッキー,菓子,180
1560,1197,2026-05-11,11:01,コーヒー,飲料,160
1560,1197,2026-05-11,11:01,パン,食事,180
1560,1197,2026-05-11,11:01,弁当,食事,500
1561,1132,2026-05-11,11:02,ルーズリーフ,文具,350
1562,1013,2026-05-11,11:12,お茶,飲料,130
1562,1013,2026-05-11,11:12,弁当,食事,500
1563,1005,2026-05-11,11:16,おにぎり,食事,150
1563,1005,2026-05-11,11:16,お茶,飲料,130
1564,1059,2026-05-11,11:23,サンドイッチ,食事,320
1565,1056,2026-05-11,11:25,お茶,飲料,130
1565,1056,2026-05-11,11:25,弁当,食事,500
1566,1057,2026-05-11,11:30,おにぎり,食事,150
1566,1057,2026-05-11,11:30,お茶,飲料,130
1566,1057,2026-05-11,11:30,パン,食事,180
1567,1065,2026-05-11,11:30,サンドイッチ,食事,320
1568,1030,2026-05-11,11:31,おにぎり,食事,150
1568,1030,2026-05-11,11:31,お茶,飲料,130
1568,1030,2026-05-11,11:31,パン,食事,180
1569,1066,2026-05-11,11:44,弁当,食事,500
1570,1036,2026-05-11,11:49,おにぎり,食事,150
1570,1036,2026-05-11,11:49,お茶,飲料,130
1571,1060,2026-05-11,11:50,お茶,飲料,130
1571,1060,2026-05-11,11:50,カップ麺,食事,220
1572,1003,2026-05-11,11:52,弁当,食事,500
1573,1017,2026-05-11,11:52,おにぎり,食事,150
1573,1017,2026-05-11,11:52,お茶,飲料,130
1573,1017,2026-05-11,11:52,パン,食事,180
1574,1050,2026-05-11,11:53,お茶,飲料,130
1574,1050,2026-05-11,11:53,カップ麺,食事,220
1575,1002,2026-05-11,12:01,カップ麺,食事,220
1576,1031,2026-05-11,12:04,お茶,飲料,130
1576,1031,2026-05-11,12:04,サンドイッチ,食事,320
1577,1055,2026-05-11,12:13,おにぎり,食事,150
1577,1055,2026-05-11,12:13,お茶,飲料,130
1577,1055,2026-05-11,12:13,チョコレート,菓子,120
1577,1055,2026-05-11,12:13,パン,食事,180
1578,1014,2026-05-11,12:20,おにぎり,食事,150
1578,1014,2026-05-11,12:20,お茶,飲料,130
1579,1067,2026-05-11,12:22,おにぎり,食事,150
1579,1067,2026-05-11,12:22,お茶,飲料,130
1579,1067,2026-05-11,12:22,パン,食事,180
1580,1049,2026-05-11,12:23,おにぎり,食事,150
1580,1049,2026-05-11,12:23,パン,食事,180
1581,1027,2026-05-11,12:25,カップ麺,食事,220
1582,1024,2026-05-11,12:28,おにぎり,食事,150
1582,1024,2026-05-11,12:28,お茶,飲料,130
1582,1024,2026-05-11,12:28,パン,食事,180
1583,1008,2026-05-11,12:37,弁当,食事,500
1584,1154,2026-05-11,12:39,お茶,飲料,130
1584,1154,2026-05-11,12:39,ルーズリーフ,文具,350
1584,1154,2026-05-11,12:39,消しゴム,文具,100
1585,1141,2026-05-11,12:42,お茶,飲料,130
1585,1141,2026-05-11,12:42,消しゴム,文具,100
1586,1041,2026-05-11,12:46,お茶,飲料,130
1586,1041,2026-05-11,12:46,チョコレート,菓子,120
1586,1041,2026-05-11,12:46,弁当,食事,500
1587,1034,2026-05-11,13:17,お茶,飲料,130
1587,1034,2026-05-11,13:17,弁当,食事,500
1588,1134,2026-05-11,13:21,ノート,文具,200
1589,1064,2026-05-11,13:22,お茶,飲料,130
1589,1064,2026-05-11,13:22,チョコレート,菓子,120
1589,1064,2026-05-11,13:22,弁当,食事,500
1590,1196,2026-05-11,13:24,クッキー,菓子,180
1590,1196,2026-05-11,13:24,コーヒー,飲料,160
1590,1196,2026-05-11,13:24,サンドイッチ,食事,320
1591,1011,2026-05-11,13:25,チョコレート,菓子,120
1591,1011,2026-05-11,13:25,弁当,食事,500
1592,1038,2026-05-11,13:29,お茶,飲料,130
1592,1038,2026-05-11,13:29,弁当,食事,500
1593,1018,2026-05-11,13:37,お茶,飲料,130
1593,1018,2026-05-11,13:37,弁当,食事,500
1594,1070,2026-05-11,13:38,ジュース,飲料,140
1594,1070,2026-05-11,13:38,弁当,食事,500
1595,1026,2026-05-11,13:47,お茶,飲料,130
1595,1026,2026-05-11,13:47,サンドイッチ,食事,320
1596,1042,2026-05-11,13:56,お茶,飲料,130
1596,1042,2026-05-11,13:56,弁当,食事,500
1597,1090,2026-05-11,14:05,コーヒー,飲料,160
1598,1072,2026-05-11,14:12,クッキー,菓子,180
1598,1072,2026-05-11,14:12,コーヒー,飲料,160
1599,1088,2026-05-11,14:43,コーヒー,飲料,160
1599,1088,2026-05-11,14:43,チョコレート,菓子,120
1600,1110,2026-05-11,14:44,クッキー,菓子,180
1600,1110,2026-05-11,14:44,コーヒー,飲料,160
1601,1078,2026-05-11,14:57,ガム,菓子,110
1601,1078,2026-05-11,14:57,ジュース,飲料,140
1601,1078,2026-05-11,14:57,チョコレート,菓子,120
1602,1106,2026-05-11,15:03,ガム,菓子,110
1602,1106,2026-05-11,15:03,コーヒー,飲料,160
1603,1114,2026-05-11,15:03,クッキー,菓子,180
1603,1114,2026-05-11,15:03,コーヒー,飲料,160
1604,1105,2026-05-11,15:13,コーヒー,飲料,160
1605,1103,2026-05-11,15:14,ガム,菓子,110
1605,1103,2026-05-11,15:14,コーヒー,飲料,160
1606,1102,2026-05-11,15:17,クッキー,菓子,180
1606,1102,2026-05-11,15:17,コーヒー,飲料,160
1607,1074,2026-05-11,15:19,コーヒー,飲料,160
1608,1097,2026-05-11,15:28,コーヒー,飲料,160
1608,1097,2026-05-11,15:28,チョコレート,菓子,120
1609,1086,2026-05-11,15:33,クッキー,菓子,180
1609,1086,2026-05-11,15:33,コーヒー,飲料,160
1610,1076,2026-05-11,15:34,クッキー,菓子,180
1610,1076,2026-05-11,15:34,コーヒー,飲料,160
1611,1111,2026-05-11,15:35,コーヒー,飲料,160
1612,1107,2026-05-11,15:38,コーヒー,飲料,160
1612,1107,2026-05-11,15:38,チョコレート,菓子,120
1613,1109,2026-05-11,15:51,コーヒー,飲料,160
1614,1084,2026-05-11,15:54,クッキー,菓子,180
1614,1084,2026-05-11,15:54,コーヒー,飲料,160
1615,1096,2026-05-11,15:55,ガム,菓子,110
1615,1096,2026-05-11,15:55,クッキー,菓子,180
1615,1096,2026-05-11,15:55,コーヒー,飲料,160
1616,1093,2026-05-11,15:57,お茶,飲料,130
1616,1093,2026-05-11,15:57,チョコレート,菓子,120
1617,1081,2026-05-11,15:59,コーヒー,飲料,160
1617,1081,2026-05-11,15:59,チョコレート,菓子,120
1618,1089,2026-05-11,16:07,コーヒー,飲料,160
1619,1073,2026-05-11,16:29,お茶,飲料,130
1619,1073,2026-05-11,16:29,ガム,菓子,110
1620,1125,2026-05-11,16:31,コーヒー,飲料,160
1621,1091,2026-05-11,16:33,コーヒー,飲料,160
1622,1119,2026-05-11,16:36,お茶,飲料,130
1622,1119,2026-05-11,16:36,ガム,菓子,110
1623,1108,2026-05-11,16:42,コーヒー,飲料,160
1624,1085,2026-05-11,16:46,ジュース,飲料,140
1625,1112,2026-05-11,16:46,お茶,飲料,130
1625,1112,2026-05-11,16:46,チョコレート,菓子,120
1625,1112,2026-05-11,16:46,パン,食事,180
1626,1092,2026-05-11,17:00,コーヒー,飲料,160
1626,1092,2026-05-11,17:00,チョコレート,菓子,120
1626,1092,2026-05-11,17:00,パン,食事,180
1627,1083,2026-05-11,17:02,コーヒー,飲料,160
1627,1083,2026-05-11,17:02,パン,食事,180
1628,1079,2026-05-11,17:08,ガム,菓子,110
1628,1079,2026-05-11,17:08,コーヒー,飲料,160
1629,1082,2026-05-11,17:18,クッキー,菓子,180
1629,1082,2026-05-11,17:18,コーヒー,飲料,160
1630,1122,2026-05-11,17:18,クッキー,菓子,180
1630,1122,2026-05-11,17:18,コーヒー,飲料,160
1631,1113,2026-05-11,17:19,クッキー,菓子,180
1631,1113,2026-05-11,17:19,コーヒー,飲料,160
1632,1080,2026-05-11,17:22,ガム,菓子,110
1632,1080,2026-05-11,17:22,クッキー,菓子,180
1632,1080,2026-05-11,17:22,コーヒー,飲料,160
1633,1115,2026-05-11,17:28,お茶,飲料,130
1634,1104,2026-05-11,17:31,クッキー,菓子,180
1634,1104,2026-05-11,17:31,コーヒー,飲料,160
1635,1095,2026-05-11,17:34,クッキー,菓子,180
1635,1095,2026-05-11,17:34,コーヒー,飲料,160
1636,1116,2026-05-11,17:36,ジュース,飲料,140
1637,1101,2026-05-11,17:43,クッキー,菓子,180
1637,1101,2026-05-11,17:43,コーヒー,飲料,160
1638,1120,2026-05-11,17:43,クッキー,菓子,180
1638,1120,2026-05-11,17:43,コーヒー,飲料,160
1639,1087,2026-05-11,17:44,ジュース,飲料,140
1639,1087,2026-05-11,17:44,チョコレート,菓子,120
1640,1063,2026-05-12,11:12,お茶,飲料,130
1640,1063,2026-05-12,11:12,弁当,食事,500
1641,1020,2026-05-12,11:14,カップ麺,食事,220
1641,1020,2026-05-12,11:14,ジュース,飲料,140
1642,1037,2026-05-12,11:15,おにぎり,食事,150
1642,1037,2026-05-12,11:15,ジュース,飲料,140
1642,1037,2026-05-12,11:15,パン,食事,180
1643,1014,2026-05-12,11:18,お茶,飲料,130
1643,1014,2026-05-12,11:18,サンドイッチ,食事,320
1644,1003,2026-05-12,11:24,サンドイッチ,食事,320
1645,1010,2026-05-12,11:28,弁当,食事,500
1646,1006,2026-05-12,11:34,お茶,飲料,130
1646,1006,2026-05-12,11:34,サンドイッチ,食事,320
1647,1046,2026-05-12,11:42,サンドイッチ,食事,320
1647,1046,2026-05-12,11:42,ジュース,飲料,140
1648,1066,2026-05-12,11:57,サンドイッチ,食事,320
1648,1066,2026-05-12,11:57,ジュース,飲料,140
1649,1150,2026-05-12,12:00,消しゴム,文具,100
1650,1058,2026-05-12,12:01,おにぎり,食事,150
1650,1058,2026-05-12,12:01,お茶,飲料,130
1650,1058,2026-05-12,12:01,パン,食事,180
1651,1038,2026-05-12,12:02,おにぎり,食事,150
1651,1038,2026-05-12,12:02,ジュース,飲料,140
1651,1038,2026-05-12,12:02,パン,食事,180
1652,1036,2026-05-12,12:06,おにぎり,食事,150
1652,1036,2026-05-12,12:06,お茶,飲料,130
1653,1007,2026-05-12,12:09,ジュース,飲料,140
1653,1007,2026-05-12,12:09,弁当,食事,500
1654,1027,2026-05-12,12:11,ジュース,飲料,140
1654,1027,2026-05-12,12:11,弁当,食事,500
1655,1065,2026-05-12,12:12,お茶,飲料,130
1655,1065,2026-05-12,12:12,弁当,食事,500
1656,1041,2026-05-12,12:45,弁当,食事,500
1657,1061,2026-05-12,12:52,おにぎり,食事,150
1657,1061,2026-05-12,12:52,お茶,飲料,130
1657,1061,2026-05-12,12:52,パン,食事,180
1658,1002,2026-05-12,12:59,おにぎり,食事,150
1658,1002,2026-05-12,12:59,お茶,飲料,130
1658,1002,2026-05-12,12:59,パン,食事,180
1659,1004,2026-05-12,13:03,弁当,食事,500
1660,1019,2026-05-12,13:20,弁当,食事,500
1661,1018,2026-05-12,13:21,ジュース,飲料,140
1661,1018,2026-05-12,13:21,弁当,食事,500
1662,1043,2026-05-12,13:21,おにぎり,食事,150
1663,1057,2026-05-12,13:28,おにぎり,食事,150
1663,1057,2026-05-12,13:28,お茶,飲料,130
1664,1026,2026-05-12,13:29,お茶,飲料,130
1664,1026,2026-05-12,13:29,弁当,食事,500
1665,1067,2026-05-12,13:31,お茶,飲料,130
1665,1067,2026-05-12,13:31,弁当,食事,500
1666,1064,2026-05-12,13:38,おにぎり,食事,150
1666,1064,2026-05-12,13:38,お茶,飲料,130
1666,1064,2026-05-12,13:38,パン,食事,180
1667,1023,2026-05-12,13:39,お茶,飲料,130
1667,1023,2026-05-12,13:39,弁当,食事,500
1668,1042,2026-05-12,13:42,おにぎり,食事,150
1668,1042,2026-05-12,13:42,お茶,飲料,130
1669,1034,2026-05-12,13:43,お茶,飲料,130
1669,1034,2026-05-12,13:43,弁当,食事,500
1670,1060,2026-05-12,13:43,おにぎり,食事,150
1670,1060,2026-05-12,13:43,お茶,飲料,130
1670,1060,2026-05-12,13:43,チョコレート,菓子,120
1670,1060,2026-05-12,13:43,パン,食事,180
1671,1030,2026-05-12,13:44,お茶,飲料,130
1671,1030,2026-05-12,13:44,弁当,食事,500
1672,1198,2026-05-12,13:47,おにぎり,食事,150
1672,1198,2026-05-12,13:47,お茶,飲料,130
1672,1198,2026-05-12,13:47,ノート,文具,200
1672,1198,2026-05-12,13:47,ボールペン,文具,120
1673,1081,2026-05-12,14:14,クッキー,菓子,180
1673,1081,2026-05-12,14:14,コーヒー,飲料,160
1674,1082,2026-05-12,14:24,ガム,菓子,110
1674,1082,2026-05-12,14:24,コーヒー,飲料,160
1675,1097,2026-05-12,14:25,クッキー,菓子,180
1675,1097,2026-05-12,14:25,コーヒー,飲料,160
1675,1097,2026-05-12,14:25,パン,食事,180
1676,1090,2026-05-12,14:29,コーヒー,飲料,160
1676,1090,2026-05-12,14:29,チョコレート,菓子,120
1677,1106,2026-05-12,14:29,クッキー,菓子,180
1677,1106,2026-05-12,14:29,コーヒー,飲料,160
1678,1084,2026-05-12,14:31,クッキー,菓子,180
1678,1084,2026-05-12,14:31,コーヒー,飲料,160
1679,1112,2026-05-12,14:43,コーヒー,飲料,160
1679,1112,2026-05-12,14:43,チョコレート,菓子,120
1680,1121,2026-05-12,14:44,クッキー,菓子,180
1680,1121,2026-05-12,14:44,コーヒー,飲料,160
1681,1072,2026-05-12,14:52,クッキー,菓子,180
1681,1072,2026-05-12,14:52,コーヒー,飲料,160
1681,1072,2026-05-12,14:52,パン,食事,180
1682,1119,2026-05-12,15:02,クッキー,菓子,180
1682,1119,2026-05-12,15:02,コーヒー,飲料,160
1683,1094,2026-05-12,15:09,コーヒー,飲料,160
1684,1108,2026-05-12,15:09,ジュース,飲料,140
1684,1108,2026-05-12,15:09,チョコレート,菓子,120
1685,1109,2026-05-12,15:10,コーヒー,飲料,160
1686,1120,2026-05-12,15:12,クッキー,菓子,180
1686,1120,2026-05-12,15:12,コーヒー,飲料,160
1687,1105,2026-05-12,15:28,コーヒー,飲料,160
1688,1091,2026-05-12,15:34,クッキー,菓子,180
1688,1091,2026-05-12,15:34,コーヒー,飲料,160
1689,1111,2026-05-12,15:34,クッキー,菓子,180
1689,1111,2026-05-12,15:34,コーヒー,飲料,160
1690,1125,2026-05-12,15:40,コーヒー,飲料,160
1690,1125,2026-05-12,15:40,チョコレート,菓子,120
1691,1095,2026-05-12,15:44,ジュース,飲料,140
1692,1086,2026-05-12,15:48,ジュース,飲料,140
1692,1086,2026-05-12,15:48,チョコレート,菓子,120
1693,1115,2026-05-12,15:53,ジュース,飲料,140
1694,1122,2026-05-12,15:57,クッキー,菓子,180
1694,1122,2026-05-12,15:57,コーヒー,飲料,160
1695,1083,2026-05-12,16:12,クッキー,菓子,180
1695,1083,2026-05-12,16:12,コーヒー,飲料,160
1696,1071,2026-05-12,16:17,ジュース,飲料,140
1697,1098,2026-05-12,16:28,クッキー,菓子,180
1697,1098,2026-05-12,16:28,コーヒー,飲料,160
1698,1103,2026-05-12,16:33,クッキー,菓子,180
1698,1103,2026-05-12,16:33,コーヒー,飲料,160
1699,1088,2026-05-12,16:41,コーヒー,飲料,160
1700,1075,2026-05-12,16:49,クッキー,菓子,180
1700,1075,2026-05-12,16:49,コーヒー,飲料,160
1701,1080,2026-05-12,16:59,コーヒー,飲料,160
1702,1096,2026-05-12,17:06,クッキー,菓子,180
1702,1096,2026-05-12,17:06,コーヒー,飲料,160
1703,1104,2026-05-12,17:07,ジュース,飲料,140
1704,1107,2026-05-12,17:18,ジュース,飲料,140
1705,1079,2026-05-12,17:32,ジュース,飲料,140
1706,1089,2026-05-12,17:33,コーヒー,飲料,160
1707,1123,2026-05-12,17:35,コーヒー,飲料,160
1708,1102,2026-05-12,17:36,クッキー,菓子,180
1708,1102,2026-05-12,17:36,コーヒー,飲料,160
1709,1101,2026-05-12,17:37,クッキー,菓子,180
1709,1101,2026-05-12,17:37,コーヒー,飲料,160
1710,1073,2026-05-12,17:50,クッキー,菓子,180
1710,1073,2026-05-12,17:50,コーヒー,飲料,160
1711,1173,2026-05-13,10:29,おにぎり,食事,150
1711,1173,2026-05-13,10:29,お茶,飲料,130
1711,1173,2026-05-13,10:29,ガム,菓子,110
1711,1173,2026-05-13,10:29,コーヒー,飲料,160
1711,1173,2026-05-13,10:29,サンドイッチ,食事,320
1711,1173,2026-05-13,10:29,チョコレート,菓子,120
1711,1173,2026-05-13,10:29,ルーズリーフ,文具,350
1711,1173,2026-05-13,10:29,弁当,食事,500
1712,1197,2026-05-13,11:06,おにぎり,食事,150
1712,1197,2026-05-13,11:06,お茶,飲料,130
1712,1197,2026-05-13,11:06,クッキー,菓子,180
1712,1197,2026-05-13,11:06,コーヒー,飲料,160
1713,1023,2026-05-13,11:13,おにぎり,食事,150
1713,1023,2026-05-13,11:13,お茶,飲料,130
1714,1048,2026-05-13,11:18,お茶,飲料,130
1714,1048,2026-05-13,11:18,カップ麺,食事,220
1715,1060,2026-05-13,11:24,弁当,食事,500
1716,1041,2026-05-13,11:38,おにぎり,食事,150
1716,1041,2026-05-13,11:38,お茶,飲料,130
1717,1012,2026-05-13,11:50,おにぎり,食事,150
1717,1012,2026-05-13,11:50,お茶,飲料,130
1718,1006,2026-05-13,12:00,おにぎり,食事,150
1718,1006,2026-05-13,12:00,ジュース,飲料,140
1718,1006,2026-05-13,12:00,パン,食事,180
1719,1199,2026-05-13,12:02,お茶,飲料,130
1719,1199,2026-05-13,12:02,カップ麺,食事,220
1719,1199,2026-05-13,12:02,ジュース,飲料,140
1719,1199,2026-05-13,12:02,消しゴム,文具,100
1720,1066,2026-05-13,12:06,おにぎり,食事,150
1720,1066,2026-05-13,12:06,お茶,飲料,130
1721,1033,2026-05-13,12:08,お茶,飲料,130
1721,1033,2026-05-13,12:08,弁当,食事,500
1722,1009,2026-05-13,12:09,チョコレート,菓子,120
1722,1009,2026-05-13,12:09,弁当,食事,500
1723,1027,2026-05-13,12:13,お茶,飲料,130
1723,1027,2026-05-13,12:13,サンドイッチ,食事,320
1724,1016,2026-05-13,12:22,おにぎり,食事,150
1724,1016,2026-05-13,12:22,お茶,飲料,130
1724,1016,2026-05-13,12:22,パン,食事,180
1725,1039,2026-05-13,12:24,おにぎり,食事,150
1725,1039,2026-05-13,12:24,ジュース,飲料,140
1725,1039,2026-05-13,12:24,パン,食事,180
1726,1018,2026-05-13,12:27,お茶,飲料,130
1726,1018,2026-05-13,12:27,弁当,食事,500
1727,1058,2026-05-13,12:32,おにぎり,食事,150
1728,1028,2026-05-13,12:34,お茶,飲料,130
1728,1028,2026-05-13,12:34,弁当,食事,500
1729,1050,2026-05-13,12:44,おにぎり,食事,150
1730,1043,2026-05-13,13:14,おにぎり,食事,150
1730,1043,2026-05-13,13:14,お茶,飲料,130
1730,1043,2026-05-13,13:14,パン,食事,180
1731,1044,2026-05-13,13:15,おにぎり,食事,150
1731,1044,2026-05-13,13:15,パン,食事,180
1732,1032,2026-05-13,13:26,お茶,飲料,130
1732,1032,2026-05-13,13:26,弁当,食事,500
1733,1020,2026-05-13,13:31,弁当,食事,500
1734,1025,2026-05-13,13:53,お茶,飲料,130
1734,1025,2026-05-13,13:53,サンドイッチ,食事,320
1735,1085,2026-05-13,14:13,クッキー,菓子,180
1735,1085,2026-05-13,14:13,コーヒー,飲料,160
1736,1073,2026-05-13,14:19,クッキー,菓子,180
1736,1073,2026-05-13,14:19,コーヒー,飲料,160
1737,1118,2026-05-13,14:23,コーヒー,飲料,160
1737,1118,2026-05-13,14:23,チョコレート,菓子,120
1738,1109,2026-05-13,14:26,コーヒー,飲料,160
1738,1109,2026-05-13,14:26,チョコレート,菓子,120
1739,1078,2026-05-13,14:30,コーヒー,飲料,160
1740,1101,2026-05-13,14:39,ガム,菓子,110
1740,1101,2026-05-13,14:39,クッキー,菓子,180
1740,1101,2026-05-13,14:39,コーヒー,飲料,160
1741,1084,2026-05-13,14:43,コーヒー,飲料,160
1741,1084,2026-05-13,14:43,チョコレート,菓子,120
1741,1084,2026-05-13,14:43,パン,食事,180
1742,1098,2026-05-13,14:46,コーヒー,飲料,160
1743,1120,2026-05-13,15:13,クッキー,菓子,180
1743,1120,2026-05-13,15:13,コーヒー,飲料,160
1744,1075,2026-05-13,15:19,コーヒー,飲料,160
1745,1113,2026-05-13,15:29,クッキー,菓子,180
1745,1113,2026-05-13,15:29,コーヒー,飲料,160
1746,1121,2026-05-13,15:39,クッキー,菓子,180
1746,1121,2026-05-13,15:39,コーヒー,飲料,160
1747,1112,2026-05-13,15:47,コーヒー,飲料,160
1747,1112,2026-05-13,15:47,チョコレート,菓子,120
1748,1071,2026-05-13,15:50,クッキー,菓子,180
1748,1071,2026-05-13,15:50,コーヒー,飲料,160
1749,1117,2026-05-13,15:52,クッキー,菓子,180
1749,1117,2026-05-13,15:52,コーヒー,飲料,160
1750,1151,2026-05-13,16:22,ノート,文具,200
1751,1076,2026-05-13,16:23,ガム,菓子,110
1751,1076,2026-05-13,16:23,コーヒー,飲料,160
1752,1094,2026-05-13,16:25,ガム,菓子,110
1752,1094,2026-05-13,16:25,コーヒー,飲料,160
1753,1200,2026-05-13,16:25,お茶,飲料,130
1753,1200,2026-05-13,16:25,カップ麺,食事,220
1753,1200,2026-05-13,16:25,ガム,菓子,110
1753,1200,2026-05-13,16:25,クッキー,菓子,180
1753,1200,2026-05-13,16:25,コーヒー,飲料,160
1753,1200,2026-05-13,16:25,サンドイッチ,食事,320
1753,1200,2026-05-13,16:25,ジュース,飲料,140
1753,1200,2026-05-13,16:25,チョコレート,菓子,120
1753,1200,2026-05-13,16:25,ノート,文具,200
1753,1200,2026-05-13,16:25,ルーズリーフ,文具,350
1754,1083,2026-05-13,16:29,コーヒー,飲料,160
1755,1108,2026-05-13,16:31,クッキー,菓子,180
1755,1108,2026-05-13,16:31,コーヒー,飲料,160
1756,1125,2026-05-13,16:31,ジュース,飲料,140
1757,1092,2026-05-13,16:34,クッキー,菓子,180
1757,1092,2026-05-13,16:34,コーヒー,飲料,160
1758,1110,2026-05-13,16:36,ガム,菓子,110
1758,1110,2026-05-13,16:36,クッキー,菓子,180
1758,1110,2026-05-13,16:36,コーヒー,飲料,160
1759,1100,2026-05-13,16:38,クッキー,菓子,180
1759,1100,2026-05-13,16:38,コーヒー,飲料,160
1760,1086,2026-05-13,16:40,ガム,菓子,110
1760,1086,2026-05-13,16:40,クッキー,菓子,180
1760,1086,2026-05-13,16:40,コーヒー,飲料,160
1761,1105,2026-05-13,16:42,クッキー,菓子,180
1761,1105,2026-05-13,16:42,コーヒー,飲料,160
1762,1123,2026-05-13,16:43,クッキー,菓子,180
1762,1123,2026-05-13,16:43,コーヒー,飲料,160
1763,1097,2026-05-13,16:50,クッキー,菓子,180
1763,1097,2026-05-13,16:50,コーヒー,飲料,160
1764,1095,2026-05-13,16:55,クッキー,菓子,180
1764,1095,2026-05-13,16:55,コーヒー,飲料,160
1765,1079,2026-05-13,16:59,コーヒー,飲料,160
1765,1079,2026-05-13,16:59,チョコレート,菓子,120
1766,1093,2026-05-13,17:09,コーヒー,飲料,160
1767,1122,2026-05-13,17:10,コーヒー,飲料,160
1767,1122,2026-05-13,17:10,チョコレート,菓子,120
1768,1119,2026-05-13,17:12,クッキー,菓子,180
1768,1119,2026-05-13,17:12,コーヒー,飲料,160
1769,1124,2026-05-13,17:15,クッキー,菓子,180
1769,1124,2026-05-13,17:15,コーヒー,飲料,160
1770,1088,2026-05-13,17:23,ガム,菓子,110
1770,1088,2026-05-13,17:23,コーヒー,飲料,160
1771,1077,2026-05-13,17:33,クッキー,菓子,180
1771,1077,2026-05-13,17:33,コーヒー,飲料,160
1772,1081,2026-05-13,17:36,クッキー,菓子,180
1772,1081,2026-05-13,17:36,コーヒー,飲料,160
1773,1114,2026-05-13,17:45,クッキー,菓子,180
1773,1114,2026-05-13,17:45,コーヒー,飲料,160
1774,1111,2026-05-13,17:50,コーヒー,飲料,160
1775,1090,2026-05-13,17:52,クッキー,菓子,180
1775,1090,2026-05-13,17:52,コーヒー,飲料,160
1776,1091,2026-05-13,17:57,クッキー,菓子,180
1776,1091,2026-05-13,17:57,コーヒー,飲料,160
1777,1106,2026-05-13,17:57,お茶,飲料,130
1778,1178,2026-05-13,18:14,お茶,飲料,130
1778,1178,2026-05-13,18:14,カップ麺,食事,220
1778,1178,2026-05-13,18:14,サンドイッチ,食事,320
1778,1178,2026-05-13,18:14,ジュース,飲料,140
1778,1178,2026-05-13,18:14,チョコレート,菓子,120
1778,1178,2026-05-13,18:14,ルーズリーフ,文具,350
1778,1178,2026-05-13,18:14,弁当,食事,500
1779,1184,2026-05-13,18:50,お茶,飲料,130
1779,1184,2026-05-13,18:50,ジュース,飲料,140
1779,1184,2026-05-13,18:50,チョコレート,菓子,120
1779,1184,2026-05-13,18:50,ノート,文具,200
1779,1184,2026-05-13,18:50,ボールペン,文具,120
1779,1184,2026-05-13,18:50,ルーズリーフ,文具,350
1779,1184,2026-05-13,18:50,弁当,食事,500
1779,1184,2026-05-13,18:50,消しゴム,文具,100
1780,1187,2026-05-14,10:46,お茶,飲料,130
1780,1187,2026-05-14,10:46,ガム,菓子,110
1780,1187,2026-05-14,10:46,クッキー,菓子,180
1780,1187,2026-05-14,10:46,ジュース,飲料,140
1780,1187,2026-05-14,10:46,チョコレート,菓子,120
1780,1187,2026-05-14,10:46,パン,食事,180
1780,1187,2026-05-14,10:46,弁当,食事,500
1781,1063,2026-05-14,11:03,おにぎり,食事,150
1781,1063,2026-05-14,11:03,お茶,飲料,130
1782,1033,2026-05-14,11:04,弁当,食事,500
1783,1031,2026-05-14,11:10,お茶,飲料,130
1783,1031,2026-05-14,11:10,カップ麺,食事,220
1784,1005,2026-05-14,11:13,おにぎり,食事,150
1784,1005,2026-05-14,11:13,お茶,飲料,130
1784,1005,2026-05-14,11:13,チョコレート,菓子,120
1784,1005,2026-05-14,11:13,パン,食事,180
1785,1016,2026-05-14,11:18,カップ麺,食事,220
1786,1059,2026-05-14,11:19,おにぎり,食事,150
1786,1059,2026-05-14,11:19,お茶,飲料,130
1786,1059,2026-05-14,11:19,パン,食事,180
1787,1070,2026-05-14,11:25,カップ麺,食事,220
1788,1050,2026-05-14,11:30,お茶,飲料,130
1788,1050,2026-05-14,11:30,弁当,食事,500
1789,1013,2026-05-14,11:34,弁当,食事,500
1790,1047,2026-05-14,11:36,弁当,食事,500
1791,1003,2026-05-14,11:38,お茶,飲料,130
1791,1003,2026-05-14,11:38,弁当,食事,500
1792,1035,2026-05-14,11:52,弁当,食事,500
1793,1028,2026-05-14,11:53,お茶,飲料,130
1793,1028,2026-05-14,11:53,カップ麺,食事,220
1794,1054,2026-05-14,12:14,ジュース,飲料,140
1794,1054,2026-05-14,12:14,弁当,食事,500
1795,1053,2026-05-14,12:15,お茶,飲料,130
1795,1053,2026-05-14,12:15,弁当,食事,500
1796,1060,2026-05-14,12:17,お茶,飲料,130
1796,1060,2026-05-14,12:17,サンドイッチ,食事,320
1797,1065,2026-05-14,12:23,弁当,食事,500
1798,1056,2026-05-14,12:24,サンドイッチ,食事,320
1798,1056,2026-05-14,12:24,ジュース,飲料,140
1799,1037,2026-05-14,12:31,おにぎり,食事,150
1799,1037,2026-05-14,12:31,お茶,飲料,130
1799,1037,2026-05-14,12:31,チョコレート,菓子,120
1800,1062,2026-05-14,12:32,弁当,食事,500
1801,1038,2026-05-14,12:35,カップ麺,食事,220
1801,1038,2026-05-14,12:35,ジュース,飲料,140
1802,1027,2026-05-14,12:42,お茶,飲料,130
1802,1027,2026-05-14,12:42,弁当,食事,500
1803,1001,2026-05-14,12:43,弁当,食事,500
1804,1011,2026-05-14,12:43,弁当,食事,500
1805,1014,2026-05-14,12:44,ジュース,飲料,140
1805,1014,2026-05-14,12:44,弁当,食事,500
1806,1041,2026-05-14,12:45,おにぎり,食事,150
1806,1041,2026-05-14,12:45,お茶,飲料,130
1807,1069,2026-05-14,12:46,お茶,飲料,130
1807,1069,2026-05-14,12:46,弁当,食事,500
1808,1049,2026-05-14,12:54,弁当,食事,500
1809,1030,2026-05-14,13:14,お茶,飲料,130
1809,1030,2026-05-14,13:14,弁当,食事,500
1810,1196,2026-05-14,13:16,クッキー,菓子,180
1810,1196,2026-05-14,13:16,コーヒー,飲料,160
1810,1196,2026-05-14,13:16,サンドイッチ,食事,320
1810,1196,2026-05-14,13:16,ジュース,飲料,140
1811,1044,2026-05-14,13:18,お茶,飲料,130
1811,1044,2026-05-14,13:18,サンドイッチ,食事,320
1811,1044,2026-05-14,13:18,チョコレート,菓子,120
1812,1017,2026-05-14,13:24,おにぎり,食事,150
1812,1017,2026-05-14,13:24,お茶,飲料,130
1813,1023,2026-05-14,13:26,おにぎり,食事,150
1813,1023,2026-05-14,13:26,お茶,飲料,130
1814,1036,2026-05-14,13:28,おにぎり,食事,150
1814,1036,2026-05-14,13:28,お茶,飲料,130
1815,1032,2026-05-14,13:29,おにぎり,食事,150
1816,1039,2026-05-14,13:32,ジュース,飲料,140
1816,1039,2026-05-14,13:32,チョコレート,菓子,120
1816,1039,2026-05-14,13:32,弁当,食事,500
1817,1067,2026-05-14,13:38,弁当,食事,500
1818,1012,2026-05-14,13:40,おにぎり,食事,150
1818,1012,2026-05-14,13:40,お茶,飲料,130
1819,1046,2026-05-14,13:40,チョコレート,菓子,120
1819,1046,2026-05-14,13:40,弁当,食事,500
1820,1025,2026-05-14,13:48,弁当,食事,500
1821,1072,2026-05-14,14:01,クッキー,菓子,180
1821,1072,2026-05-14,14:01,コーヒー,飲料,160
1822,1087,2026-05-14,14:04,お茶,飲料,130
1822,1087,2026-05-14,14:04,チョコレート,菓子,120
1823,1110,2026-05-14,14:11,コーヒー,飲料,160
1824,1114,2026-05-14,14:12,ジュース,飲料,140
1825,1091,2026-05-14,14:15,お茶,飲料,130
1825,1091,2026-05-14,14:15,ガム,菓子,110
1826,1095,2026-05-14,14:17,ジュース,飲料,140
1827,1090,2026-05-14,14:40,お茶,飲料,130
1828,1086,2026-05-14,14:43,クッキー,菓子,180
1828,1086,2026-05-14,14:43,コーヒー,飲料,160
1829,1103,2026-05-14,14:43,コーヒー,飲料,160
1829,1103,2026-05-14,14:43,チョコレート,菓子,120
1830,1107,2026-05-14,14:55,コーヒー,飲料,160
1830,1107,2026-05-14,14:55,チョコレート,菓子,120
1831,1185,2026-05-14,15:00,お茶,飲料,130
1831,1185,2026-05-14,15:00,カップ麺,食事,220
1831,1185,2026-05-14,15:00,ガム,菓子,110
1831,1185,2026-05-14,15:00,コーヒー,飲料,160
1831,1185,2026-05-14,15:00,サンドイッチ,食事,320
1831,1185,2026-05-14,15:00,ジュース,飲料,140
1831,1185,2026-05-14,15:00,チョコレート,菓子,120
1831,1185,2026-05-14,15:00,パン,食事,180
1831,1185,2026-05-14,15:00,弁当,食事,500
1832,1082,2026-05-14,15:11,クッキー,菓子,180
1832,1082,2026-05-14,15:11,コーヒー,飲料,160
1833,1119,2026-05-14,15:11,コーヒー,飲料,160
1833,1119,2026-05-14,15:11,チョコレート,菓子,120
1834,1115,2026-05-14,15:12,コーヒー,飲料,160
1834,1115,2026-05-14,15:12,チョコレート,菓子,120
1835,1108,2026-05-14,15:21,クッキー,菓子,180
1835,1108,2026-05-14,15:21,コーヒー,飲料,160
1836,1175,2026-05-14,15:33,お茶,飲料,130
1836,1175,2026-05-14,15:33,カップ麺,食事,220
1836,1175,2026-05-14,15:33,ガム,菓子,110
1836,1175,2026-05-14,15:33,クッキー,菓子,180
1836,1175,2026-05-14,15:33,コーヒー,飲料,160
1836,1175,2026-05-14,15:33,サンドイッチ,食事,320
1836,1175,2026-05-14,15:33,チョコレート,菓子,120
1836,1175,2026-05-14,15:33,ノート,文具,200
1837,1078,2026-05-14,15:39,クッキー,菓子,180
1837,1078,2026-05-14,15:39,コーヒー,飲料,160
1838,1071,2026-05-14,15:44,コーヒー,飲料,160
1838,1071,2026-05-14,15:44,チョコレート,菓子,120
1839,1076,2026-05-14,15:46,ジュース,飲料,140
1840,1139,2026-05-14,15:46,ノート,文具,200
1841,1085,2026-05-14,15:56,コーヒー,飲料,160
1842,1080,2026-05-14,16:08,クッキー,菓子,180
1842,1080,2026-05-14,16:08,コーヒー,飲料,160
1843,1105,2026-05-14,16:10,ジュース,飲料,140
1844,1099,2026-05-14,16:16,コーヒー,飲料,160
1845,1121,2026-05-14,16:17,クッキー,菓子,180
1845,1121,2026-05-14,16:17,コーヒー,飲料,160
1846,1118,2026-05-14,16:19,クッキー,菓子,180
1846,1118,2026-05-14,16:19,コーヒー,飲料,160
1847,1101,2026-05-14,16:24,コーヒー,飲料,160
1847,1101,2026-05-14,16:24,チョコレート,菓子,120
1848,1106,2026-05-14,16:26,コーヒー,飲料,160
1849,1083,2026-05-14,16:31,クッキー,菓子,180
1849,1083,2026-05-14,16:31,コーヒー,飲料,160
1850,1077,2026-05-14,16:37,コーヒー,飲料,160
1851,1097,2026-05-14,16:39,コーヒー,飲料,160
1852,1120,2026-05-14,16:43,ジュース,飲料,140
1852,1120,2026-05-14,16:43,チョコレート,菓子,120
1853,1193,2026-05-14,16:45,おにぎり,食事,150
1853,1193,2026-05-14,16:45,お茶,飲料,130
1853,1193,2026-05-14,16:45,カップ麺,食事,220
1853,1193,2026-05-14,16:45,ガム,菓子,110
1853,1193,2026-05-14,16:45,コーヒー,飲料,160
1853,1193,2026-05-14,16:45,ジュース,飲料,140
1853,1193,2026-05-14,16:45,弁当,食事,500
1854,1102,2026-05-14,16:59,お茶,飲料,130
1855,1084,2026-05-14,17:06,ジュース,飲料,140
1856,1081,2026-05-14,17:14,お茶,飲料,130
1857,1094,2026-05-14,17:18,お茶,飲料,130
1858,1117,2026-05-14,17:23,クッキー,菓子,180
1858,1117,2026-05-14,17:23,コーヒー,飲料,160
1859,1073,2026-05-14,17:30,コーヒー,飲料,160
1860,1079,2026-05-14,17:30,コーヒー,飲料,160
1861,1170,2026-05-14,17:32,おにぎり,食事,150
1861,1170,2026-05-14,17:32,お茶,飲料,130
1861,1170,2026-05-14,17:32,カップ麺,食事,220
1861,1170,2026-05-14,17:32,クッキー,菓子,180
1861,1170,2026-05-14,17:32,コーヒー,飲料,160
1861,1170,2026-05-14,17:32,ジュース,飲料,140
1861,1170,2026-05-14,17:32,チョコレート,菓子,120
1862,1113,2026-05-14,17:42,クッキー,菓子,180
1862,1113,2026-05-14,17:42,コーヒー,飲料,160
1863,1092,2026-05-14,17:48,ジュース,飲料,140
1864,1074,2026-05-14,17:58,コーヒー,飲料,160
1864,1074,2026-05-14,17:58,チョコレート,菓子,120
1864,1074,2026-05-14,17:58,パン,食事,180
1865,1018,2026-05-15,11:01,おにぎり,食事,150
1865,1018,2026-05-15,11:01,ジュース,飲料,140
1866,1043,2026-05-15,11:05,おにぎり,食事,150
1867,1042,2026-05-15,11:08,おにぎり,食事,150
1867,1042,2026-05-15,11:08,ジュース,飲料,140
1867,1042,2026-05-15,11:08,パン,食事,180
1868,1039,2026-05-15,11:09,おにぎり,食事,150
1869,1009,2026-05-15,11:11,ジュース,飲料,140
1869,1009,2026-05-15,11:11,弁当,食事,500
1870,1014,2026-05-15,11:20,お茶,飲料,130
1870,1014,2026-05-15,11:20,弁当,食事,500
1871,1036,2026-05-15,11:28,サンドイッチ,食事,320
1871,1036,2026-05-15,11:28,チョコレート,菓子,120
1872,1059,2026-05-15,11:29,おにぎり,食事,150
1872,1059,2026-05-15,11:29,お茶,飲料,130
1873,1153,2026-05-15,11:36,ルーズリーフ,文具,350
1873,1153,2026-05-15,11:36,消しゴム,文具,100
1874,1057,2026-05-15,11:44,お茶,飲料,130
1874,1057,2026-05-15,11:44,弁当,食事,500
1875,1066,2026-05-15,11:48,おにぎり,食事,150
1875,1066,2026-05-15,11:48,お茶,飲料,130
1876,1197,2026-05-15,11:48,おにぎり,食事,150
1876,1197,2026-05-15,11:48,クッキー,菓子,180
1876,1197,2026-05-15,11:48,コーヒー,飲料,160
1877,1019,2026-05-15,11:49,おにぎり,食事,150
1877,1019,2026-05-15,11:49,ジュース,飲料,140
1877,1019,2026-05-15,11:49,チョコレート,菓子,120
1878,1021,2026-05-15,11:57,お茶,飲料,130
1878,1021,2026-05-15,11:57,弁当,食事,500
1879,1062,2026-05-15,12:05,弁当,食事,500
1880,1016,2026-05-15,12:12,おにぎり,食事,150
1880,1016,2026-05-15,12:12,パン,食事,180
1881,1049,2026-05-15,12:17,弁当,食事,500
1882,1060,2026-05-15,12:19,お茶,飲料,130
1882,1060,2026-05-15,12:19,サンドイッチ,食事,320
1883,1010,2026-05-15,12:25,弁当,食事,500
1884,1025,2026-05-15,12:28,お茶,飲料,130
1884,1025,2026-05-15,12:28,チョコレート,菓子,120
1884,1025,2026-05-15,12:28,弁当,食事,500
1885,1056,2026-05-15,12:29,お茶,飲料,130
1885,1056,2026-05-15,12:29,弁当,食事,500
1886,1035,2026-05-15,12:33,おにぎり,食事,150
1886,1035,2026-05-15,12:33,お茶,飲料,130
1887,1044,2026-05-15,12:46,弁当,食事,500
1888,1050,2026-05-15,12:52,弁当,食事,500
1889,1196,2026-05-15,13:01,クッキー,菓子,180
1889,1196,2026-05-15,13:01,コーヒー,飲料,160
1889,1196,2026-05-15,13:01,ジュース,飲料,140
1889,1196,2026-05-15,13:01,弁当,食事,500
1890,1029,2026-05-15,13:02,おにぎり,食事,150
1890,1029,2026-05-15,13:02,お茶,飲料,130
1891,1011,2026-05-15,13:04,お茶,飲料,130
1891,1011,2026-05-15,13:04,弁当,食事,500
1892,1017,2026-05-15,13:04,ジュース,飲料,140
1892,1017,2026-05-15,13:04,弁当,食事,500
1893,1052,2026-05-15,13:14,お茶,飲料,130
1893,1052,2026-05-15,13:14,弁当,食事,500
1894,1008,2026-05-15,13:17,弁当,食事,500
1895,1027,2026-05-15,13:26,サンドイッチ,食事,320
1896,1038,2026-05-15,13:31,お茶,飲料,130
1896,1038,2026-05-15,13:31,カップ麺,食事,220
1897,1022,2026-05-15,13:37,おにぎり,食事,150
1897,1022,2026-05-15,13:37,お茶,飲料,130
1897,1022,2026-05-15,13:37,パン,食事,180
1898,1032,2026-05-15,13:40,弁当,食事,500
1899,1198,2026-05-15,13:40,おにぎり,食事,150
1899,1198,2026-05-15,13:40,お茶,飲料,130
1899,1198,2026-05-15,13:40,ノート,文具,200
1899,1198,2026-05-15,13:40,パン,食事,180
1899,1198,2026-05-15,13:40,ボールペン,文具,120
1899,1198,2026-05-15,13:40,ルーズリーフ,文具,350
1900,1048,2026-05-15,13:41,カップ麺,食事,220
1900,1048,2026-05-15,13:41,ジュース,飲料,140
1901,1069,2026-05-15,13:41,おにぎり,食事,150
1901,1069,2026-05-15,13:41,お茶,飲料,130
1902,1095,2026-05-15,14:02,クッキー,菓子,180
1902,1095,2026-05-15,14:02,コーヒー,飲料,160
1903,1088,2026-05-15,14:10,お茶,飲料,130
1904,1101,2026-05-15,14:26,クッキー,菓子,180
1904,1101,2026-05-15,14:26,コーヒー,飲料,160
1905,1075,2026-05-15,14:36,クッキー,菓子,180
1905,1075,2026-05-15,14:36,コーヒー,飲料,160
1906,1125,2026-05-15,14:51,クッキー,菓子,180
1906,1125,2026-05-15,14:51,コーヒー,飲料,160
1906,1125,2026-05-15,14:51,パン,食事,180
1907,1103,2026-05-15,14:52,クッキー,菓子,180
1907,1103,2026-05-15,14:52,コーヒー,飲料,160
1908,1122,2026-05-15,14:58,ガム,菓子,110
1908,1122,2026-05-15,14:58,ジュース,飲料,140
1908,1122,2026-05-15,14:58,パン,食事,180
1909,1091,2026-05-15,15:04,コーヒー,飲料,160
1910,1113,2026-05-15,15:06,ジュース,飲料,140
1910,1113,2026-05-15,15:06,チョコレート,菓子,120
1911,1166,2026-05-15,15:09,おにぎり,食事,150
1911,1166,2026-05-15,15:09,お茶,飲料,130
1911,1166,2026-05-15,15:09,カップ麺,食事,220
1911,1166,2026-05-15,15:09,ガム,菓子,110
1911,1166,2026-05-15,15:09,ジュース,飲料,140
1912,1079,2026-05-15,15:22,ガム,菓子,110
1912,1079,2026-05-15,15:22,コーヒー,飲料,160
1913,1071,2026-05-15,15:25,コーヒー,飲料,160
1913,1071,2026-05-15,15:25,パン,食事,180
1914,1109,2026-05-15,15:25,クッキー,菓子,180
1914,1109,2026-05-15,15:25,コーヒー,飲料,160
1915,1098,2026-05-15,15:27,ガム,菓子,110
1915,1098,2026-05-15,15:27,コーヒー,飲料,160
1916,1081,2026-05-15,15:28,コーヒー,飲料,160
1916,1081,2026-05-15,15:28,チョコレート,菓子,120
1917,1087,2026-05-15,15:30,ジュース,飲料,140
1918,1111,2026-05-15,15:33,コーヒー,飲料,160
1918,1111,2026-05-15,15:33,チョコレート,菓子,120
1919,1118,2026-05-15,15:34,コーヒー,飲料,160
1920,1086,2026-05-15,15:36,コーヒー,飲料,160
1921,1082,2026-05-15,15:39,コーヒー,飲料,160
1922,1078,2026-05-15,15:43,クッキー,菓子,180
1922,1078,2026-05-15,15:43,コーヒー,飲料,160
1922,1078,2026-05-15,15:43,パン,食事,180
1923,1192,2026-05-15,15:46,おにぎり,食事,150
1923,1192,2026-05-15,15:46,お茶,飲料,130
1923,1192,2026-05-15,15:46,カップ麺,食事,220
1923,1192,2026-05-15,15:46,ジュース,飲料,140
1923,1192,2026-05-15,15:46,ノート,文具,200
1923,1192,2026-05-15,15:46,パン,食事,180
1923,1192,2026-05-15,15:46,弁当,食事,500
1924,1108,2026-05-15,15:47,コーヒー,飲料,160
1924,1108,2026-05-15,15:47,チョコレート,菓子,120
1925,1112,2026-05-15,15:56,クッキー,菓子,180
1925,1112,2026-05-15,15:56,コーヒー,飲料,160
1926,1072,2026-05-15,16:00,クッキー,菓子,180
1926,1072,2026-05-15,16:00,コーヒー,飲料,160
1927,1085,2026-05-15,16:06,コーヒー,飲料,160
1928,1115,2026-05-15,16:06,ジュース,飲料,140
1929,1106,2026-05-15,16:13,お茶,飲料,130
1930,1104,2026-05-15,16:18,ジュース,飲料,140
1931,1073,2026-05-15,16:23,クッキー,菓子,180
1931,1073,2026-05-15,16:23,コーヒー,飲料,160
1932,1121,2026-05-15,16:59,クッキー,菓子,180
1932,1121,2026-05-15,16:59,コーヒー,飲料,160
1933,1083,2026-05-15,17:03,クッキー,菓子,180
1933,1083,2026-05-15,17:03,コーヒー,飲料,160
1934,1102,2026-05-15,17:21,コーヒー,飲料,160
1935,1107,2026-05-15,17:49,ジュース,飲料,140
1936,1117,2026-05-15,17:54,クッキー,菓子,180
1936,1117,2026-05-15,17:54,コーヒー,飲料,160
1937,1165,2026-05-18,09:10,ルーズリーフ,文具,350
1938,1158,2026-05-18,11:05,お茶,飲料,130
1938,1158,2026-05-18,11:05,ノート,文具,200
1938,1158,2026-05-18,11:05,ボールペン,文具,120
1938,1158,2026-05-18,11:05,消しゴム,文具,100
1939,1041,2026-05-18,11:08,サンドイッチ,食事,320
1940,1057,2026-05-18,11:11,お茶,飲料,130
1940,1057,2026-05-18,11:11,弁当,食事,500
1941,1063,2026-05-18,11:14,おにぎり,食事,150
1941,1063,2026-05-18,11:14,お茶,飲料,130
1941,1063,2026-05-18,11:14,チョコレート,菓子,120
1942,1033,2026-05-18,11:20,弁当,食事,500
1943,1018,2026-05-18,11:23,おにぎり,食事,150
1943,1018,2026-05-18,11:23,お茶,飲料,130
1944,1054,2026-05-18,11:28,弁当,食事,500
1945,1046,2026-05-18,11:38,お茶,飲料,130
1945,1046,2026-05-18,11:38,カップ麺,食事,220
1946,1150,2026-05-18,11:40,ノート,文具,200
1946,1150,2026-05-18,11:40,消しゴム,文具,100
1947,1032,2026-05-18,11:42,おにぎり,食事,150
1947,1032,2026-05-18,11:42,お茶,飲料,130
1948,1058,2026-05-18,11:44,おにぎり,食事,150
1948,1058,2026-05-18,11:44,お茶,飲料,130
1948,1058,2026-05-18,11:44,チョコレート,菓子,120
1949,1031,2026-05-18,12:15,ジュース,飲料,140
1949,1031,2026-05-18,12:15,チョコレート,菓子,120
1949,1031,2026-05-18,12:15,弁当,食事,500
1950,1015,2026-05-18,12:19,弁当,食事,500
1951,1196,2026-05-18,12:22,お茶,飲料,130
1951,1196,2026-05-18,12:22,カップ麺,食事,220
1951,1196,2026-05-18,12:22,クッキー,菓子,180
1951,1196,2026-05-18,12:22,コーヒー,飲料,160
1952,1038,2026-05-18,12:41,お茶,飲料,130
1952,1038,2026-05-18,12:41,弁当,食事,500
1953,1053,2026-05-18,12:42,おにぎり,食事,150
1953,1053,2026-05-18,12:42,お茶,飲料,130
1953,1053,2026-05-18,12:42,パン,食事,180
1954,1028,2026-05-18,12:46,おにぎり,食事,150
1954,1028,2026-05-18,12:46,お茶,飲料,130
1955,1036,2026-05-18,12:49,弁当,食事,500
1956,1197,2026-05-18,12:50,お茶,飲料,130
1956,1197,2026-05-18,12:50,カップ麺,食事,220
1956,1197,2026-05-18,12:50,チョコレート,菓子,120
1957,1056,2026-05-18,12:51,お茶,飲料,130
1957,1056,2026-05-18,12:51,サンドイッチ,食事,320
1958,1064,2026-05-18,12:53,お茶,飲料,130
1958,1064,2026-05-18,12:53,弁当,食事,500
1959,1069,2026-05-18,12:54,弁当,食事,500
1960,1048,2026-05-18,12:59,おにぎり,食事,150
1961,1040,2026-05-18,13:00,おにぎり,食事,150
1961,1040,2026-05-18,13:00,ジュース,飲料,140
1961,1040,2026-05-18,13:00,チョコレート,菓子,120
1961,1040,2026-05-18,13:00,パン,食事,180
1962,1065,2026-05-18,13:05,お茶,飲料,130
1962,1065,2026-05-18,13:05,チョコレート,菓子,120
1962,1065,2026-05-18,13:05,弁当,食事,500
1963,1062,2026-05-18,13:09,おにぎり,食事,150
1963,1062,2026-05-18,13:09,お茶,飲料,130
1964,1034,2026-05-18,13:15,カップ麺,食事,220
1965,1067,2026-05-18,13:16,おにぎり,食事,150
1965,1067,2026-05-18,13:16,お茶,飲料,130
1965,1067,2026-05-18,13:16,パン,食事,180
1966,1140,2026-05-18,13:19,お茶,飲料,130
1966,1140,2026-05-18,13:19,ルーズリーフ,文具,350
1966,1140,2026-05-18,13:19,消しゴム,文具,100
1967,1014,2026-05-18,13:22,ジュース,飲料,140
1967,1014,2026-05-18,13:22,弁当,食事,500
1968,1029,2026-05-18,13:26,弁当,食事,500
1969,1037,2026-05-18,13:30,弁当,食事,500
1970,1044,2026-05-18,13:30,弁当,食事,500
1971,1035,2026-05-18,13:32,弁当,食事,500
1972,1020,2026-05-18,13:36,お茶,飲料,130
1972,1020,2026-05-18,13:36,弁当,食事,500
1973,1030,2026-05-18,13:50,お茶,飲料,130
1973,1030,2026-05-18,13:50,弁当,食事,500
1974,1042,2026-05-18,13:54,おにぎり,食事,150
1974,1042,2026-05-18,13:54,お茶,飲料,130
1974,1042,2026-05-18,13:54,パン,食事,180
1975,1055,2026-05-18,13:54,おにぎり,食事,150
1975,1055,2026-05-18,13:54,お茶,飲料,130
1975,1055,2026-05-18,13:54,パン,食事,180
1976,1107,2026-05-18,14:07,クッキー,菓子,180
1976,1107,2026-05-18,14:07,コーヒー,飲料,160
1977,1108,2026-05-18,14:13,クッキー,菓子,180
1977,1108,2026-05-18,14:13,コーヒー,飲料,160
1978,1072,2026-05-18,14:14,クッキー,菓子,180
1978,1072,2026-05-18,14:14,コーヒー,飲料,160
1979,1116,2026-05-18,14:16,コーヒー,飲料,160
1980,1120,2026-05-18,14:16,コーヒー,飲料,160
1980,1120,2026-05-18,14:16,チョコレート,菓子,120
1981,1111,2026-05-18,14:20,クッキー,菓子,180
1981,1111,2026-05-18,14:20,コーヒー,飲料,160
1982,1121,2026-05-18,14:25,クッキー,菓子,180
1982,1121,2026-05-18,14:25,コーヒー,飲料,160
1983,1094,2026-05-18,14:39,クッキー,菓子,180
1983,1094,2026-05-18,14:39,コーヒー,飲料,160
1984,1110,2026-05-18,14:42,クッキー,菓子,180
1984,1110,2026-05-18,14:42,コーヒー,飲料,160
1985,1100,2026-05-18,14:47,ジュース,飲料,140
1986,1102,2026-05-18,15:08,コーヒー,飲料,160
1986,1102,2026-05-18,15:08,チョコレート,菓子,120
1987,1098,2026-05-18,15:12,ジュース,飲料,140
1988,1103,2026-05-18,15:15,コーヒー,飲料,160
1989,1081,2026-05-18,15:24,コーヒー,飲料,160
1990,1124,2026-05-18,15:38,コーヒー,飲料,160
1991,1194,2026-05-18,15:40,おにぎり,食事,150
1991,1194,2026-05-18,15:40,お茶,飲料,130
1991,1194,2026-05-18,15:40,カップ麺,食事,220
1991,1194,2026-05-18,15:40,ガム,菓子,110
1991,1194,2026-05-18,15:40,コーヒー,飲料,160
1991,1194,2026-05-18,15:40,サンドイッチ,食事,320
1991,1194,2026-05-18,15:40,パン,食事,180
1991,1194,2026-05-18,15:40,ボールペン,文具,120
1991,1194,2026-05-18,15:40,弁当,食事,500
1992,1093,2026-05-18,15:51,クッキー,菓子,180
1992,1093,2026-05-18,15:51,コーヒー,飲料,160
1993,1096,2026-05-18,15:52,クッキー,菓子,180
1993,1096,2026-05-18,15:52,コーヒー,飲料,160
1994,1109,2026-05-18,15:56,お茶,飲料,130
1995,1091,2026-05-18,16:04,クッキー,菓子,180
1995,1091,2026-05-18,16:04,コーヒー,飲料,160
1996,1184,2026-05-18,16:16,おにぎり,食事,150
1996,1184,2026-05-18,16:16,お茶,飲料,130
1996,1184,2026-05-18,16:16,カップ麺,食事,220
1996,1184,2026-05-18,16:16,クッキー,菓子,180
1996,1184,2026-05-18,16:16,ジュース,飲料,140
1996,1184,2026-05-18,16:16,チョコレート,菓子,120
1996,1184,2026-05-18,16:16,パン,食事,180
1996,1184,2026-05-18,16:16,ボールペン,文具,120
1996,1184,2026-05-18,16:16,弁当,食事,500
1997,1075,2026-05-18,16:20,コーヒー,飲料,160
1997,1075,2026-05-18,16:20,パン,食事,180
1998,1086,2026-05-18,16:27,コーヒー,飲料,160
1999,1122,2026-05-18,16:28,ジュース,飲料,140
2000,1074,2026-05-18,16:32,コーヒー,飲料,160
2000,1074,2026-05-18,16:32,チョコレート,菓子,120
2001,1112,2026-05-18,16:35,クッキー,菓子,180
2001,1112,2026-05-18,16:35,コーヒー,飲料,160
2002,1099,2026-05-18,16:40,クッキー,菓子,180
2002,1099,2026-05-18,16:40,コーヒー,飲料,160
2003,1076,2026-05-18,16:50,クッキー,菓子,180
2003,1076,2026-05-18,16:50,コーヒー,飲料,160
2004,1106,2026-05-18,16:56,コーヒー,飲料,160
2004,1106,2026-05-18,16:56,チョコレート,菓子,120
2005,1125,2026-05-18,16:58,ジュース,飲料,140
2005,1125,2026-05-18,16:58,パン,食事,180
2006,1079,2026-05-18,17:03,クッキー,菓子,180
2006,1079,2026-05-18,17:03,コーヒー,飲料,160
2007,1115,2026-05-18,17:16,コーヒー,飲料,160
2007,1115,2026-05-18,17:16,チョコレート,菓子,120
2008,1118,2026-05-18,17:30,クッキー,菓子,180
2008,1118,2026-05-18,17:30,コーヒー,飲料,160
2008,1118,2026-05-18,17:30,パン,食事,180
2009,1073,2026-05-18,17:43,クッキー,菓子,180
2009,1073,2026-05-18,17:43,コーヒー,飲料,160
2010,1077,2026-05-18,17:44,クッキー,菓子,180
2010,1077,2026-05-18,17:44,コーヒー,飲料,160
2011,1089,2026-05-18,17:44,クッキー,菓子,180
2011,1089,2026-05-18,17:44,コーヒー,飲料,160
2012,1087,2026-05-18,17:46,ガム,菓子,110
2012,1087,2026-05-18,17:46,コーヒー,飲料,160
2013,1083,2026-05-18,17:49,コーヒー,飲料,160
2014,1104,2026-05-18,17:57,クッキー,菓子,180
2014,1104,2026-05-18,17:57,コーヒー,飲料,160
2015,1085,2026-05-18,17:58,コーヒー,飲料,160
2015,1085,2026-05-18,17:58,チョコレート,菓子,120
2016,1126,2026-05-19,09:55,ボールペン,文具,120
2017,1018,2026-05-19,11:03,おにぎり,食事,150
2017,1018,2026-05-19,11:03,お茶,飲料,130
2018,1059,2026-05-19,11:05,お茶,飲料,130
2018,1059,2026-05-19,11:05,サンドイッチ,食事,320
2019,1063,2026-05-19,11:10,お茶,飲料,130
2019,1063,2026-05-19,11:10,弁当,食事,500
2020,1194,2026-05-19,11:12,お茶,飲料,130
2020,1194,2026-05-19,11:12,ガム,菓子,110
2020,1194,2026-05-19,11:12,クッキー,菓子,180
2020,1194,2026-05-19,11:12,コーヒー,飲料,160
2020,1194,2026-05-19,11:12,ジュース,飲料,140
2020,1194,2026-05-19,11:12,チョコレート,菓子,120
2020,1194,2026-05-19,11:12,ノート,文具,200
2020,1194,2026-05-19,11:12,ルーズリーフ,文具,350
2020,1194,2026-05-19,11:12,弁当,食事,500
2021,1013,2026-05-19,11:36,ジュース,飲料,140
2021,1013,2026-05-19,11:36,弁当,食事,500
2022,1002,2026-05-19,11:37,お茶,飲料,130
2022,1002,2026-05-19,11:37,弁当,食事,500
2023,1022,2026-05-19,11:38,お茶,飲料,130
2023,1022,2026-05-19,11:38,カップ麺,食事,220
2024,1043,2026-05-19,11:39,お茶,飲料,130
2024,1043,2026-05-19,11:39,カップ麺,食事,220
2025,1029,2026-05-19,11:46,弁当,食事,500
2026,1154,2026-05-19,11:47,ノート,文具,200
2027,1041,2026-05-19,11:59,お茶,飲料,130
2027,1041,2026-05-19,11:59,カップ麺,食事,220
2028,1009,2026-05-19,12:02,ジュース,飲料,140
2028,1009,2026-05-19,12:02,弁当,食事,500
2029,1070,2026-05-19,12:23,ジュース,飲料,140
2029,1070,2026-05-19,12:23,弁当,食事,500
2030,1067,2026-05-19,12:29,お茶,飲料,130
2030,1067,2026-05-19,12:29,カップ麺,食事,220
2031,1042,2026-05-19,12:33,ジュース,飲料,140
2031,1042,2026-05-19,12:33,弁当,食事,500
2032,1066,2026-05-19,12:39,お茶,飲料,130
2032,1066,2026-05-19,12:39,サンドイッチ,食事,320
2033,1027,2026-05-19,12:52,サンドイッチ,食事,320
2034,1008,2026-05-19,12:54,お茶,飲料,130
2034,1008,2026-05-19,12:54,弁当,食事,500
2035,1017,2026-05-19,13:10,おにぎり,食事,150
2036,1069,2026-05-19,13:12,お茶,飲料,130
2036,1069,2026-05-19,13:12,弁当,食事,500
2037,1055,2026-05-19,13:18,お茶,飲料,130
2037,1055,2026-05-19,13:18,弁当,食事,500
2038,1196,2026-05-19,13:21,おにぎり,食事,150
2038,1196,2026-05-19,13:21,お茶,飲料,130
2038,1196,2026-05-19,13:21,コーヒー,飲料,160
2038,1196,2026-05-19,13:21,チョコレート,菓子,120
2039,1038,2026-05-19,13:30,おにぎり,食事,150
2039,1038,2026-05-19,13:30,お茶,飲料,130
2039,1038,2026-05-19,13:30,パン,食事,180
2040,1035,2026-05-19,13:36,お茶,飲料,130
2040,1035,2026-05-19,13:36,カップ麺,食事,220
2041,1007,2026-05-19,13:49,お茶,飲料,130
2041,1007,2026-05-19,13:49,弁当,食事,500
2042,1048,2026-05-19,13:54,お茶,飲料,130
2042,1048,2026-05-19,13:54,カップ麺,食事,220
2043,1025,2026-05-19,13:56,お茶,飲料,130
2043,1025,2026-05-19,13:56,弁当,食事,500
2044,1046,2026-05-19,13:58,おにぎり,食事,150
2044,1046,2026-05-19,13:58,お茶,飲料,130
2045,1112,2026-05-19,14:05,ガム,菓子,110
2045,1112,2026-05-19,14:05,コーヒー,飲料,160
2046,1122,2026-05-19,14:27,クッキー,菓子,180
2046,1122,2026-05-19,14:27,コーヒー,飲料,160
2047,1095,2026-05-19,14:32,ガム,菓子,110
2047,1095,2026-05-19,14:32,ジュース,飲料,140
2048,1090,2026-05-19,14:39,お茶,飲料,130
2048,1090,2026-05-19,14:39,チョコレート,菓子,120
2049,1083,2026-05-19,14:46,ジュース,飲料,140
2049,1083,2026-05-19,14:46,チョコレート,菓子,120
2050,1075,2026-05-19,14:57,クッキー,菓子,180
2050,1075,2026-05-19,14:57,コーヒー,飲料,160
2051,1101,2026-05-19,15:03,クッキー,菓子,180
2051,1101,2026-05-19,15:03,コーヒー,飲料,160
2052,1074,2026-05-19,15:11,クッキー,菓子,180
2052,1074,2026-05-19,15:11,コーヒー,飲料,160
2053,1114,2026-05-19,15:19,クッキー,菓子,180
2053,1114,2026-05-19,15:19,コーヒー,飲料,160
2054,1123,2026-05-19,15:24,ガム,菓子,110
2054,1123,2026-05-19,15:24,クッキー,菓子,180
2054,1123,2026-05-19,15:24,コーヒー,飲料,160
2055,1087,2026-05-19,15:25,クッキー,菓子,180
2055,1087,2026-05-19,15:25,コーヒー,飲料,160
2055,1087,2026-05-19,15:25,パン,食事,180
2056,1108,2026-05-19,15:26,お茶,飲料,130
2056,1108,2026-05-19,15:26,チョコレート,菓子,120
2057,1116,2026-05-19,15:27,クッキー,菓子,180
2057,1116,2026-05-19,15:27,コーヒー,飲料,160
2058,1106,2026-05-19,15:38,ガム,菓子,110
2058,1106,2026-05-19,15:38,クッキー,菓子,180
2058,1106,2026-05-19,15:38,コーヒー,飲料,160
2059,1098,2026-05-19,15:54,コーヒー,飲料,160
2059,1098,2026-05-19,15:54,パン,食事,180
2060,1103,2026-05-19,15:56,クッキー,菓子,180
2060,1103,2026-05-19,15:56,コーヒー,飲料,160
2060,1103,2026-05-19,15:56,パン,食事,180
2061,1176,2026-05-19,15:56,おにぎり,食事,150
2061,1176,2026-05-19,15:56,お茶,飲料,130
2061,1176,2026-05-19,15:56,カップ麺,食事,220
2061,1176,2026-05-19,15:56,サンドイッチ,食事,320
2061,1176,2026-05-19,15:56,ジュース,飲料,140
2061,1176,2026-05-19,15:56,チョコレート,菓子,120
2061,1176,2026-05-19,15:56,消しゴム,文具,100
2062,1124,2026-05-19,16:01,クッキー,菓子,180
2062,1124,2026-05-19,16:01,コーヒー,飲料,160
2063,1117,2026-05-19,16:16,コーヒー,飲料,160
2063,1117,2026-05-19,16:16,チョコレート,菓子,120
2064,1113,2026-05-19,16:33,ガム,菓子,110
2064,1113,2026-05-19,16:33,クッキー,菓子,180
2064,1113,2026-05-19,16:33,コーヒー,飲料,160
2065,1119,2026-05-19,16:37,コーヒー,飲料,160
2065,1119,2026-05-19,16:37,チョコレート,菓子,120
2065,1119,2026-05-19,16:37,パン,食事,180
2066,1199,2026-05-19,16:42,お茶,飲料,130
2066,1199,2026-05-19,16:42,ノート,文具,200
2066,1199,2026-05-19,16:42,ボールペン,文具,120
2066,1199,2026-05-19,16:42,弁当,食事,500
2067,1104,2026-05-19,17:08,ガム,菓子,110
2067,1104,2026-05-19,17:08,コーヒー,飲料,160
2067,1104,2026-05-19,17:08,チョコレート,菓子,120
2068,1111,2026-05-19,17:12,コーヒー,飲料,160
2069,1125,2026-05-19,17:24,クッキー,菓子,180
2069,1125,2026-05-19,17:24,コーヒー,飲料,160
2070,1089,2026-05-19,17:25,コーヒー,飲料,160
2070,1089,2026-05-19,17:25,チョコレート,菓子,120
2070,1089,2026-05-19,17:25,パン,食事,180
2071,1110,2026-05-19,17:28,クッキー,菓子,180
2071,1110,2026-05-19,17:28,コーヒー,飲料,160
2072,1080,2026-05-19,17:37,クッキー,菓子,180
2072,1080,2026-05-19,17:37,コーヒー,飲料,160
2073,1079,2026-05-19,17:38,クッキー,菓子,180
2073,1079,2026-05-19,17:38,コーヒー,飲料,160
2074,1081,2026-05-19,17:42,コーヒー,飲料,160
2075,1182,2026-05-19,17:45,おにぎり,食事,150
2075,1182,2026-05-19,17:45,お茶,飲料,130
2075,1182,2026-05-19,17:45,カップ麺,食事,220
2075,1182,2026-05-19,17:45,クッキー,菓子,180
2075,1182,2026-05-19,17:45,ジュース,飲料,140
2075,1182,2026-05-19,17:45,パン,食事,180
2076,1093,2026-05-19,17:48,コーヒー,飲料,160
2077,1118,2026-05-19,17:48,コーヒー,飲料,160
2077,1118,2026-05-19,17:48,チョコレート,菓子,120
2078,1084,2026-05-19,17:53,クッキー,菓子,180
2078,1084,2026-05-19,17:53,コーヒー,飲料,160
2079,1077,2026-05-19,17:55,ガム,菓子,110
2079,1077,2026-05-19,17:55,コーヒー,飲料,160
2080,1094,2026-05-19,17:55,ガム,菓子,110
2080,1094,2026-05-19,17:55,クッキー,菓子,180
2080,1094,2026-05-19,17:55,コーヒー,飲料,160
2081,1141,2026-05-20,09:00,消しゴム,文具,100
2082,1127,2026-05-20,09:57,お茶,飲料,130
2082,1127,2026-05-20,09:57,ノート,文具,200
2083,1140,2026-05-20,10:19,ノート,文具,200
2083,1140,2026-05-20,10:19,消しゴム,文具,100
2084,1016,2026-05-20,11:09,お茶,飲料,130
2084,1016,2026-05-20,11:09,弁当,食事,500
2085,1056,2026-05-20,11:09,サンドイッチ,食事,320
2085,1056,2026-05-20,11:09,ジュース,飲料,140
2086,1038,2026-05-20,11:20,サンドイッチ,食事,320
2087,1006,2026-05-20,11:23,おにぎり,食事,150
2087,1006,2026-05-20,11:23,お茶,飲料,130
2087,1006,2026-05-20,11:23,パン,食事,180
2088,1040,2026-05-20,11:25,お茶,飲料,130
2088,1040,2026-05-20,11:25,カップ麺,食事,220
2089,1196,2026-05-20,11:26,お茶,飲料,130
2089,1196,2026-05-20,11:26,ガム,菓子,110
2089,1196,2026-05-20,11:26,クッキー,菓子,180
2089,1196,2026-05-20,11:26,コーヒー,飲料,160
2089,1196,2026-05-20,11:26,弁当,食事,500
2090,1049,2026-05-20,11:41,お茶,飲料,130
2090,1049,2026-05-20,11:41,弁当,食事,500
2091,1164,2026-05-20,11:43,お茶,飲料,130
2091,1164,2026-05-20,11:43,ノート,文具,200
2092,1003,2026-05-20,11:47,お茶,飲料,130
2092,1003,2026-05-20,11:47,弁当,食事,500
2093,1065,2026-05-20,11:47,お茶,飲料,130
2093,1065,2026-05-20,11:47,弁当,食事,500
2094,1155,2026-05-20,11:49,ノート,文具,200
2094,1155,2026-05-20,11:49,ルーズリーフ,文具,350
2095,1002,2026-05-20,11:59,おにぎり,食事,150
2095,1002,2026-05-20,11:59,パン,食事,180
2096,1175,2026-05-20,12:06,お茶,飲料,130
2096,1175,2026-05-20,12:06,カップ麺,食事,220
2096,1175,2026-05-20,12:06,ガム,菓子,110
2096,1175,2026-05-20,12:06,クッキー,菓子,180
2096,1175,2026-05-20,12:06,チョコレート,菓子,120
2096,1175,2026-05-20,12:06,ノート,文具,200
2096,1175,2026-05-20,12:06,パン,食事,180
2097,1023,2026-05-20,12:07,弁当,食事,500
2098,1039,2026-05-20,12:07,お茶,飲料,130
2098,1039,2026-05-20,12:07,弁当,食事,500
2099,1042,2026-05-20,12:07,お茶,飲料,130
2099,1042,2026-05-20,12:07,カップ麺,食事,220
2100,1011,2026-05-20,12:16,サンドイッチ,食事,320
2100,1011,2026-05-20,12:16,ジュース,飲料,140
2101,1010,2026-05-20,12:20,弁当,食事,500
2102,1058,2026-05-20,12:20,お茶,飲料,130
2102,1058,2026-05-20,12:20,サンドイッチ,食事,320
2103,1018,2026-05-20,12:37,お茶,飲料,130
2103,1018,2026-05-20,12:37,弁当,食事,500
2104,1059,2026-05-20,12:38,カップ麺,食事,220
2105,1028,2026-05-20,12:40,おにぎり,食事,150
2105,1028,2026-05-20,12:40,お茶,飲料,130
2105,1028,2026-05-20,12:40,パン,食事,180
2106,1031,2026-05-20,12:47,弁当,食事,500
2107,1051,2026-05-20,13:01,お茶,飲料,130
2107,1051,2026-05-20,13:01,チョコレート,菓子,120
2107,1051,2026-05-20,13:01,弁当,食事,500
2108,1063,2026-05-20,13:08,カップ麺,食事,220
2108,1063,2026-05-20,13:08,チョコレート,菓子,120
2109,1064,2026-05-20,13:09,弁当,食事,500
2110,1062,2026-05-20,13:10,おにぎり,食事,150
2110,1062,2026-05-20,13:10,お茶,飲料,130
2111,1032,2026-05-20,13:14,おにぎり,食事,150
2111,1032,2026-05-20,13:14,お茶,飲料,130
2111,1032,2026-05-20,13:14,パン,食事,180
2112,1044,2026-05-20,13:15,弁当,食事,500
2113,1015,2026-05-20,13:23,おにぎり,食事,150
2113,1015,2026-05-20,13:23,お茶,飲料,130
2114,1022,2026-05-20,13:24,おにぎり,食事,150
2114,1022,2026-05-20,13:24,お茶,飲料,130
2115,1013,2026-05-20,13:27,お茶,飲料,130
2115,1013,2026-05-20,13:27,チョコレート,菓子,120
2115,1013,2026-05-20,13:27,弁当,食事,500
2116,1187,2026-05-20,13:49,カップ麺,食事,220
2116,1187,2026-05-20,13:49,クッキー,菓子,180
2116,1187,2026-05-20,13:49,コーヒー,飲料,160
2116,1187,2026-05-20,13:49,サンドイッチ,食事,320
2116,1187,2026-05-20,13:49,パン,食事,180
2116,1187,2026-05-20,13:49,ルーズリーフ,文具,350
2116,1187,2026-05-20,13:49,弁当,食事,500
2117,1061,2026-05-20,13:51,チョコレート,菓子,120
2117,1061,2026-05-20,13:51,弁当,食事,500
2118,1070,2026-05-20,13:52,おにぎり,食事,150
2118,1070,2026-05-20,13:52,お茶,飲料,130
2118,1070,2026-05-20,13:52,パン,食事,180
2119,1034,2026-05-20,13:53,おにぎり,食事,150
2119,1034,2026-05-20,13:53,ジュース,飲料,140
2119,1034,2026-05-20,13:53,パン,食事,180
2120,1021,2026-05-20,13:55,おにぎり,食事,150
2121,1069,2026-05-20,13:55,お茶,飲料,130
2121,1069,2026-05-20,13:55,弁当,食事,500
2122,1095,2026-05-20,14:01,クッキー,菓子,180
2122,1095,2026-05-20,14:01,コーヒー,飲料,160
2123,1103,2026-05-20,14:01,コーヒー,飲料,160
2124,1088,2026-05-20,14:04,コーヒー,飲料,160
2124,1088,2026-05-20,14:04,チョコレート,菓子,120
2125,1080,2026-05-20,14:07,コーヒー,飲料,160
2125,1080,2026-05-20,14:07,チョコレート,菓子,120
2126,1124,2026-05-20,14:12,クッキー,菓子,180
2126,1124,2026-05-20,14:12,コーヒー,飲料,160
2127,1120,2026-05-20,14:18,コーヒー,飲料,160
2128,1098,2026-05-20,14:31,コーヒー,飲料,160
2129,1075,2026-05-20,14:40,クッキー,菓子,180
2129,1075,2026-05-20,14:40,コーヒー,飲料,160
2130,1125,2026-05-20,14:40,コーヒー,飲料,160
2131,1102,2026-05-20,14:48,コーヒー,飲料,160
2132,1115,2026-05-20,14:48,ガム,菓子,110
2132,1115,2026-05-20,14:48,クッキー,菓子,180
2132,1115,2026-05-20,14:48,コーヒー,飲料,160
2133,1096,2026-05-20,14:49,ガム,菓子,110
2133,1096,2026-05-20,14:49,クッキー,菓子,180
2133,1096,2026-05-20,14:49,コーヒー,飲料,160
2134,1082,2026-05-20,15:00,クッキー,菓子,180
2134,1082,2026-05-20,15:00,コーヒー,飲料,160
2135,1073,2026-05-20,15:06,クッキー,菓子,180
2135,1073,2026-05-20,15:06,コーヒー,飲料,160
2136,1087,2026-05-20,15:12,クッキー,菓子,180
2136,1087,2026-05-20,15:12,コーヒー,飲料,160
2137,1195,2026-05-20,15:15,おにぎり,食事,150
2137,1195,2026-05-20,15:15,お茶,飲料,130
2137,1195,2026-05-20,15:15,カップ麺,食事,220
2137,1195,2026-05-20,15:15,サンドイッチ,食事,320
2137,1195,2026-05-20,15:15,パン,食事,180
2137,1195,2026-05-20,15:15,ボールペン,文具,120
2137,1195,2026-05-20,15:15,弁当,食事,500
2138,1083,2026-05-20,15:18,クッキー,菓子,180
2138,1083,2026-05-20,15:18,コーヒー,飲料,160
2139,1200,2026-05-20,15:26,お茶,飲料,130
2139,1200,2026-05-20,15:26,カップ麺,食事,220
2139,1200,2026-05-20,15:26,サンドイッチ,食事,320
2139,1200,2026-05-20,15:26,ジュース,飲料,140
2139,1200,2026-05-20,15:26,パン,食事,180
2139,1200,2026-05-20,15:26,ボールペン,文具,120
2139,1200,2026-05-20,15:26,ルーズリーフ,文具,350
2139,1200,2026-05-20,15:26,弁当,食事,500
2140,1106,2026-05-20,15:38,お茶,飲料,130
2141,1101,2026-05-20,15:39,ガム,菓子,110
2141,1101,2026-05-20,15:39,コーヒー,飲料,160
2142,1079,2026-05-20,15:42,クッキー,菓子,180
2142,1079,2026-05-20,15:42,コーヒー,飲料,160
2143,1117,2026-05-20,15:53,コーヒー,飲料,160
2144,1118,2026-05-20,16:07,コーヒー,飲料,160
2145,1084,2026-05-20,16:09,クッキー,菓子,180
2145,1084,2026-05-20,16:09,コーヒー,飲料,160
2146,1111,2026-05-20,16:10,コーヒー,飲料,160
2147,1100,2026-05-20,16:12,コーヒー,飲料,160
2147,1100,2026-05-20,16:12,パン,食事,180
2148,1076,2026-05-20,16:21,コーヒー,飲料,160
2149,1074,2026-05-20,16:28,ジュース,飲料,140
2149,1074,2026-05-20,16:28,チョコレート,菓子,120
2150,1114,2026-05-20,16:35,ガム,菓子,110
2150,1114,2026-05-20,16:35,クッキー,菓子,180
2150,1114,2026-05-20,16:35,コーヒー,飲料,160
2151,1093,2026-05-20,16:45,ガム,菓子,110
2151,1093,2026-05-20,16:45,コーヒー,飲料,160
2152,1110,2026-05-20,16:47,ガム,菓子,110
2152,1110,2026-05-20,16:47,クッキー,菓子,180
2152,1110,2026-05-20,16:47,コーヒー,飲料,160
2153,1077,2026-05-20,16:50,クッキー,菓子,180
2153,1077,2026-05-20,16:50,コーヒー,飲料,160
2154,1104,2026-05-20,16:51,ジュース,飲料,140
2155,1072,2026-05-20,16:53,クッキー,菓子,180
2155,1072,2026-05-20,16:53,コーヒー,飲料,160
2156,1092,2026-05-20,16:54,クッキー,菓子,180
2156,1092,2026-05-20,16:54,コーヒー,飲料,160
2157,1091,2026-05-20,16:55,ガム,菓子,110
2157,1091,2026-05-20,16:55,クッキー,菓子,180
2157,1091,2026-05-20,16:55,コーヒー,飲料,160
2157,1091,2026-05-20,16:55,パン,食事,180
2158,1108,2026-05-20,16:57,コーヒー,飲料,160
2159,1122,2026-05-20,16:59,コーヒー,飲料,160
2160,1081,2026-05-20,17:02,コーヒー,飲料,160
2161,1121,2026-05-20,17:05,クッキー,菓子,180
2161,1121,2026-05-20,17:05,コーヒー,飲料,160
2162,1107,2026-05-20,17:07,コーヒー,飲料,160
2163,1105,2026-05-20,17:10,コーヒー,飲料,160
2164,1094,2026-05-20,17:16,クッキー,菓子,180
2164,1094,2026-05-20,17:16,コーヒー,飲料,160
2165,1071,2026-05-20,17:22,クッキー,菓子,180
2165,1071,2026-05-20,17:22,コーヒー,飲料,160
2166,1123,2026-05-20,17:30,コーヒー,飲料,160
2166,1123,2026-05-20,17:30,チョコレート,菓子,120
2167,1113,2026-05-20,17:31,クッキー,菓子,180
2167,1113,2026-05-20,17:31,コーヒー,飲料,160
2167,1113,2026-05-20,17:31,パン,食事,180
2168,1090,2026-05-20,17:36,コーヒー,飲料,160
2168,1090,2026-05-20,17:36,チョコレート,菓子,120
2169,1109,2026-05-20,17:47,クッキー,菓子,180
2169,1109,2026-05-20,17:47,コーヒー,飲料,160
2170,1116,2026-05-20,17:50,クッキー,菓子,180
2170,1116,2026-05-20,17:50,コーヒー,飲料,160
2170,1116,2026-05-20,17:50,パン,食事,180
2171,1099,2026-05-20,17:51,コーヒー,飲料,160
2172,1194,2026-05-21,10:02,おにぎり,食事,150
2172,1194,2026-05-21,10:02,お茶,飲料,130
2172,1194,2026-05-21,10:02,ガム,菓子,110
2172,1194,2026-05-21,10:02,クッキー,菓子,180
2172,1194,2026-05-21,10:02,サンドイッチ,食事,320
2172,1194,2026-05-21,10:02,パン,食事,180
2172,1194,2026-05-21,10:02,ボールペン,文具,120
2172,1194,2026-05-21,10:02,ルーズリーフ,文具,350
2172,1194,2026-05-21,10:02,弁当,食事,500
2173,1015,2026-05-21,11:24,おにぎり,食事,150
2173,1015,2026-05-21,11:24,お茶,飲料,130
2173,1015,2026-05-21,11:24,パン,食事,180
2174,1060,2026-05-21,11:27,おにぎり,食事,150
2174,1060,2026-05-21,11:27,お茶,飲料,130
2174,1060,2026-05-21,11:27,チョコレート,菓子,120
2175,1048,2026-05-21,11:31,お茶,飲料,130
2175,1048,2026-05-21,11:31,弁当,食事,500
2176,1038,2026-05-21,11:57,おにぎり,食事,150
2176,1038,2026-05-21,11:57,お茶,飲料,130
2176,1038,2026-05-21,11:57,チョコレート,菓子,120
2176,1038,2026-05-21,11:57,パン,食事,180
2177,1027,2026-05-21,12:02,弁当,食事,500
2178,1020,2026-05-21,12:08,お茶,飲料,130
2178,1020,2026-05-21,12:08,カップ麺,食事,220
2179,1045,2026-05-21,12:12,お茶,飲料,130
2179,1045,2026-05-21,12:12,サンドイッチ,食事,320
2180,1035,2026-05-21,12:13,おにぎり,食事,150
2180,1035,2026-05-21,12:13,お茶,飲料,130
2180,1035,2026-05-21,12:13,チョコレート,菓子,120
2180,1035,2026-05-21,12:13,パン,食事,180
2181,1154,2026-05-21,12:15,消しゴム,文具,100
2182,1070,2026-05-21,12:19,カップ麺,食事,220
2182,1070,2026-05-21,12:19,ジュース,飲料,140
2183,1158,2026-05-21,12:21,ボールペン,文具,120
2183,1158,2026-05-21,12:21,ルーズリーフ,文具,350
2184,1025,2026-05-21,12:29,お茶,飲料,130
2184,1025,2026-05-21,12:29,弁当,食事,500
2185,1062,2026-05-21,12:34,おにぎり,食事,150
2185,1062,2026-05-21,12:34,お茶,飲料,130
2186,1014,2026-05-21,12:36,サンドイッチ,食事,320
2187,1196,2026-05-21,12:38,お茶,飲料,130
2187,1196,2026-05-21,12:38,カップ麺,食事,220
2187,1196,2026-05-21,12:38,クッキー,菓子,180
2187,1196,2026-05-21,12:38,コーヒー,飲料,160
2188,1041,2026-05-21,12:41,おにぎり,食事,150
2188,1041,2026-05-21,12:41,お茶,飲料,130
2188,1041,2026-05-21,12:41,パン,食事,180
2189,1022,2026-05-21,12:46,お茶,飲料,130
2189,1022,2026-05-21,12:46,チョコレート,菓子,120
2189,1022,2026-05-21,12:46,弁当,食事,500
2190,1049,2026-05-21,12:47,おにぎり,食事,150
2190,1049,2026-05-21,12:47,お茶,飲料,130
2190,1049,2026-05-21,12:47,パン,食事,180
2191,1185,2026-05-21,12:55,おにぎり,食事,150
2191,1185,2026-05-21,12:55,お茶,飲料,130
2191,1185,2026-05-21,12:55,コーヒー,飲料,160
2191,1185,2026-05-21,12:55,サンドイッチ,食事,320
2191,1185,2026-05-21,12:55,パン,食事,180
2191,1185,2026-05-21,12:55,ルーズリーフ,文具,350
2191,1185,2026-05-21,12:55,弁当,食事,500
2191,1185,2026-05-21,12:55,消しゴム,文具,100
2192,1197,2026-05-21,13:00,お茶,飲料,130
2192,1197,2026-05-21,13:00,弁当,食事,500
2193,1176,2026-05-21,13:04,お茶,飲料,130
2193,1176,2026-05-21,13:04,サンドイッチ,食事,320
2193,1176,2026-05-21,13:04,ジュース,飲料,140
2193,1176,2026-05-21,13:04,パン,食事,180
2193,1176,2026-05-21,13:04,ルーズリーフ,文具,350
2193,1176,2026-05-21,13:04,弁当,食事,500
2194,1031,2026-05-21,13:11,おにぎり,食事,150
2194,1031,2026-05-21,13:11,お茶,飲料,130
2194,1031,2026-05-21,13:11,パン,食事,180
2195,1054,2026-05-21,13:12,サンドイッチ,食事,320
2196,1021,2026-05-21,13:13,おにぎり,食事,150
2196,1021,2026-05-21,13:13,お茶,飲料,130
2197,1023,2026-05-21,13:20,おにぎり,食事,150
2197,1023,2026-05-21,13:20,お茶,飲料,130
2198,1068,2026-05-21,13:32,おにぎり,食事,150
2198,1068,2026-05-21,13:32,お茶,飲料,130
2199,1024,2026-05-21,13:36,弁当,食事,500
2200,1046,2026-05-21,13:39,お茶,飲料,130
2200,1046,2026-05-21,13:39,弁当,食事,500
2201,1030,2026-05-21,13:43,おにぎり,食事,150
2201,1030,2026-05-21,13:43,パン,食事,180
2202,1133,2026-05-21,13:43,消しゴム,文具,100
2203,1040,2026-05-21,13:54,おにぎり,食事,150
2203,1040,2026-05-21,13:54,お茶,飲料,130
2204,1006,2026-05-21,13:56,おにぎり,食事,150
2204,1006,2026-05-21,13:56,お茶,飲料,130
2205,1075,2026-05-21,14:08,お茶,飲料,130
2205,1075,2026-05-21,14:08,パン,食事,180
2206,1088,2026-05-21,14:18,クッキー,菓子,180
2206,1088,2026-05-21,14:18,コーヒー,飲料,160
2207,1087,2026-05-21,14:19,コーヒー,飲料,160
2208,1106,2026-05-21,14:33,クッキー,菓子,180
2208,1106,2026-05-21,14:33,コーヒー,飲料,160
2209,1082,2026-05-21,14:37,クッキー,菓子,180
2209,1082,2026-05-21,14:37,コーヒー,飲料,160
2210,1084,2026-05-21,14:42,コーヒー,飲料,160
2211,1102,2026-05-21,15:05,コーヒー,飲料,160
2211,1102,2026-05-21,15:05,チョコレート,菓子,120
2212,1112,2026-05-21,15:18,コーヒー,飲料,160
2212,1112,2026-05-21,15:18,チョコレート,菓子,120
2213,1093,2026-05-21,15:19,お茶,飲料,130
2213,1093,2026-05-21,15:19,パン,食事,180
2214,1107,2026-05-21,15:28,クッキー,菓子,180
2214,1107,2026-05-21,15:28,コーヒー,飲料,160
2215,1125,2026-05-21,15:29,クッキー,菓子,180
2215,1125,2026-05-21,15:29,コーヒー,飲料,160
2216,1119,2026-05-21,15:32,ジュース,飲料,140
2217,1108,2026-05-21,15:43,お茶,飲料,130
2217,1108,2026-05-21,15:43,チョコレート,菓子,120
2218,1115,2026-05-21,15:47,ガム,菓子,110
2218,1115,2026-05-21,15:47,クッキー,菓子,180
2218,1115,2026-05-21,15:47,コーヒー,飲料,160
2219,1111,2026-05-21,16:07,コーヒー,飲料,160
2219,1111,2026-05-21,16:07,チョコレート,菓子,120
2220,1091,2026-05-21,16:08,コーヒー,飲料,160
2221,1096,2026-05-21,16:12,コーヒー,飲料,160
2222,1120,2026-05-21,16:15,お茶,飲料,130
2222,1120,2026-05-21,16:15,パン,食事,180
2223,1076,2026-05-21,16:23,クッキー,菓子,180
2223,1076,2026-05-21,16:23,コーヒー,飲料,160
2224,1094,2026-05-21,16:26,お茶,飲料,130
2225,1071,2026-05-21,16:30,ガム,菓子,110
2225,1071,2026-05-21,16:30,クッキー,菓子,180
2225,1071,2026-05-21,16:30,コーヒー,飲料,160
2226,1077,2026-05-21,16:33,コーヒー,飲料,160
2226,1077,2026-05-21,16:33,パン,食事,180
2227,1186,2026-05-21,16:39,お茶,飲料,130
2227,1186,2026-05-21,16:39,カップ麺,食事,220
2227,1186,2026-05-21,16:39,クッキー,菓子,180
2227,1186,2026-05-21,16:39,サンドイッチ,食事,320
2227,1186,2026-05-21,16:39,ジュース,飲料,140
2227,1186,2026-05-21,16:39,ノート,文具,200
2227,1186,2026-05-21,16:39,パン,食事,180
2228,1101,2026-05-21,16:49,クッキー,菓子,180
2228,1101,2026-05-21,16:49,コーヒー,飲料,160
2228,1101,2026-05-21,16:49,パン,食事,180
2229,1165,2026-05-21,16:51,ノート,文具,200
2230,1121,2026-05-21,16:53,コーヒー,飲料,160
2231,1081,2026-05-21,17:02,お茶,飲料,130
2232,1114,2026-05-21,17:02,コーヒー,飲料,160
2233,1198,2026-05-21,17:02,お茶,飲料,130
2233,1198,2026-05-21,17:02,ノート,文具,200
2233,1198,2026-05-21,17:02,ボールペン,文具,120
2233,1198,2026-05-21,17:02,弁当,食事,500
2233,1198,2026-05-21,17:02,消しゴム,文具,100
2234,1157,2026-05-21,17:09,ノート,文具,200
2235,1097,2026-05-21,17:12,コーヒー,飲料,160
2235,1097,2026-05-21,17:12,チョコレート,菓子,120
2236,1104,2026-05-21,17:14,クッキー,菓子,180
2236,1104,2026-05-21,17:14,コーヒー,飲料,160
2236,1104,2026-05-21,17:14,パン,食事,180
2237,1116,2026-05-21,17:17,クッキー,菓子,180
2237,1116,2026-05-21,17:17,コーヒー,飲料,160
2238,1073,2026-05-21,17:18,コーヒー,飲料,160
2239,1122,2026-05-21,17:24,クッキー,菓子,180
2239,1122,2026-05-21,17:24,コーヒー,飲料,160
2239,1122,2026-05-21,17:24,パン,食事,180
2240,1078,2026-05-21,17:32,ジュース,飲料,140
2240,1078,2026-05-21,17:32,パン,食事,180
2241,1118,2026-05-21,17:38,お茶,飲料,130
2242,1080,2026-05-21,17:44,クッキー,菓子,180
2242,1080,2026-05-21,17:44,コーヒー,飲料,160
2243,1092,2026-05-21,17:52,クッキー,菓子,180
2243,1092,2026-05-21,17:52,コーヒー,飲料,160
2244,1199,2026-05-21,17:53,ノート,文具,200
2244,1199,2026-05-21,17:53,ボールペン,文具,120
2244,1199,2026-05-21,17:53,弁当,食事,500
2244,1199,2026-05-21,17:53,消しゴム,文具,100
2245,1182,2026-05-21,18:14,おにぎり,食事,150
2245,1182,2026-05-21,18:14,お茶,飲料,130
2245,1182,2026-05-21,18:14,カップ麺,食事,220
2245,1182,2026-05-21,18:14,クッキー,菓子,180
2245,1182,2026-05-21,18:14,サンドイッチ,食事,320
2245,1182,2026-05-21,18:14,ジュース,飲料,140
2245,1182,2026-05-21,18:14,チョコレート,菓子,120
2245,1182,2026-05-21,18:14,パン,食事,180
2245,1182,2026-05-21,18:14,ボールペン,文具,120
2245,1182,2026-05-21,18:14,弁当,食事,500
2246,1013,2026-05-22,11:05,弁当,食事,500
2247,1044,2026-05-22,11:08,ジュース,飲料,140
2247,1044,2026-05-22,11:08,弁当,食事,500
2248,1003,2026-05-22,11:09,お茶,飲料,130
2248,1003,2026-05-22,11:09,サンドイッチ,食事,320
2249,1045,2026-05-22,11:09,お茶,飲料,130
2249,1045,2026-05-22,11:09,サンドイッチ,食事,320
2250,1027,2026-05-22,11:15,おにぎり,食事,150
2251,1033,2026-05-22,11:15,弁当,食事,500
2252,1063,2026-05-22,11:18,おにぎり,食事,150
2252,1063,2026-05-22,11:18,お茶,飲料,130
2253,1022,2026-05-22,11:19,お茶,飲料,130
2253,1022,2026-05-22,11:19,弁当,食事,500
2254,1039,2026-05-22,11:24,弁当,食事,500
2255,1024,2026-05-22,11:40,弁当,食事,500
2256,1043,2026-05-22,11:41,お茶,飲料,130
2256,1043,2026-05-22,11:41,弁当,食事,500
2257,1065,2026-05-22,11:41,おにぎり,食事,150
2257,1065,2026-05-22,11:41,お茶,飲料,130
2257,1065,2026-05-22,11:41,チョコレート,菓子,120
2258,1048,2026-05-22,11:44,お茶,飲料,130
2258,1048,2026-05-22,11:44,弁当,食事,500
2259,1049,2026-05-22,11:46,おにぎり,食事,150
2259,1049,2026-05-22,11:46,お茶,飲料,130
2260,1052,2026-05-22,11:56,お茶,飲料,130
2260,1052,2026-05-22,11:56,カップ麺,食事,220
2261,1007,2026-05-22,11:57,お茶,飲料,130
2261,1007,2026-05-22,11:57,弁当,食事,500
2262,1009,2026-05-22,12:00,ジュース,飲料,140
2262,1009,2026-05-22,12:00,弁当,食事,500
2263,1066,2026-05-22,12:10,ジュース,飲料,140
2263,1066,2026-05-22,12:10,弁当,食事,500
2264,1060,2026-05-22,12:15,弁当,食事,500
2265,1014,2026-05-22,12:29,おにぎり,食事,150
2265,1014,2026-05-22,12:29,お茶,飲料,130
2265,1014,2026-05-22,12:29,パン,食事,180
2266,1015,2026-05-22,12:39,お茶,飲料,130
2266,1015,2026-05-22,12:39,弁当,食事,500
2267,1068,2026-05-22,12:42,おにぎり,食事,150
2267,1068,2026-05-22,12:42,お茶,飲料,130
2267,1068,2026-05-22,12:42,パン,食事,180
2268,1185,2026-05-22,12:45,おにぎり,食事,150
2268,1185,2026-05-22,12:45,カップ麺,食事,220
2268,1185,2026-05-22,12:45,クッキー,菓子,180
2268,1185,2026-05-22,12:45,コーヒー,飲料,160
2268,1185,2026-05-22,12:45,サンドイッチ,食事,320
2268,1185,2026-05-22,12:45,ジュース,飲料,140
2268,1185,2026-05-22,12:45,チョコレート,菓子,120
2268,1185,2026-05-22,12:45,弁当,食事,500
2268,1185,2026-05-22,12:45,消しゴム,文具,100
2269,1018,2026-05-22,12:54,お茶,飲料,130
2269,1018,2026-05-22,12:54,弁当,食事,500
2270,1030,2026-05-22,12:54,おにぎり,食事,150
2270,1030,2026-05-22,12:54,お茶,飲料,130
2270,1030,2026-05-22,12:54,パン,食事,180
2271,1197,2026-05-22,12:55,お茶,飲料,130
2271,1197,2026-05-22,12:55,クッキー,菓子,180
2271,1197,2026-05-22,12:55,コーヒー,飲料,160
2271,1197,2026-05-22,12:55,弁当,食事,500
2272,1064,2026-05-22,12:56,お茶,飲料,130
2272,1064,2026-05-22,12:56,チョコレート,菓子,120
2272,1064,2026-05-22,12:56,弁当,食事,500
2273,1040,2026-05-22,13:03,弁当,食事,500
2274,1002,2026-05-22,13:12,おにぎり,食事,150
2274,1002,2026-05-22,13:12,お茶,飲料,130
2275,1053,2026-05-22,13:14,お茶,飲料,130
2275,1053,2026-05-22,13:14,弁当,食事,500
2276,1061,2026-05-22,13:19,弁当,食事,500
2277,1050,2026-05-22,13:20,おにぎり,食事,150
2277,1050,2026-05-22,13:20,お茶,飲料,130
2278,1023,2026-05-22,13:30,カップ麺,食事,220
2278,1023,2026-05-22,13:30,ジュース,飲料,140
2279,1029,2026-05-22,13:39,弁当,食事,500
2280,1041,2026-05-22,13:45,お茶,飲料,130
2280,1041,2026-05-22,13:45,カップ麺,食事,220
2281,1017,2026-05-22,13:49,おにぎり,食事,150
2281,1017,2026-05-22,13:49,お茶,飲料,130
2282,1032,2026-05-22,13:53,お茶,飲料,130
2282,1032,2026-05-22,13:53,弁当,食事,500
2283,1196,2026-05-22,13:54,おにぎり,食事,150
2283,1196,2026-05-22,13:54,お茶,飲料,130
2283,1196,2026-05-22,13:54,クッキー,菓子,180
2283,1196,2026-05-22,13:54,コーヒー,飲料,160
2284,1070,2026-05-22,13:58,おにぎり,食事,150
2284,1070,2026-05-22,13:58,お茶,飲料,130
2285,1104,2026-05-22,14:02,お茶,飲料,130
2286,1094,2026-05-22,14:07,コーヒー,飲料,160
2287,1108,2026-05-22,14:08,コーヒー,飲料,160
2288,1098,2026-05-22,14:18,ガム,菓子,110
2288,1098,2026-05-22,14:18,コーヒー,飲料,160
2289,1113,2026-05-22,14:19,コーヒー,飲料,160
2290,1090,2026-05-22,14:22,コーヒー,飲料,160
2290,1090,2026-05-22,14:22,チョコレート,菓子,120
2291,1110,2026-05-22,14:28,ガム,菓子,110
2291,1110,2026-05-22,14:28,コーヒー,飲料,160
2291,1110,2026-05-22,14:28,チョコレート,菓子,120
2292,1116,2026-05-22,14:30,クッキー,菓子,180
2292,1116,2026-05-22,14:30,コーヒー,飲料,160
2293,1114,2026-05-22,14:32,クッキー,菓子,180
2293,1114,2026-05-22,14:32,コーヒー,飲料,160
2293,1114,2026-05-22,14:32,パン,食事,180
2294,1122,2026-05-22,14:40,コーヒー,飲料,160
2295,1078,2026-05-22,14:53,クッキー,菓子,180
2295,1078,2026-05-22,14:53,コーヒー,飲料,160
2296,1088,2026-05-22,14:56,クッキー,菓子,180
2296,1088,2026-05-22,14:56,コーヒー,飲料,160
2297,1184,2026-05-22,14:57,おにぎり,食事,150
2297,1184,2026-05-22,14:57,お茶,飲料,130
2297,1184,2026-05-22,14:57,ガム,菓子,110
2297,1184,2026-05-22,14:57,クッキー,菓子,180
2297,1184,2026-05-22,14:57,コーヒー,飲料,160
2297,1184,2026-05-22,14:57,ジュース,飲料,140
2297,1184,2026-05-22,14:57,チョコレート,菓子,120
2297,1184,2026-05-22,14:57,パン,食事,180
2297,1184,2026-05-22,14:57,弁当,食事,500
2298,1072,2026-05-22,15:06,クッキー,菓子,180
2298,1072,2026-05-22,15:06,コーヒー,飲料,160
2299,1106,2026-05-22,15:07,ジュース,飲料,140
2299,1106,2026-05-22,15:07,チョコレート,菓子,120
2300,1118,2026-05-22,15:10,クッキー,菓子,180
2300,1118,2026-05-22,15:10,コーヒー,飲料,160
2301,1111,2026-05-22,15:18,コーヒー,飲料,160
2302,1124,2026-05-22,15:31,ガム,菓子,110
2302,1124,2026-05-22,15:31,コーヒー,飲料,160
2303,1074,2026-05-22,15:42,ガム,菓子,110
2303,1074,2026-05-22,15:42,コーヒー,飲料,160
2304,1084,2026-05-22,15:53,ジュース,飲料,140
2305,1123,2026-05-22,15:56,クッキー,菓子,180
2305,1123,2026-05-22,15:56,コーヒー,飲料,160
2306,1085,2026-05-22,16:03,コーヒー,飲料,160
2306,1085,2026-05-22,16:03,チョコレート,菓子,120
2307,1125,2026-05-22,16:06,クッキー,菓子,180
2307,1125,2026-05-22,16:06,コーヒー,飲料,160
2308,1115,2026-05-22,16:13,クッキー,菓子,180
2308,1115,2026-05-22,16:13,コーヒー,飲料,160
2309,1117,2026-05-22,16:14,コーヒー,飲料,160
2310,1112,2026-05-22,16:18,お茶,飲料,130
2311,1105,2026-05-22,16:32,ガム,菓子,110
2311,1105,2026-05-22,16:32,クッキー,菓子,180
2311,1105,2026-05-22,16:32,コーヒー,飲料,160
2312,1143,2026-05-22,16:44,お茶,飲料,130
2312,1143,2026-05-22,16:44,ノート,文具,200
2312,1143,2026-05-22,16:44,ルーズリーフ,文具,350
2312,1143,2026-05-22,16:44,消しゴム,文具,100
2313,1071,2026-05-22,17:04,クッキー,菓子,180
2313,1071,2026-05-22,17:04,コーヒー,飲料,160
2314,1100,2026-05-22,17:24,クッキー,菓子,180
2314,1100,2026-05-22,17:24,コーヒー,飲料,160
2314,1100,2026-05-22,17:24,パン,食事,180
2315,1121,2026-05-22,17:24,クッキー,菓子,180
2315,1121,2026-05-22,17:24,コーヒー,飲料,160
2316,1075,2026-05-22,17:28,ジュース,飲料,140
2317,1103,2026-05-22,17:39,クッキー,菓子,180
2317,1103,2026-05-22,17:39,コーヒー,飲料,160
2318,1101,2026-05-22,17:47,クッキー,菓子,180
2318,1101,2026-05-22,17:47,コーヒー,飲料,160
2319,1081,2026-05-22,17:52,クッキー,菓子,180
2319,1081,2026-05-22,17:52,コーヒー,飲料,160
2320,1086,2026-05-22,17:53,クッキー,菓子,180
2320,1086,2026-05-22,17:53,コーヒー,飲料,160
2321,1165,2026-05-25,09:55,ノート,文具,200
2321,1165,2026-05-25,09:55,ルーズリーフ,文具,350
2322,1181,2026-05-25,10:47,おにぎり,食事,150
2322,1181,2026-05-25,10:47,お茶,飲料,130
2322,1181,2026-05-25,10:47,ガム,菓子,110
2322,1181,2026-05-25,10:47,クッキー,菓子,180
2322,1181,2026-05-25,10:47,コーヒー,飲料,160
2322,1181,2026-05-25,10:47,サンドイッチ,食事,320
2322,1181,2026-05-25,10:47,ジュース,飲料,140
2322,1181,2026-05-25,10:47,パン,食事,180
2322,1181,2026-05-25,10:47,弁当,食事,500
2323,1030,2026-05-25,11:24,ジュース,飲料,140
2323,1030,2026-05-25,11:24,弁当,食事,500
2324,1050,2026-05-25,11:26,お茶,飲料,130
2324,1050,2026-05-25,11:26,弁当,食事,500
2325,1048,2026-05-25,11:29,ジュース,飲料,140
2325,1048,2026-05-25,11:29,弁当,食事,500
2326,1053,2026-05-25,11:30,カップ麺,食事,220
2326,1053,2026-05-25,11:30,チョコレート,菓子,120
2327,1028,2026-05-25,11:34,お茶,飲料,130
2327,1028,2026-05-25,11:34,サンドイッチ,食事,320
2328,1026,2026-05-25,11:46,サンドイッチ,食事,320
2328,1026,2026-05-25,11:46,ジュース,飲料,140
2329,1031,2026-05-25,11:52,弁当,食事,500
2330,1002,2026-05-25,11:56,おにぎり,食事,150
2330,1002,2026-05-25,11:56,チョコレート,菓子,120
2330,1002,2026-05-25,11:56,パン,食事,180
2331,1037,2026-05-25,11:57,サンドイッチ,食事,320
2332,1012,2026-05-25,12:00,お茶,飲料,130
2332,1012,2026-05-25,12:00,弁当,食事,500
2333,1013,2026-05-25,12:02,カップ麺,食事,220
2334,1015,2026-05-25,12:05,おにぎり,食事,150
2334,1015,2026-05-25,12:05,チョコレート,菓子,120
2334,1015,2026-05-25,12:05,パン,食事,180
2335,1014,2026-05-25,12:07,お茶,飲料,130
2335,1014,2026-05-25,12:07,弁当,食事,500
2336,1041,2026-05-25,12:07,おにぎり,食事,150
2337,1023,2026-05-25,12:09,おにぎり,食事,150
2337,1023,2026-05-25,12:09,お茶,飲料,130
2337,1023,2026-05-25,12:09,パン,食事,180
2338,1010,2026-05-25,12:11,お茶,飲料,130
2338,1010,2026-05-25,12:11,サンドイッチ,食事,320
2338,1010,2026-05-25,12:11,チョコレート,菓子,120
2339,1069,2026-05-25,12:12,カップ麺,食事,220
2339,1069,2026-05-25,12:12,ジュース,飲料,140
2340,1038,2026-05-25,12:13,お茶,飲料,130
2340,1038,2026-05-25,12:13,弁当,食事,500
2341,1006,2026-05-25,12:14,ジュース,飲料,140
2341,1006,2026-05-25,12:14,弁当,食事,500
2342,1033,2026-05-25,12:23,おにぎり,食事,150
2342,1033,2026-05-25,12:23,お茶,飲料,130
2343,1190,2026-05-25,12:30,おにぎり,食事,150
2343,1190,2026-05-25,12:30,お茶,飲料,130
2343,1190,2026-05-25,12:30,カップ麺,食事,220
2343,1190,2026-05-25,12:30,ジュース,飲料,140
2343,1190,2026-05-25,12:30,ボールペン,文具,120
2343,1190,2026-05-25,12:30,弁当,食事,500
2344,1036,2026-05-25,12:33,おにぎり,食事,150
2344,1036,2026-05-25,12:33,お茶,飲料,130
2344,1036,2026-05-25,12:33,チョコレート,菓子,120
2345,1019,2026-05-25,12:38,お茶,飲料,130
2345,1019,2026-05-25,12:38,弁当,食事,500
2346,1051,2026-05-25,12:44,サンドイッチ,食事,320
2346,1051,2026-05-25,12:44,ジュース,飲料,140
2347,1018,2026-05-25,12:48,お茶,飲料,130
2347,1018,2026-05-25,12:48,弁当,食事,500
2348,1065,2026-05-25,12:52,お茶,飲料,130
2348,1065,2026-05-25,12:52,弁当,食事,500
2349,1052,2026-05-25,12:57,お茶,飲料,130
2349,1052,2026-05-25,12:57,サンドイッチ,食事,320
2350,1025,2026-05-25,13:01,ジュース,飲料,140
2350,1025,2026-05-25,13:01,弁当,食事,500
2351,1003,2026-05-25,13:05,お茶,飲料,130
2351,1003,2026-05-25,13:05,サンドイッチ,食事,320
2352,1046,2026-05-25,13:15,カップ麺,食事,220
2353,1049,2026-05-25,13:17,カップ麺,食事,220
2354,1056,2026-05-25,13:31,お茶,飲料,130
2354,1056,2026-05-25,13:31,カップ麺,食事,220
2355,1066,2026-05-25,13:31,弁当,食事,500
2356,1017,2026-05-25,13:43,おにぎり,食事,150
2357,1063,2026-05-25,13:46,お茶,飲料,130
2357,1063,2026-05-25,13:46,弁当,食事,500
2358,1004,2026-05-25,13:47,弁当,食事,500
2359,1034,2026-05-25,13:55,おにぎり,食事,150
2359,1034,2026-05-25,13:55,ジュース,飲料,140
2360,1040,2026-05-25,13:58,弁当,食事,500
2361,1097,2026-05-25,14:01,コーヒー,飲料,160
2362,1098,2026-05-25,14:09,コーヒー,飲料,160
2362,1098,2026-05-25,14:09,チョコレート,菓子,120
2363,1072,2026-05-25,14:12,コーヒー,飲料,160
2363,1072,2026-05-25,14:12,チョコレート,菓子,120
2363,1072,2026-05-25,14:12,パン,食事,180
2364,1071,2026-05-25,14:22,クッキー,菓子,180
2364,1071,2026-05-25,14:22,コーヒー,飲料,160
2364,1071,2026-05-25,14:22,パン,食事,180
2365,1080,2026-05-25,14:23,コーヒー,飲料,160
2366,1088,2026-05-25,14:31,コーヒー,飲料,160
2366,1088,2026-05-25,14:31,チョコレート,菓子,120
2367,1087,2026-05-25,14:48,クッキー,菓子,180
2367,1087,2026-05-25,14:48,コーヒー,飲料,160
2368,1119,2026-05-25,14:48,クッキー,菓子,180
2368,1119,2026-05-25,14:48,コーヒー,飲料,160
2369,1104,2026-05-25,15:04,コーヒー,飲料,160
2370,1092,2026-05-25,15:06,クッキー,菓子,180
2370,1092,2026-05-25,15:06,コーヒー,飲料,160
2370,1092,2026-05-25,15:06,パン,食事,180
2371,1115,2026-05-25,15:13,クッキー,菓子,180
2371,1115,2026-05-25,15:13,コーヒー,飲料,160
2372,1110,2026-05-25,15:19,コーヒー,飲料,160
2373,1076,2026-05-25,15:28,クッキー,菓子,180
2373,1076,2026-05-25,15:28,コーヒー,飲料,160
2374,1123,2026-05-25,15:50,クッキー,菓子,180
2374,1123,2026-05-25,15:50,コーヒー,飲料,160
2375,1085,2026-05-25,15:57,コーヒー,飲料,160
2376,1108,2026-05-25,16:01,コーヒー,飲料,160
2377,1081,2026-05-25,16:02,お茶,飲料,130
2377,1081,2026-05-25,16:02,チョコレート,菓子,120
2378,1111,2026-05-25,16:04,コーヒー,飲料,160
2378,1111,2026-05-25,16:04,チョコレート,菓子,120
2379,1114,2026-05-25,16:05,クッキー,菓子,180
2379,1114,2026-05-25,16:05,コーヒー,飲料,160
2379,1114,2026-05-25,16:05,パン,食事,180
2380,1077,2026-05-25,16:07,ガム,菓子,110
2380,1077,2026-05-25,16:07,クッキー,菓子,180
2380,1077,2026-05-25,16:07,コーヒー,飲料,160
2381,1089,2026-05-25,16:21,クッキー,菓子,180
2381,1089,2026-05-25,16:21,コーヒー,飲料,160
2382,1116,2026-05-25,16:25,ジュース,飲料,140
2383,1105,2026-05-25,16:29,コーヒー,飲料,160
2383,1105,2026-05-25,16:29,パン,食事,180
2384,1086,2026-05-25,16:38,コーヒー,飲料,160
2385,1095,2026-05-25,16:44,クッキー,菓子,180
2385,1095,2026-05-25,16:44,コーヒー,飲料,160
2386,1073,2026-05-25,16:46,クッキー,菓子,180
2386,1073,2026-05-25,16:46,コーヒー,飲料,160
2386,1073,2026-05-25,16:46,パン,食事,180
2387,1101,2026-05-25,16:50,クッキー,菓子,180
2387,1101,2026-05-25,16:50,コーヒー,飲料,160
2388,1106,2026-05-25,16:51,コーヒー,飲料,160
2389,1099,2026-05-25,17:14,クッキー,菓子,180
2389,1099,2026-05-25,17:14,コーヒー,飲料,160
2390,1096,2026-05-25,17:22,クッキー,菓子,180
2390,1096,2026-05-25,17:22,コーヒー,飲料,160
2391,1102,2026-05-25,17:28,コーヒー,飲料,160
2391,1102,2026-05-25,17:28,チョコレート,菓子,120
2392,1139,2026-05-25,17:29,ノート,文具,200
2393,1094,2026-05-25,17:39,クッキー,菓子,180
2393,1094,2026-05-25,17:39,コーヒー,飲料,160
2394,1100,2026-05-25,17:40,コーヒー,飲料,160
2394,1100,2026-05-25,17:40,チョコレート,菓子,120
2395,1107,2026-05-25,17:41,コーヒー,飲料,160
2396,1090,2026-05-25,17:50,お茶,飲料,130
2397,1125,2026-05-25,17:54,コーヒー,飲料,160
2397,1125,2026-05-25,17:54,チョコレート,菓子,120
2398,1118,2026-05-25,17:57,ジュース,飲料,140
2399,1165,2026-05-26,09:48,ノート,文具,200
2400,1050,2026-05-26,11:04,おにぎり,食事,150
2400,1050,2026-05-26,11:04,ジュース,飲料,140
2401,1054,2026-05-26,11:07,お茶,飲料,130
2401,1054,2026-05-26,11:07,サンドイッチ,食事,320
2401,1054,2026-05-26,11:07,チョコレート,菓子,120
2402,1008,2026-05-26,11:15,お茶,飲料,130
2402,1008,2026-05-26,11:15,弁当,食事,500
2403,1063,2026-05-26,11:16,お茶,飲料,130
2403,1063,2026-05-26,11:16,弁当,食事,500
2404,1025,2026-05-26,11:22,おにぎり,食事,150
2404,1025,2026-05-26,11:22,お茶,飲料,130
2405,1052,2026-05-26,11:22,ジュース,飲料,140
2405,1052,2026-05-26,11:22,弁当,食事,500
2406,1028,2026-05-26,11:32,おにぎり,食事,150
2406,1028,2026-05-26,11:32,お茶,飲料,130
2407,1047,2026-05-26,11:34,おにぎり,食事,150
2407,1047,2026-05-26,11:34,お茶,飲料,130
2408,1045,2026-05-26,11:39,弁当,食事,500
2409,1044,2026-05-26,11:42,カップ麺,食事,220
2410,1003,2026-05-26,11:48,お茶,飲料,130
2410,1003,2026-05-26,11:48,弁当,食事,500
2411,1016,2026-05-26,12:01,おにぎり,食事,150
2411,1016,2026-05-26,12:01,お茶,飲料,130
2411,1016,2026-05-26,12:01,パン,食事,180
2412,1058,2026-05-26,12:10,弁当,食事,500
2413,1046,2026-05-26,12:23,弁当,食事,500
2414,1020,2026-05-26,12:33,おにぎり,食事,150
2414,1020,2026-05-26,12:33,ジュース,飲料,140
2414,1020,2026-05-26,12:33,チョコレート,菓子,120
2415,1027,2026-05-26,12:35,おにぎり,食事,150
2415,1027,2026-05-26,12:35,お茶,飲料,130
2416,1064,2026-05-26,12:37,お茶,飲料,130
2416,1064,2026-05-26,12:37,弁当,食事,500
2417,1033,2026-05-26,12:40,カップ麺,食事,220
2418,1007,2026-05-26,12:44,ジュース,飲料,140
2418,1007,2026-05-26,12:44,弁当,食事,500
2419,1021,2026-05-26,12:44,弁当,食事,500
2420,1197,2026-05-26,12:46,お茶,飲料,130
2420,1197,2026-05-26,12:46,コーヒー,飲料,160
2420,1197,2026-05-26,12:46,チョコレート,菓子,120
2420,1197,2026-05-26,12:46,弁当,食事,500
2421,1060,2026-05-26,12:51,おにぎり,食事,150
2422,1043,2026-05-26,12:52,おにぎり,食事,150
2422,1043,2026-05-26,12:52,お茶,飲料,130
2423,1014,2026-05-26,12:58,お茶,飲料,130
2423,1014,2026-05-26,12:58,弁当,食事,500
2424,1042,2026-05-26,12:58,お茶,飲料,130
2424,1042,2026-05-26,12:58,弁当,食事,500
2425,1070,2026-05-26,12:58,お茶,飲料,130
2425,1070,2026-05-26,12:58,弁当,食事,500
2426,1038,2026-05-26,13:05,おにぎり,食事,150
2426,1038,2026-05-26,13:05,お茶,飲料,130
2427,1065,2026-05-26,13:05,お茶,飲料,130
2427,1065,2026-05-26,13:05,弁当,食事,500
2428,1066,2026-05-26,13:06,お茶,飲料,130
2428,1066,2026-05-26,13:06,弁当,食事,500
2429,1040,2026-05-26,13:07,お茶,飲料,130
2429,1040,2026-05-26,13:07,カップ麺,食事,220
2430,1026,2026-05-26,13:11,おにぎり,食事,150
2430,1026,2026-05-26,13:11,お茶,飲料,130
2431,1011,2026-05-26,13:19,おにぎり,食事,150
2431,1011,2026-05-26,13:19,お茶,飲料,130
2432,1188,2026-05-26,13:20,おにぎり,食事,150
2432,1188,2026-05-26,13:20,お茶,飲料,130
2432,1188,2026-05-26,13:20,カップ麺,食事,220
2432,1188,2026-05-26,13:20,ガム,菓子,110
2432,1188,2026-05-26,13:20,クッキー,菓子,180
2432,1188,2026-05-26,13:20,ノート,文具,200
2432,1188,2026-05-26,13:20,弁当,食事,500
2433,1034,2026-05-26,13:28,お茶,飲料,130
2433,1034,2026-05-26,13:28,弁当,食事,500
2434,1009,2026-05-26,13:42,お茶,飲料,130
2434,1009,2026-05-26,13:42,弁当,食事,500
2435,1022,2026-05-26,13:50,おにぎり,食事,150
2435,1022,2026-05-26,13:50,お茶,飲料,130
2436,1055,2026-05-26,13:56,おにぎり,食事,150
2436,1055,2026-05-26,13:56,お茶,飲料,130
2436,1055,2026-05-26,13:56,パン,食事,180
2437,1079,2026-05-26,14:19,ガム,菓子,110
2437,1079,2026-05-26,14:19,クッキー,菓子,180
2437,1079,2026-05-26,14:19,コーヒー,飲料,160
2437,1079,2026-05-26,14:19,パン,食事,180
2438,1095,2026-05-26,14:22,クッキー,菓子,180
2438,1095,2026-05-26,14:22,コーヒー,飲料,160
2439,1123,2026-05-26,14:22,クッキー,菓子,180
2439,1123,2026-05-26,14:22,コーヒー,飲料,160
2440,1120,2026-05-26,14:36,クッキー,菓子,180
2440,1120,2026-05-26,14:36,コーヒー,飲料,160
2441,1082,2026-05-26,14:39,コーヒー,飲料,160
2442,1121,2026-05-26,14:41,クッキー,菓子,180
2442,1121,2026-05-26,14:41,コーヒー,飲料,160
2443,1087,2026-05-26,14:55,クッキー,菓子,180
2443,1087,2026-05-26,14:55,コーヒー,飲料,160
2444,1124,2026-05-26,14:57,クッキー,菓子,180
2444,1124,2026-05-26,14:57,コーヒー,飲料,160
2445,1125,2026-05-26,15:06,クッキー,菓子,180
2445,1125,2026-05-26,15:06,コーヒー,飲料,160
2446,1086,2026-05-26,15:20,クッキー,菓子,180
2446,1086,2026-05-26,15:20,コーヒー,飲料,160
2447,1089,2026-05-26,15:37,クッキー,菓子,180
2447,1089,2026-05-26,15:37,コーヒー,飲料,160
2448,1093,2026-05-26,15:43,クッキー,菓子,180
2448,1093,2026-05-26,15:43,コーヒー,飲料,160
2449,1071,2026-05-26,15:44,コーヒー,飲料,160
2450,1122,2026-05-26,15:46,コーヒー,飲料,160
2451,1085,2026-05-26,15:54,クッキー,菓子,180
2451,1085,2026-05-26,15:54,コーヒー,飲料,160
2452,1099,2026-05-26,16:01,ジュース,飲料,140
2453,1098,2026-05-26,16:12,クッキー,菓子,180
2453,1098,2026-05-26,16:12,コーヒー,飲料,160
2454,1090,2026-05-26,16:13,クッキー,菓子,180
2454,1090,2026-05-26,16:13,コーヒー,飲料,160
2455,1118,2026-05-26,16:14,ジュース,飲料,140
2455,1118,2026-05-26,16:14,チョコレート,菓子,120
2456,1108,2026-05-26,16:27,お茶,飲料,130
2457,1072,2026-05-26,16:31,お茶,飲料,130
2457,1072,2026-05-26,16:31,ガム,菓子,110
2458,1074,2026-05-26,16:38,ガム,菓子,110
2458,1074,2026-05-26,16:38,コーヒー,飲料,160
2459,1105,2026-05-26,16:43,クッキー,菓子,180
2459,1105,2026-05-26,16:43,コーヒー,飲料,160
2459,1105,2026-05-26,16:43,パン,食事,180
2460,1080,2026-05-26,16:49,ガム,菓子,110
2460,1080,2026-05-26,16:49,コーヒー,飲料,160
2461,1091,2026-05-26,16:56,コーヒー,飲料,160
2462,1116,2026-05-26,16:56,クッキー,菓子,180
2462,1116,2026-05-26,16:56,コーヒー,飲料,160
2463,1097,2026-05-26,16:57,ジュース,飲料,140
2464,1102,2026-05-26,17:01,コーヒー,飲料,160
2464,1102,2026-05-26,17:01,チョコレート,菓子,120
2465,1081,2026-05-26,17:02,クッキー,菓子,180
2465,1081,2026-05-26,17:02,コーヒー,飲料,160
2466,1111,2026-05-26,17:04,ガム,菓子,110
2466,1111,2026-05-26,17:04,クッキー,菓子,180
2466,1111,2026-05-26,17:04,コーヒー,飲料,160
2467,1075,2026-05-26,17:08,クッキー,菓子,180
2467,1075,2026-05-26,17:08,コーヒー,飲料,160
2468,1112,2026-05-26,17:10,コーヒー,飲料,160
2469,1103,2026-05-26,17:14,ガム,菓子,110
2469,1103,2026-05-26,17:14,クッキー,菓子,180
2469,1103,2026-05-26,17:14,コーヒー,飲料,160
2470,1107,2026-05-26,17:15,ガム,菓子,110
2470,1107,2026-05-26,17:15,クッキー,菓子,180
2470,1107,2026-05-26,17:15,コーヒー,飲料,160
2471,1101,2026-05-26,17:17,お茶,飲料,130
2471,1101,2026-05-26,17:17,チョコレート,菓子,120
2472,1077,2026-05-26,17:23,クッキー,菓子,180
2472,1077,2026-05-26,17:23,コーヒー,飲料,160
2473,1073,2026-05-26,17:24,コーヒー,飲料,160
2473,1073,2026-05-26,17:24,パン,食事,180
2474,1119,2026-05-26,17:28,コーヒー,飲料,160
2475,1083,2026-05-26,17:31,コーヒー,飲料,160
2476,1094,2026-05-26,17:31,お茶,飲料,130
2477,1106,2026-05-26,17:53,コーヒー,飲料,160
2477,1106,2026-05-26,17:53,チョコレート,菓子,120
2478,1193,2026-05-26,17:53,おにぎり,食事,150
2478,1193,2026-05-26,17:53,お茶,飲料,130
2478,1193,2026-05-26,17:53,カップ麺,食事,220
2478,1193,2026-05-26,17:53,コーヒー,飲料,160
2478,1193,2026-05-26,17:53,サンドイッチ,食事,320
2478,1193,2026-05-26,17:53,ジュース,飲料,140
2478,1193,2026-05-26,17:53,チョコレート,菓子,120
2478,1193,2026-05-26,17:53,パン,食事,180
2479,1185,2026-05-26,17:56,カップ麺,食事,220
2479,1185,2026-05-26,17:56,ガム,菓子,110
2479,1185,2026-05-26,17:56,クッキー,菓子,180
2479,1185,2026-05-26,17:56,チョコレート,菓子,120
2479,1185,2026-05-26,17:56,パン,食事,180
2479,1185,2026-05-26,17:56,消しゴム,文具,100
2480,1104,2026-05-26,17:59,クッキー,菓子,180
2480,1104,2026-05-26,17:59,コーヒー,飲料,160
2481,1020,2026-05-27,11:02,おにぎり,食事,150
2482,1039,2026-05-27,11:04,おにぎり,食事,150
2482,1039,2026-05-27,11:04,お茶,飲料,130
2482,1039,2026-05-27,11:04,パン,食事,180
2483,1018,2026-05-27,11:07,おにぎり,食事,150
2483,1018,2026-05-27,11:07,お茶,飲料,130
2484,1066,2026-05-27,11:10,おにぎり,食事,150
2484,1066,2026-05-27,11:10,お茶,飲料,130
2485,1046,2026-05-27,11:13,おにぎり,食事,150
2485,1046,2026-05-27,11:13,お茶,飲料,130
2486,1007,2026-05-27,11:15,おにぎり,食事,150
2486,1007,2026-05-27,11:15,チョコレート,菓子,120
2487,1034,2026-05-27,11:30,お茶,飲料,130
2487,1034,2026-05-27,11:30,弁当,食事,500
2488,1048,2026-05-27,11:34,お茶,飲料,130
2488,1048,2026-05-27,11:34,弁当,食事,500
2489,1057,2026-05-27,11:36,おにぎり,食事,150
2489,1057,2026-05-27,11:36,ジュース,飲料,140
2490,1003,2026-05-27,11:38,お茶,飲料,130
2490,1003,2026-05-27,11:38,カップ麺,食事,220
2491,1056,2026-05-27,11:38,おにぎり,食事,150
2491,1056,2026-05-27,11:38,お茶,飲料,130
2491,1056,2026-05-27,11:38,チョコレート,菓子,120
2492,1059,2026-05-27,11:47,お茶,飲料,130
2492,1059,2026-05-27,11:47,カップ麺,食事,220
2493,1027,2026-05-27,11:50,お茶,飲料,130
2493,1027,2026-05-27,11:50,弁当,食事,500
2494,1054,2026-05-27,12:13,お茶,飲料,130
2494,1054,2026-05-27,12:13,弁当,食事,500
2495,1196,2026-05-27,12:17,お茶,飲料,130
2495,1196,2026-05-27,12:17,クッキー,菓子,180
2495,1196,2026-05-27,12:17,コーヒー,飲料,160
2495,1196,2026-05-27,12:17,弁当,食事,500
2496,1069,2026-05-27,12:28,お茶,飲料,130
2496,1069,2026-05-27,12:28,弁当,食事,500
2497,1013,2026-05-27,12:36,弁当,食事,500
2498,1026,2026-05-27,12:37,お茶,飲料,130
2498,1026,2026-05-27,12:37,弁当,食事,500
2499,1035,2026-05-27,12:44,お茶,飲料,130
2499,1035,2026-05-27,12:44,カップ麺,食事,220
2500,1036,2026-05-27,12:46,お茶,飲料,130
2500,1036,2026-05-27,12:46,弁当,食事,500
2501,1042,2026-05-27,12:53,お茶,飲料,130
2501,1042,2026-05-27,12:53,弁当,食事,500
2502,1050,2026-05-27,13:11,弁当,食事,500
2503,1061,2026-05-27,13:13,おにぎり,食事,150
2504,1024,2026-05-27,13:21,ジュース,飲料,140
2504,1024,2026-05-27,13:21,チョコレート,菓子,120
2504,1024,2026-05-27,13:21,弁当,食事,500
2505,1023,2026-05-27,13:23,弁当,食事,500
2506,1004,2026-05-27,13:27,弁当,食事,500
2507,1158,2026-05-27,13:37,ボールペン,文具,120
2507,1158,2026-05-27,13:37,ルーズリーフ,文具,350
2508,1008,2026-05-27,13:39,おにぎり,食事,150
2508,1008,2026-05-27,13:39,お茶,飲料,130
2509,1064,2026-05-27,13:40,お茶,飲料,130
2509,1064,2026-05-27,13:40,弁当,食事,500
2510,1198,2026-05-27,13:51,おにぎり,食事,150
2510,1198,2026-05-27,13:51,お茶,飲料,130
2510,1198,2026-05-27,13:51,ノート,文具,200
2510,1198,2026-05-27,13:51,ルーズリーフ,文具,350
2511,1060,2026-05-27,13:56,お茶,飲料,130
2511,1060,2026-05-27,13:56,弁当,食事,500
2512,1108,2026-05-27,14:02,クッキー,菓子,180
2512,1108,2026-05-27,14:02,コーヒー,飲料,160
2513,1102,2026-05-27,14:28,ガム,菓子,110
2513,1102,2026-05-27,14:28,クッキー,菓子,180
2513,1102,2026-05-27,14:28,コーヒー,飲料,160
2514,1146,2026-05-27,14:36,お茶,飲料,130
2514,1146,2026-05-27,14:36,ノート,文具,200
2514,1146,2026-05-27,14:36,ルーズリーフ,文具,350
2514,1146,2026-05-27,14:36,消しゴム,文具,100
2515,1120,2026-05-27,14:44,ジュース,飲料,140
2516,1125,2026-05-27,14:52,ジュース,飲料,140
2517,1087,2026-05-27,14:56,クッキー,菓子,180
2517,1087,2026-05-27,14:56,コーヒー,飲料,160
2517,1087,2026-05-27,14:56,パン,食事,180
2518,1119,2026-05-27,14:58,お茶,飲料,130
2518,1119,2026-05-27,14:58,チョコレート,菓子,120
2519,1104,2026-05-27,15:04,コーヒー,飲料,160
2519,1104,2026-05-27,15:04,チョコレート,菓子,120
2520,1086,2026-05-27,15:07,ガム,菓子,110
2520,1086,2026-05-27,15:07,コーヒー,飲料,160
2521,1091,2026-05-27,15:08,クッキー,菓子,180
2521,1091,2026-05-27,15:08,コーヒー,飲料,160
2521,1091,2026-05-27,15:08,パン,食事,180
2522,1147,2026-05-27,15:13,ノート,文具,200
2523,1081,2026-05-27,15:14,ガム,菓子,110
2523,1081,2026-05-27,15:14,クッキー,菓子,180
2523,1081,2026-05-27,15:14,コーヒー,飲料,160
2524,1078,2026-05-27,15:17,コーヒー,飲料,160
2524,1078,2026-05-27,15:17,チョコレート,菓子,120
2525,1077,2026-05-27,15:32,クッキー,菓子,180
2525,1077,2026-05-27,15:32,コーヒー,飲料,160
2526,1084,2026-05-27,15:33,クッキー,菓子,180
2526,1084,2026-05-27,15:33,コーヒー,飲料,160
2527,1114,2026-05-27,15:33,コーヒー,飲料,160
2528,1115,2026-05-27,15:51,クッキー,菓子,180
2528,1115,2026-05-27,15:51,コーヒー,飲料,160
2529,1117,2026-05-27,15:51,クッキー,菓子,180
2529,1117,2026-05-27,15:51,コーヒー,飲料,160
2530,1113,2026-05-27,16:01,ガム,菓子,110
2530,1113,2026-05-27,16:01,クッキー,菓子,180
2530,1113,2026-05-27,16:01,コーヒー,飲料,160
2531,1090,2026-05-27,16:05,クッキー,菓子,180
2531,1090,2026-05-27,16:05,コーヒー,飲料,160
2532,1100,2026-05-27,16:10,ガム,菓子,110
2532,1100,2026-05-27,16:10,コーヒー,飲料,160
2533,1083,2026-05-27,16:23,コーヒー,飲料,160
2533,1083,2026-05-27,16:23,チョコレート,菓子,120
2534,1074,2026-05-27,16:25,クッキー,菓子,180
2534,1074,2026-05-27,16:25,コーヒー,飲料,160
2535,1106,2026-05-27,16:25,クッキー,菓子,180
2535,1106,2026-05-27,16:25,コーヒー,飲料,160
2536,1092,2026-05-27,16:29,クッキー,菓子,180
2536,1092,2026-05-27,16:29,コーヒー,飲料,160
2537,1089,2026-05-27,16:31,コーヒー,飲料,160
2537,1089,2026-05-27,16:31,チョコレート,菓子,120
2538,1101,2026-05-27,16:31,クッキー,菓子,180
2538,1101,2026-05-27,16:31,コーヒー,飲料,160
2539,1111,2026-05-27,16:34,クッキー,菓子,180
2539,1111,2026-05-27,16:34,コーヒー,飲料,160
2540,1088,2026-05-27,16:40,ガム,菓子,110
2540,1088,2026-05-27,16:40,コーヒー,飲料,160
2541,1103,2026-05-27,16:51,ジュース,飲料,140
2541,1103,2026-05-27,16:51,チョコレート,菓子,120
2542,1076,2026-05-27,16:52,コーヒー,飲料,160
2543,1073,2026-05-27,16:55,ガム,菓子,110
2543,1073,2026-05-27,16:55,クッキー,菓子,180
2543,1073,2026-05-27,16:55,コーヒー,飲料,160
2544,1124,2026-05-27,16:56,ジュース,飲料,140
2545,1122,2026-05-27,17:07,クッキー,菓子,180
2545,1122,2026-05-27,17:07,コーヒー,飲料,160
2546,1098,2026-05-27,17:08,クッキー,菓子,180
2546,1098,2026-05-27,17:08,コーヒー,飲料,160
2547,1123,2026-05-27,17:08,クッキー,菓子,180
2547,1123,2026-05-27,17:08,コーヒー,飲料,160
2548,1110,2026-05-27,17:10,コーヒー,飲料,160
2549,1107,2026-05-27,17:12,ジュース,飲料,140
2550,1105,2026-05-27,17:15,コーヒー,飲料,160
2551,1118,2026-05-27,17:20,コーヒー,飲料,160
2552,1079,2026-05-27,17:23,コーヒー,飲料,160
2553,1095,2026-05-27,17:40,ガム,菓子,110
2553,1095,2026-05-27,17:40,コーヒー,飲料,160
2553,1095,2026-05-27,17:40,チョコレート,菓子,120
2554,1075,2026-05-27,17:47,コーヒー,飲料,160
2555,1112,2026-05-27,17:47,クッキー,菓子,180
2555,1112,2026-05-27,17:47,コーヒー,飲料,160
2556,1093,2026-05-27,17:55,コーヒー,飲料,160
2556,1093,2026-05-27,17:55,チョコレート,菓子,120
2557,1133,2026-05-28,09:56,お茶,飲料,130
2557,1133,2026-05-28,09:56,ノート,文具,200
2557,1133,2026-05-28,09:56,ボールペン,文具,120
2557,1133,2026-05-28,09:56,消しゴム,文具,100
2558,1147,2026-05-28,10:15,ルーズリーフ,文具,350
2559,1034,2026-05-28,11:10,お茶,飲料,130
2559,1034,2026-05-28,11:10,弁当,食事,500
2560,1043,2026-05-28,11:12,おにぎり,食事,150
2560,1043,2026-05-28,11:12,お茶,飲料,130
2561,1054,2026-05-28,11:30,お茶,飲料,130
2561,1054,2026-05-28,11:30,弁当,食事,500
2562,1031,2026-05-28,11:31,おにぎり,食事,150
2563,1026,2026-05-28,11:37,カップ麺,食事,220
2564,1029,2026-05-28,11:40,お茶,飲料,130
2564,1029,2026-05-28,11:40,弁当,食事,500
2565,1017,2026-05-28,11:43,お茶,飲料,130
2565,1017,2026-05-28,11:43,弁当,食事,500
2566,1042,2026-05-28,11:48,弁当,食事,500
2567,1007,2026-05-28,11:56,お茶,飲料,130
2567,1007,2026-05-28,11:56,弁当,食事,500
2568,1011,2026-05-28,11:56,お茶,飲料,130
2568,1011,2026-05-28,11:56,弁当,食事,500
2569,1068,2026-05-28,11:56,お茶,飲料,130
2569,1068,2026-05-28,11:56,弁当,食事,500
2570,1036,2026-05-28,12:02,カップ麺,食事,220
2571,1048,2026-05-28,12:09,お茶,飲料,130
2571,1048,2026-05-28,12:09,弁当,食事,500
2572,1023,2026-05-28,12:12,お茶,飲料,130
2572,1023,2026-05-28,12:12,弁当,食事,500
2573,1035,2026-05-28,12:12,弁当,食事,500
2574,1052,2026-05-28,12:13,お茶,飲料,130
2574,1052,2026-05-28,12:13,サンドイッチ,食事,320
2575,1063,2026-05-28,12:15,お茶,飲料,130
2575,1063,2026-05-28,12:15,弁当,食事,500
2576,1005,2026-05-28,12:23,弁当,食事,500
2577,1014,2026-05-28,12:24,お茶,飲料,130
2577,1014,2026-05-28,12:24,弁当,食事,500
2578,1047,2026-05-28,12:35,お茶,飲料,130
2578,1047,2026-05-28,12:35,弁当,食事,500
2579,1025,2026-05-28,12:48,カップ麺,食事,220
2580,1062,2026-05-28,12:53,カップ麺,食事,220
2581,1030,2026-05-28,12:55,おにぎり,食事,150
2581,1030,2026-05-28,12:55,お茶,飲料,130
2582,1027,2026-05-28,13:06,お茶,飲料,130
2582,1027,2026-05-28,13:06,サンドイッチ,食事,320
2583,1039,2026-05-28,13:06,おにぎり,食事,150
2583,1039,2026-05-28,13:06,お茶,飲料,130
2584,1045,2026-05-28,13:06,おにぎり,食事,150
2585,1032,2026-05-28,13:11,おにぎり,食事,150
2585,1032,2026-05-28,13:11,お茶,飲料,130
2585,1032,2026-05-28,13:11,チョコレート,菓子,120
2585,1032,2026-05-28,13:11,パン,食事,180
2586,1010,2026-05-28,13:12,お茶,飲料,130
2586,1010,2026-05-28,13:12,カップ麺,食事,220
2587,1038,2026-05-28,13:24,お茶,飲料,130
2587,1038,2026-05-28,13:24,弁当,食事,500
2588,1018,2026-05-28,13:27,弁当,食事,500
2589,1056,2026-05-28,13:34,おにぎり,食事,150
2589,1056,2026-05-28,13:34,お茶,飲料,130
2590,1188,2026-05-28,13:34,お茶,飲料,130
2590,1188,2026-05-28,13:34,カップ麺,食事,220
2590,1188,2026-05-28,13:34,クッキー,菓子,180
2590,1188,2026-05-28,13:34,サンドイッチ,食事,320
2590,1188,2026-05-28,13:34,ジュース,飲料,140
2590,1188,2026-05-28,13:34,チョコレート,菓子,120
2590,1188,2026-05-28,13:34,パン,食事,180
2590,1188,2026-05-28,13:34,ボールペン,文具,120
2590,1188,2026-05-28,13:34,弁当,食事,500
2591,1055,2026-05-28,13:38,ジュース,飲料,140
2591,1055,2026-05-28,13:38,弁当,食事,500
2592,1065,2026-05-28,13:38,カップ麺,食事,220
2593,1006,2026-05-28,13:42,ジュース,飲料,140
2593,1006,2026-05-28,13:42,弁当,食事,500
2594,1033,2026-05-28,13:49,弁当,食事,500
2595,1004,2026-05-28,13:55,お茶,飲料,130
2595,1004,2026-05-28,13:55,カップ麺,食事,220
2596,1093,2026-05-28,14:04,クッキー,菓子,180
2596,1093,2026-05-28,14:04,コーヒー,飲料,160
2597,1095,2026-05-28,14:14,コーヒー,飲料,160
2597,1095,2026-05-28,14:14,パン,食事,180
2598,1119,2026-05-28,14:21,コーヒー,飲料,160
2599,1077,2026-05-28,14:32,クッキー,菓子,180
2599,1077,2026-05-28,14:32,コーヒー,飲料,160
2600,1085,2026-05-28,14:42,クッキー,菓子,180
2600,1085,2026-05-28,14:42,コーヒー,飲料,160
2601,1114,2026-05-28,14:52,コーヒー,飲料,160
2602,1120,2026-05-28,14:52,お茶,飲料,130
2602,1120,2026-05-28,14:52,ガム,菓子,110
2603,1098,2026-05-28,14:53,クッキー,菓子,180
2603,1098,2026-05-28,14:53,コーヒー,飲料,160
2603,1098,2026-05-28,14:53,パン,食事,180
2604,1121,2026-05-28,15:15,クッキー,菓子,180
2604,1121,2026-05-28,15:15,コーヒー,飲料,160
2605,1113,2026-05-28,15:29,お茶,飲料,130
2605,1113,2026-05-28,15:29,パン,食事,180
2606,1101,2026-05-28,15:42,コーヒー,飲料,160
2607,1078,2026-05-28,15:45,クッキー,菓子,180
2607,1078,2026-05-28,15:45,コーヒー,飲料,160
2608,1125,2026-05-28,15:46,クッキー,菓子,180
2608,1125,2026-05-28,15:46,コーヒー,飲料,160
2609,1117,2026-05-28,15:47,お茶,飲料,130
2610,1087,2026-05-28,15:50,クッキー,菓子,180
2610,1087,2026-05-28,15:50,コーヒー,飲料,160
2611,1118,2026-05-28,15:56,コーヒー,飲料,160
2612,1168,2026-05-28,16:03,おにぎり,食事,150
2612,1168,2026-05-28,16:03,お茶,飲料,130
2612,1168,2026-05-28,16:03,クッキー,菓子,180
2612,1168,2026-05-28,16:03,コーヒー,飲料,160
2612,1168,2026-05-28,16:03,サンドイッチ,食事,320
2612,1168,2026-05-28,16:03,ジュース,飲料,140
2612,1168,2026-05-28,16:03,パン,食事,180
2612,1168,2026-05-28,16:03,ルーズリーフ,文具,350
2612,1168,2026-05-28,16:03,消しゴム,文具,100
2613,1071,2026-05-28,16:09,クッキー,菓子,180
2613,1071,2026-05-28,16:09,コーヒー,飲料,160
2614,1102,2026-05-28,16:09,クッキー,菓子,180
2614,1102,2026-05-28,16:09,コーヒー,飲料,160
2614,1102,2026-05-28,16:09,パン,食事,180
2615,1173,2026-05-28,16:09,お茶,飲料,130
2615,1173,2026-05-28,16:09,カップ麺,食事,220
2615,1173,2026-05-28,16:09,クッキー,菓子,180
2615,1173,2026-05-28,16:09,コーヒー,飲料,160
2615,1173,2026-05-28,16:09,ジュース,飲料,140
2615,1173,2026-05-28,16:09,パン,食事,180
2615,1173,2026-05-28,16:09,ボールペン,文具,120
2615,1173,2026-05-28,16:09,弁当,食事,500
2615,1173,2026-05-28,16:09,消しゴム,文具,100
2616,1092,2026-05-28,16:13,クッキー,菓子,180
2616,1092,2026-05-28,16:13,コーヒー,飲料,160
2617,1108,2026-05-28,16:22,ガム,菓子,110
2617,1108,2026-05-28,16:22,コーヒー,飲料,160
2617,1108,2026-05-28,16:22,チョコレート,菓子,120
2618,1123,2026-05-28,16:34,ガム,菓子,110
2618,1123,2026-05-28,16:34,コーヒー,飲料,160
2619,1083,2026-05-28,16:35,ジュース,飲料,140
2620,1109,2026-05-28,16:36,コーヒー,飲料,160
2621,1094,2026-05-28,16:37,クッキー,菓子,180
2621,1094,2026-05-28,16:37,コーヒー,飲料,160
2621,1094,2026-05-28,16:37,パン,食事,180
2622,1124,2026-05-28,16:41,クッキー,菓子,180
2622,1124,2026-05-28,16:41,コーヒー,飲料,160
2623,1112,2026-05-28,16:49,コーヒー,飲料,160
2624,1106,2026-05-28,16:51,クッキー,菓子,180
2624,1106,2026-05-28,16:51,コーヒー,飲料,160
2625,1089,2026-05-28,16:53,クッキー,菓子,180
2625,1089,2026-05-28,16:53,コーヒー,飲料,160
2626,1073,2026-05-28,16:55,ガム,菓子,110
2626,1073,2026-05-28,16:55,クッキー,菓子,180
2626,1073,2026-05-28,16:55,コーヒー,飲料,160
2627,1081,2026-05-28,17:02,お茶,飲料,130
2627,1081,2026-05-28,17:02,パン,食事,180
2628,1116,2026-05-28,17:02,お茶,飲料,130
2628,1116,2026-05-28,17:02,パン,食事,180
2629,1104,2026-05-28,17:12,お茶,飲料,130
2629,1104,2026-05-28,17:12,チョコレート,菓子,120
2630,1072,2026-05-28,17:13,クッキー,菓子,180
2630,1072,2026-05-28,17:13,コーヒー,飲料,160
2631,1096,2026-05-28,17:21,クッキー,菓子,180
2631,1096,2026-05-28,17:21,コーヒー,飲料,160
2631,1096,2026-05-28,17:21,パン,食事,180
2632,1115,2026-05-28,17:24,お茶,飲料,130
2633,1110,2026-05-28,17:26,コーヒー,飲料,160
2633,1110,2026-05-28,17:26,チョコレート,菓子,120
2634,1080,2026-05-28,17:27,クッキー,菓子,180
2634,1080,2026-05-28,17:27,コーヒー,飲料,160
2635,1107,2026-05-28,17:36,ガム,菓子,110
2635,1107,2026-05-28,17:36,クッキー,菓子,180
2635,1107,2026-05-28,17:36,コーヒー,飲料,160
2636,1086,2026-05-28,17:48,クッキー,菓子,180
2636,1086,2026-05-28,17:48,コーヒー,飲料,160
2637,1074,2026-05-28,17:51,コーヒー,飲料,160
2637,1074,2026-05-28,17:51,チョコレート,菓子,120
2638,1100,2026-05-28,17:54,コーヒー,飲料,160
2639,1111,2026-05-28,17:54,クッキー,菓子,180
2639,1111,2026-05-28,17:54,コーヒー,飲料,160
2640,1099,2026-05-28,17:57,クッキー,菓子,180
2640,1099,2026-05-28,17:57,コーヒー,飲料,160
2641,1200,2026-05-29,10:26,おにぎり,食事,150
2641,1200,2026-05-29,10:26,カップ麺,食事,220
2641,1200,2026-05-29,10:26,クッキー,菓子,180
2641,1200,2026-05-29,10:26,コーヒー,飲料,160
2641,1200,2026-05-29,10:26,ジュース,飲料,140
2641,1200,2026-05-29,10:26,チョコレート,菓子,120
2641,1200,2026-05-29,10:26,パン,食事,180
2641,1200,2026-05-29,10:26,ルーズリーフ,文具,350
2641,1200,2026-05-29,10:26,弁当,食事,500
2642,1002,2026-05-29,11:00,カップ麺,食事,220
2643,1057,2026-05-29,11:02,弁当,食事,500
2644,1174,2026-05-29,11:09,おにぎり,食事,150
2644,1174,2026-05-29,11:09,お茶,飲料,130
2644,1174,2026-05-29,11:09,カップ麺,食事,220
2644,1174,2026-05-29,11:09,ガム,菓子,110
2644,1174,2026-05-29,11:09,コーヒー,飲料,160
2644,1174,2026-05-29,11:09,サンドイッチ,食事,320
2644,1174,2026-05-29,11:09,ジュース,飲料,140
2644,1174,2026-05-29,11:09,パン,食事,180
2644,1174,2026-05-29,11:09,弁当,食事,500
2645,1025,2026-05-29,11:11,お茶,飲料,130
2645,1025,2026-05-29,11:11,弁当,食事,500
2646,1042,2026-05-29,11:13,お茶,飲料,130
2646,1042,2026-05-29,11:13,弁当,食事,500
2647,1018,2026-05-29,11:15,おにぎり,食事,150
2648,1014,2026-05-29,11:26,お茶,飲料,130
2648,1014,2026-05-29,11:26,サンドイッチ,食事,320
2649,1053,2026-05-29,11:27,ジュース,飲料,140
2649,1053,2026-05-29,11:27,弁当,食事,500
2650,1044,2026-05-29,11:28,おにぎり,食事,150
2650,1044,2026-05-29,11:28,お茶,飲料,130
2651,1066,2026-05-29,11:31,弁当,食事,500
2652,1017,2026-05-29,11:33,弁当,食事,500
2653,1032,2026-05-29,11:43,お茶,飲料,130
2653,1032,2026-05-29,11:43,サンドイッチ,食事,320
2654,1046,2026-05-29,11:47,お茶,飲料,130
2654,1046,2026-05-29,11:47,弁当,食事,500
2655,1009,2026-05-29,11:59,おにぎり,食事,150
2655,1009,2026-05-29,11:59,お茶,飲料,130
2655,1009,2026-05-29,11:59,パン,食事,180
2656,1019,2026-05-29,12:05,おにぎり,食事,150
2656,1019,2026-05-29,12:05,お茶,飲料,130
2656,1019,2026-05-29,12:05,パン,食事,180
2657,1060,2026-05-29,12:06,おにぎり,食事,150
2657,1060,2026-05-29,12:06,お茶,飲料,130
2657,1060,2026-05-29,12:06,チョコレート,菓子,120
2658,1034,2026-05-29,12:09,おにぎり,食事,150
2658,1034,2026-05-29,12:09,お茶,飲料,130
2659,1038,2026-05-29,12:10,おにぎり,食事,150
2659,1038,2026-05-29,12:10,お茶,飲料,130
2660,1001,2026-05-29,12:15,チョコレート,菓子,120
2660,1001,2026-05-29,12:15,弁当,食事,500
2661,1059,2026-05-29,12:15,おにぎり,食事,150
2661,1059,2026-05-29,12:15,お茶,飲料,130
2662,1068,2026-05-29,12:20,お茶,飲料,130
2662,1068,2026-05-29,12:20,弁当,食事,500
2663,1149,2026-05-29,12:32,ノート,文具,200
2663,1149,2026-05-29,12:32,ルーズリーフ,文具,350
2664,1040,2026-05-29,12:42,お茶,飲料,130
2664,1040,2026-05-29,12:42,弁当,食事,500
2665,1047,2026-05-29,12:46,お茶,飲料,130
2665,1047,2026-05-29,12:46,カップ麺,食事,220
2666,1029,2026-05-29,12:48,おにぎり,食事,150
2667,1026,2026-05-29,12:59,おにぎり,食事,150
2667,1026,2026-05-29,12:59,お茶,飲料,130
2668,1035,2026-05-29,13:04,弁当,食事,500
2669,1197,2026-05-29,13:12,お茶,飲料,130
2669,1197,2026-05-29,13:12,カップ麺,食事,220
2669,1197,2026-05-29,13:12,クッキー,菓子,180
2669,1197,2026-05-29,13:12,コーヒー,飲料,160
2670,1027,2026-05-29,13:23,おにぎり,食事,150
2670,1027,2026-05-29,13:23,ジュース,飲料,140
2671,1056,2026-05-29,13:33,弁当,食事,500
2672,1013,2026-05-29,13:34,おにぎり,食事,150
2672,1013,2026-05-29,13:34,お茶,飲料,130
2672,1013,2026-05-29,13:34,パン,食事,180
2673,1012,2026-05-29,13:36,お茶,飲料,130
2673,1012,2026-05-29,13:36,弁当,食事,500
2674,1008,2026-05-29,13:42,お茶,飲料,130
2674,1008,2026-05-29,13:42,弁当,食事,500
2675,1048,2026-05-29,13:44,お茶,飲料,130
2675,1048,2026-05-29,13:44,弁当,食事,500
2676,1024,2026-05-29,13:49,お茶,飲料,130
2676,1024,2026-05-29,13:49,弁当,食事,500
2677,1006,2026-05-29,13:50,ジュース,飲料,140
2677,1006,2026-05-29,13:50,弁当,食事,500
2678,1052,2026-05-29,13:55,カップ麺,食事,220
2679,1065,2026-05-29,13:56,カップ麺,食事,220
2679,1065,2026-05-29,13:56,ジュース,飲料,140
2679,1065,2026-05-29,13:56,チョコレート,菓子,120
2680,1133,2026-05-29,14:03,お茶,飲料,130
2680,1133,2026-05-29,14:03,ノート,文具,200
2680,1133,2026-05-29,14:03,ボールペン,文具,120
2681,1101,2026-05-29,14:20,クッキー,菓子,180
2681,1101,2026-05-29,14:20,コーヒー,飲料,160
2682,1091,2026-05-29,14:21,クッキー,菓子,180
2682,1091,2026-05-29,14:21,コーヒー,飲料,160
2683,1110,2026-05-29,14:27,クッキー,菓子,180
2683,1110,2026-05-29,14:27,コーヒー,飲料,160
2684,1079,2026-05-29,14:29,クッキー,菓子,180
2684,1079,2026-05-29,14:29,コーヒー,飲料,160
2685,1076,2026-05-29,14:31,クッキー,菓子,180
2685,1076,2026-05-29,14:31,コーヒー,飲料,160
2686,1112,2026-05-29,14:33,コーヒー,飲料,160
2687,1083,2026-05-29,14:39,クッキー,菓子,180
2687,1083,2026-05-29,14:39,コーヒー,飲料,160
2688,1114,2026-05-29,14:39,コーヒー,飲料,160
2688,1114,2026-05-29,14:39,チョコレート,菓子,120
2689,1120,2026-05-29,14:49,ガム,菓子,110
2689,1120,2026-05-29,14:49,クッキー,菓子,180
2689,1120,2026-05-29,14:49,コーヒー,飲料,160
2690,1104,2026-05-29,14:50,クッキー,菓子,180
2690,1104,2026-05-29,14:50,コーヒー,飲料,160
2691,1086,2026-05-29,14:53,コーヒー,飲料,160
2692,1116,2026-05-29,14:54,クッキー,菓子,180
2692,1116,2026-05-29,14:54,コーヒー,飲料,160
2692,1116,2026-05-29,14:54,パン,食事,180
2693,1090,2026-05-29,14:57,お茶,飲料,130
2693,1090,2026-05-29,14:57,チョコレート,菓子,120
2694,1123,2026-05-29,15:19,ガム,菓子,110
2694,1123,2026-05-29,15:19,コーヒー,飲料,160
2695,1075,2026-05-29,15:22,ガム,菓子,110
2695,1075,2026-05-29,15:22,コーヒー,飲料,160
2696,1109,2026-05-29,15:23,コーヒー,飲料,160
2697,1096,2026-05-29,15:25,クッキー,菓子,180
2697,1096,2026-05-29,15:25,コーヒー,飲料,160
2698,1097,2026-05-29,15:26,ガム,菓子,110
2698,1097,2026-05-29,15:26,コーヒー,飲料,160
2698,1097,2026-05-29,15:26,チョコレート,菓子,120
2699,1093,2026-05-29,15:44,ガム,菓子,110
2699,1093,2026-05-29,15:44,コーヒー,飲料,160
2700,1094,2026-05-29,16:03,クッキー,菓子,180
2700,1094,2026-05-29,16:03,コーヒー,飲料,160
2701,1081,2026-05-29,16:05,コーヒー,飲料,160
2702,1087,2026-05-29,16:08,クッキー,菓子,180
2702,1087,2026-05-29,16:08,コーヒー,飲料,160
2703,1108,2026-05-29,16:08,コーヒー,飲料,160
2704,1071,2026-05-29,16:10,コーヒー,飲料,160
2705,1102,2026-05-29,16:12,クッキー,菓子,180
2705,1102,2026-05-29,16:12,コーヒー,飲料,160
2706,1113,2026-05-29,16:17,ジュース,飲料,140
2707,1105,2026-05-29,16:23,お茶,飲料,130
2707,1105,2026-05-29,16:23,チョコレート,菓子,120
2708,1082,2026-05-29,16:27,コーヒー,飲料,160
2708,1082,2026-05-29,16:27,チョコレート,菓子,120
2709,1106,2026-05-29,16:31,コーヒー,飲料,160
2710,1161,2026-05-29,16:38,お茶,飲料,130
2710,1161,2026-05-29,16:38,消しゴム,文具,100
2711,1111,2026-05-29,16:43,コーヒー,飲料,160
2711,1111,2026-05-29,16:43,チョコレート,菓子,120
2712,1121,2026-05-29,16:48,コーヒー,飲料,160
2713,1125,2026-05-29,16:49,コーヒー,飲料,160
2714,1107,2026-05-29,16:53,クッキー,菓子,180
2714,1107,2026-05-29,16:53,コーヒー,飲料,160
2715,1080,2026-05-29,17:08,コーヒー,飲料,160
2715,1080,2026-05-29,17:08,チョコレート,菓子,120
2716,1088,2026-05-29,17:08,クッキー,菓子,180
2716,1088,2026-05-29,17:08,コーヒー,飲料,160
2717,1078,2026-05-29,17:19,コーヒー,飲料,160
2718,1198,2026-05-29,17:27,お茶,飲料,130
2718,1198,2026-05-29,17:27,ノート,文具,200
2718,1198,2026-05-29,17:27,弁当,食事,500
2719,1072,2026-05-29,17:51,クッキー,菓子,180
2719,1072,2026-05-29,17:51,コーヒー,飲料,160
2720,1118,2026-05-29,17:58,お茶,飲料,130
2720,1118,2026-05-29,17:58,パン,食事,180
2721,1194,2026-05-29,18:32,おにぎり,食事,150
2721,1194,2026-05-29,18:32,お茶,飲料,130
2721,1194,2026-05-29,18:32,カップ麺,食事,220
2721,1194,2026-05-29,18:32,サンドイッチ,食事,320
2721,1194,2026-05-29,18:32,ジュース,飲料,140
2721,1194,2026-05-29,18:32,パン,食事,180
2721,1194,2026-05-29,18:32,ルーズリーフ,文具,350
2722,1157,2026-06-01,10:07,ノート,文具,200
2723,1147,2026-06-01,10:16,お茶,飲料,130
2723,1147,2026-06-01,10:16,ノート,文具,200
2723,1147,2026-06-01,10:16,ボールペン,文具,120
2723,1147,2026-06-01,10:16,ルーズリーフ,文具,350
2724,1052,2026-06-01,11:06,お茶,飲料,130
2724,1052,2026-06-01,11:06,サンドイッチ,食事,320
2725,1021,2026-06-01,11:18,お茶,飲料,130
2725,1021,2026-06-01,11:18,サンドイッチ,食事,320
2726,1030,2026-06-01,11:20,おにぎり,食事,150
2726,1030,2026-06-01,11:20,お茶,飲料,130
2726,1030,2026-06-01,11:20,パン,食事,180
2727,1069,2026-06-01,11:31,お茶,飲料,130
2727,1069,2026-06-01,11:31,弁当,食事,500
2728,1041,2026-06-01,11:34,お茶,飲料,130
2728,1041,2026-06-01,11:34,弁当,食事,500
2729,1047,2026-06-01,11:35,サンドイッチ,食事,320
2730,1162,2026-06-01,11:39,お茶,飲料,130
2730,1162,2026-06-01,11:39,ノート,文具,200
2730,1162,2026-06-01,11:39,ルーズリーフ,文具,350
2731,1032,2026-06-01,11:43,サンドイッチ,食事,320
2732,1197,2026-06-01,11:45,お茶,飲料,130
2732,1197,2026-06-01,11:45,クッキー,菓子,180
2732,1197,2026-06-01,11:45,コーヒー,飲料,160
2732,1197,2026-06-01,11:45,弁当,食事,500
2733,1023,2026-06-01,11:47,おにぎり,食事,150
2733,1023,2026-06-01,11:47,お茶,飲料,130
2733,1023,2026-06-01,11:47,パン,食事,180
2734,1058,2026-06-01,11:52,弁当,食事,500
2735,1060,2026-06-01,12:00,おにぎり,食事,150
2736,1031,2026-06-01,12:06,おにぎり,食事,150
2736,1031,2026-06-01,12:06,お茶,飲料,130
2736,1031,2026-06-01,12:06,パン,食事,180
2737,1011,2026-06-01,12:12,お茶,飲料,130
2737,1011,2026-06-01,12:12,弁当,食事,500
2738,1177,2026-06-01,12:17,お茶,飲料,130
2738,1177,2026-06-01,12:17,コーヒー,飲料,160
2738,1177,2026-06-01,12:17,サンドイッチ,食事,320
2738,1177,2026-06-01,12:17,ジュース,飲料,140
2738,1177,2026-06-01,12:17,パン,食事,180
2738,1177,2026-06-01,12:17,弁当,食事,500
2739,1034,2026-06-01,12:21,おにぎり,食事,150
2739,1034,2026-06-01,12:21,ジュース,飲料,140
2740,1044,2026-06-01,12:28,おにぎり,食事,150
2741,1018,2026-06-01,12:30,お茶,飲料,130
2741,1018,2026-06-01,12:30,弁当,食事,500
2742,1004,2026-06-01,12:31,カップ麺,食事,220
2743,1057,2026-06-01,12:32,おにぎり,食事,150
2743,1057,2026-06-01,12:32,お茶,飲料,130
2743,1057,2026-06-01,12:32,パン,食事,180
2744,1061,2026-06-01,12:40,弁当,食事,500
2745,1002,2026-06-01,12:45,お茶,飲料,130
2745,1002,2026-06-01,12:45,弁当,食事,500
2746,1013,2026-06-01,12:45,お茶,飲料,130
2746,1013,2026-06-01,12:45,弁当,食事,500
2747,1059,2026-06-01,12:50,おにぎり,食事,150
2748,1054,2026-06-01,12:51,弁当,食事,500
2749,1050,2026-06-01,13:11,お茶,飲料,130
2749,1050,2026-06-01,13:11,弁当,食事,500
2750,1014,2026-06-01,13:14,おにぎり,食事,150
2750,1014,2026-06-01,13:14,お茶,飲料,130
2750,1014,2026-06-01,13:14,パン,食事,180
2751,1039,2026-06-01,13:14,サンドイッチ,食事,320
2752,1022,2026-06-01,13:21,おにぎり,食事,150
2752,1022,2026-06-01,13:21,お茶,飲料,130
2753,1020,2026-06-01,13:28,お茶,飲料,130
2753,1020,2026-06-01,13:28,弁当,食事,500
2754,1008,2026-06-01,13:40,弁当,食事,500
2755,1009,2026-06-01,13:42,おにぎり,食事,150
2756,1005,2026-06-01,13:50,おにぎり,食事,150
2756,1005,2026-06-01,13:50,お茶,飲料,130
2756,1005,2026-06-01,13:50,チョコレート,菓子,120
2756,1005,2026-06-01,13:50,パン,食事,180
2757,1007,2026-06-01,13:51,お茶,飲料,130
2757,1007,2026-06-01,13:51,弁当,食事,500
2758,1019,2026-06-01,13:51,お茶,飲料,130
2758,1019,2026-06-01,13:51,弁当,食事,500
2759,1064,2026-06-01,13:52,弁当,食事,500
2760,1026,2026-06-01,13:55,ジュース,飲料,140
2760,1026,2026-06-01,13:55,弁当,食事,500
2761,1010,2026-06-01,13:58,ジュース,飲料,140
2761,1010,2026-06-01,13:58,弁当,食事,500
2762,1075,2026-06-01,14:18,ガム,菓子,110
2762,1075,2026-06-01,14:18,クッキー,菓子,180
2762,1075,2026-06-01,14:18,コーヒー,飲料,160
2763,1076,2026-06-01,14:19,クッキー,菓子,180
2763,1076,2026-06-01,14:19,コーヒー,飲料,160
2764,1106,2026-06-01,14:22,クッキー,菓子,180
2764,1106,2026-06-01,14:22,コーヒー,飲料,160
2765,1094,2026-06-01,14:29,コーヒー,飲料,160
2766,1099,2026-06-01,14:39,クッキー,菓子,180
2766,1099,2026-06-01,14:39,コーヒー,飲料,160
2767,1118,2026-06-01,14:45,クッキー,菓子,180
2767,1118,2026-06-01,14:45,コーヒー,飲料,160
2768,1108,2026-06-01,14:46,お茶,飲料,130
2769,1114,2026-06-01,15:02,クッキー,菓子,180
2769,1114,2026-06-01,15:02,コーヒー,飲料,160
2770,1093,2026-06-01,15:05,クッキー,菓子,180
2770,1093,2026-06-01,15:05,コーヒー,飲料,160
2771,1111,2026-06-01,15:26,クッキー,菓子,180
2771,1111,2026-06-01,15:26,コーヒー,飲料,160
2772,1116,2026-06-01,15:26,クッキー,菓子,180
2772,1116,2026-06-01,15:26,コーヒー,飲料,160
2773,1119,2026-06-01,15:34,コーヒー,飲料,160
2774,1100,2026-06-01,15:42,ガム,菓子,110
2774,1100,2026-06-01,15:42,クッキー,菓子,180
2774,1100,2026-06-01,15:42,コーヒー,飲料,160
2775,1125,2026-06-01,15:42,クッキー,菓子,180
2775,1125,2026-06-01,15:42,コーヒー,飲料,160
2776,1102,2026-06-01,15:47,ガム,菓子,110
2776,1102,2026-06-01,15:47,コーヒー,飲料,160
2777,1117,2026-06-01,16:03,クッキー,菓子,180
2777,1117,2026-06-01,16:03,コーヒー,飲料,160
2778,1112,2026-06-01,16:08,コーヒー,飲料,160
2778,1112,2026-06-01,16:08,チョコレート,菓子,120
2779,1089,2026-06-01,16:19,クッキー,菓子,180
2779,1089,2026-06-01,16:19,コーヒー,飲料,160
2780,1123,2026-06-01,16:25,クッキー,菓子,180
2780,1123,2026-06-01,16:25,コーヒー,飲料,160
2781,1124,2026-06-01,16:27,クッキー,菓子,180
2781,1124,2026-06-01,16:27,コーヒー,飲料,160
2782,1198,2026-06-01,16:31,おにぎり,食事,150
2782,1198,2026-06-01,16:31,お茶,飲料,130
2782,1198,2026-06-01,16:31,ノート,文具,200
2782,1198,2026-06-01,16:31,ルーズリーフ,文具,350
2782,1198,2026-06-01,16:31,消しゴム,文具,100
2783,1085,2026-06-01,16:34,コーヒー,飲料,160
2784,1080,2026-06-01,16:36,クッキー,菓子,180
2784,1080,2026-06-01,16:36,コーヒー,飲料,160
2785,1091,2026-06-01,16:36,お茶,飲料,130
2785,1091,2026-06-01,16:36,ガム,菓子,110
2786,1082,2026-06-01,16:49,コーヒー,飲料,160
2787,1101,2026-06-01,16:49,クッキー,菓子,180
2787,1101,2026-06-01,16:49,コーヒー,飲料,160
2788,1096,2026-06-01,16:58,クッキー,菓子,180
2788,1096,2026-06-01,16:58,コーヒー,飲料,160
2789,1072,2026-06-01,17:00,クッキー,菓子,180
2789,1072,2026-06-01,17:00,コーヒー,飲料,160
2790,1081,2026-06-01,17:00,ガム,菓子,110
2790,1081,2026-06-01,17:00,コーヒー,飲料,160
2790,1081,2026-06-01,17:00,パン,食事,180
2791,1090,2026-06-01,17:01,クッキー,菓子,180
2791,1090,2026-06-01,17:01,コーヒー,飲料,160
2792,1083,2026-06-01,17:06,コーヒー,飲料,160
2793,1097,2026-06-01,17:16,お茶,飲料,130
2793,1097,2026-06-01,17:16,チョコレート,菓子,120
2794,1088,2026-06-01,17:20,クッキー,菓子,180
2794,1088,2026-06-01,17:20,コーヒー,飲料,160
2795,1105,2026-06-01,17:23,コーヒー,飲料,160
2795,1105,2026-06-01,17:23,パン,食事,180
2796,1110,2026-06-01,17:26,クッキー,菓子,180
2796,1110,2026-06-01,17:26,コーヒー,飲料,160
2797,1078,2026-06-01,17:30,コーヒー,飲料,160
2798,1084,2026-06-01,17:30,コーヒー,飲料,160
2799,1104,2026-06-01,17:32,お茶,飲料,130
2800,1115,2026-06-01,17:37,コーヒー,飲料,160
2800,1115,2026-06-01,17:37,チョコレート,菓子,120
2801,1120,2026-06-01,17:42,クッキー,菓子,180
2801,1120,2026-06-01,17:42,コーヒー,飲料,160
2802,1113,2026-06-01,17:45,お茶,飲料,130
2803,1107,2026-06-01,17:48,クッキー,菓子,180
2803,1107,2026-06-01,17:48,コーヒー,飲料,160
2804,1073,2026-06-01,17:51,お茶,飲料,130
2804,1073,2026-06-01,17:51,チョコレート,菓子,120
2804,1073,2026-06-01,17:51,パン,食事,180
2805,1122,2026-06-01,17:52,クッキー,菓子,180
2805,1122,2026-06-01,17:52,コーヒー,飲料,160
2806,1109,2026-06-01,17:55,クッキー,菓子,180
2806,1109,2026-06-01,17:55,コーヒー,飲料,160
2807,1044,2026-06-02,11:00,お茶,飲料,130
2807,1044,2026-06-02,11:00,弁当,食事,500
2808,1199,2026-06-02,11:08,カップ麺,食事,220
2808,1199,2026-06-02,11:08,ノート,文具,200
2808,1199,2026-06-02,11:08,ボールペン,文具,120
2808,1199,2026-06-02,11:08,消しゴム,文具,100
2809,1164,2026-06-02,11:09,お茶,飲料,130
2809,1164,2026-06-02,11:09,ノート,文具,200
2810,1046,2026-06-02,11:10,おにぎり,食事,150
2810,1046,2026-06-02,11:10,お茶,飲料,130
2811,1042,2026-06-02,11:15,お茶,飲料,130
2811,1042,2026-06-02,11:15,弁当,食事,500
2812,1018,2026-06-02,11:18,お茶,飲料,130
2812,1018,2026-06-02,11:18,弁当,食事,500
2813,1037,2026-06-02,11:24,お茶,飲料,130
2813,1037,2026-06-02,11:24,弁当,食事,500
2814,1040,2026-06-02,11:24,お茶,飲料,130
2814,1040,2026-06-02,11:24,弁当,食事,500
2815,1016,2026-06-02,11:29,お茶,飲料,130
2815,1016,2026-06-02,11:29,カップ麺,食事,220
2816,1041,2026-06-02,11:30,お茶,飲料,130
2816,1041,2026-06-02,11:30,サンドイッチ,食事,320
2817,1005,2026-06-02,11:34,お茶,飲料,130
2817,1005,2026-06-02,11:34,サンドイッチ,食事,320
2818,1050,2026-06-02,11:39,お茶,飲料,130
2818,1050,2026-06-02,11:39,弁当,食事,500
2819,1070,2026-06-02,11:43,弁当,食事,500
2820,1064,2026-06-02,11:49,弁当,食事,500
2821,1035,2026-06-02,11:52,おにぎり,食事,150
2821,1035,2026-06-02,11:52,お茶,飲料,130
2822,1141,2026-06-02,11:56,消しゴム,文具,100
2823,1013,2026-06-02,11:58,おにぎり,食事,150
2823,1013,2026-06-02,11:58,お茶,飲料,130
2824,1034,2026-06-02,11:58,ジュース,飲料,140
2824,1034,2026-06-02,11:58,弁当,食事,500
2825,1066,2026-06-02,11:58,弁当,食事,500
2826,1067,2026-06-02,11:59,お茶,飲料,130
2826,1067,2026-06-02,11:59,弁当,食事,500
2827,1058,2026-06-02,12:07,おにぎり,食事,150
2827,1058,2026-06-02,12:07,お茶,飲料,130
2827,1058,2026-06-02,12:07,パン,食事,180
2828,1017,2026-06-02,12:09,お茶,飲料,130
2828,1017,2026-06-02,12:09,弁当,食事,500
2829,1009,2026-06-02,12:14,お茶,飲料,130
2829,1009,2026-06-02,12:14,弁当,食事,500
2830,1060,2026-06-02,12:19,おにぎり,食事,150
2830,1060,2026-06-02,12:19,ジュース,飲料,140
2831,1029,2026-06-02,12:23,カップ麺,食事,220
2831,1029,2026-06-02,12:23,ジュース,飲料,140
2832,1006,2026-06-02,12:39,お茶,飲料,130
2832,1006,2026-06-02,12:39,サンドイッチ,食事,320
2833,1033,2026-06-02,12:41,おにぎり,食事,150
2833,1033,2026-06-02,12:41,お茶,飲料,130
2833,1033,2026-06-02,12:41,パン,食事,180
2834,1047,2026-06-02,12:45,お茶,飲料,130
2834,1047,2026-06-02,12:45,弁当,食事,500
2835,1194,2026-06-02,12:51,お茶,飲料,130
2835,1194,2026-06-02,12:51,カップ麺,食事,220
2835,1194,2026-06-02,12:51,コーヒー,飲料,160
2835,1194,2026-06-02,12:51,サンドイッチ,食事,320
2835,1194,2026-06-02,12:51,ボールペン,文具,120
2836,1004,2026-06-02,12:55,ジュース,飲料,140
2836,1004,2026-06-02,12:55,弁当,食事,500
2837,1166,2026-06-02,13:08,おにぎり,食事,150
2837,1166,2026-06-02,13:08,カップ麺,食事,220
2837,1166,2026-06-02,13:08,クッキー,菓子,180
2837,1166,2026-06-02,13:08,サンドイッチ,食事,320
2837,1166,2026-06-02,13:08,ジュース,飲料,140
2837,1166,2026-06-02,13:08,チョコレート,菓子,120
2837,1166,2026-06-02,13:08,パン,食事,180
2837,1166,2026-06-02,13:08,弁当,食事,500
2838,1027,2026-06-02,13:13,おにぎり,食事,150
2838,1027,2026-06-02,13:13,お茶,飲料,130
2838,1027,2026-06-02,13:13,パン,食事,180
2839,1039,2026-06-02,13:16,お茶,飲料,130
2839,1039,2026-06-02,13:16,カップ麺,食事,220
2840,1007,2026-06-02,13:23,お茶,飲料,130
2840,1007,2026-06-02,13:23,弁当,食事,500
2841,1196,2026-06-02,13:31,お茶,飲料,130
2841,1196,2026-06-02,13:31,コーヒー,飲料,160
2841,1196,2026-06-02,13:31,弁当,食事,500
2842,1025,2026-06-02,13:32,お茶,飲料,130
2842,1025,2026-06-02,13:32,サンドイッチ,食事,320
2843,1024,2026-06-02,13:37,カップ麺,食事,220
2844,1032,2026-06-02,13:39,カップ麺,食事,220
2844,1032,2026-06-02,13:39,ジュース,飲料,140
2845,1043,2026-06-02,13:43,おにぎり,食事,150
2845,1043,2026-06-02,13:43,ジュース,飲料,140
2846,1003,2026-06-02,13:54,弁当,食事,500
2847,1147,2026-06-02,14:01,ボールペン,文具,120
2847,1147,2026-06-02,14:01,ルーズリーフ,文具,350
2847,1147,2026-06-02,14:01,消しゴム,文具,100
2848,1080,2026-06-02,14:09,ジュース,飲料,140
2849,1099,2026-06-02,14:23,お茶,飲料,130
2849,1099,2026-06-02,14:23,チョコレート,菓子,120
2850,1071,2026-06-02,14:26,コーヒー,飲料,160
2850,1071,2026-06-02,14:26,チョコレート,菓子,120
2851,1114,2026-06-02,14:28,コーヒー,飲料,160
2851,1114,2026-06-02,14:28,チョコレート,菓子,120
2852,1085,2026-06-02,14:30,ガム,菓子,110
2852,1085,2026-06-02,14:30,コーヒー,飲料,160
2853,1082,2026-06-02,14:32,ジュース,飲料,140
2854,1103,2026-06-02,14:33,コーヒー,飲料,160
2855,1104,2026-06-02,14:34,ガム,菓子,110
2855,1104,2026-06-02,14:34,クッキー,菓子,180
2855,1104,2026-06-02,14:34,コーヒー,飲料,160
2856,1109,2026-06-02,14:41,クッキー,菓子,180
2856,1109,2026-06-02,14:41,コーヒー,飲料,160
2857,1150,2026-06-02,14:42,お茶,飲料,130
2857,1150,2026-06-02,14:42,ルーズリーフ,文具,350
2857,1150,2026-06-02,14:42,消しゴム,文具,100
2858,1079,2026-06-02,14:51,コーヒー,飲料,160
2859,1122,2026-06-02,15:04,クッキー,菓子,180
2859,1122,2026-06-02,15:04,コーヒー,飲料,160
2860,1115,2026-06-02,15:10,ガム,菓子,110
2860,1115,2026-06-02,15:10,クッキー,菓子,180
2860,1115,2026-06-02,15:10,コーヒー,飲料,160
2861,1105,2026-06-02,15:20,クッキー,菓子,180
2861,1105,2026-06-02,15:20,コーヒー,飲料,160
2862,1073,2026-06-02,15:37,お茶,飲料,130
2863,1121,2026-06-02,15:37,クッキー,菓子,180
2863,1121,2026-06-02,15:37,コーヒー,飲料,160
2864,1083,2026-06-02,15:38,クッキー,菓子,180
2864,1083,2026-06-02,15:38,コーヒー,飲料,160
2865,1116,2026-06-02,15:41,クッキー,菓子,180
2865,1116,2026-06-02,15:41,コーヒー,飲料,160
2866,1120,2026-06-02,16:01,ジュース,飲料,140
2867,1090,2026-06-02,16:03,ジュース,飲料,140
2868,1094,2026-06-02,16:04,コーヒー,飲料,160
2868,1094,2026-06-02,16:04,チョコレート,菓子,120
2869,1112,2026-06-02,16:05,コーヒー,飲料,160
2870,1095,2026-06-02,16:07,クッキー,菓子,180
2870,1095,2026-06-02,16:07,コーヒー,飲料,160
2871,1075,2026-06-02,16:10,コーヒー,飲料,160
2871,1075,2026-06-02,16:10,チョコレート,菓子,120
2872,1089,2026-06-02,16:10,コーヒー,飲料,160
2873,1087,2026-06-02,16:14,コーヒー,飲料,160
2873,1087,2026-06-02,16:14,チョコレート,菓子,120
2874,1106,2026-06-02,16:14,コーヒー,飲料,160
2875,1118,2026-06-02,16:18,クッキー,菓子,180
2875,1118,2026-06-02,16:18,コーヒー,飲料,160
2876,1107,2026-06-02,16:27,クッキー,菓子,180
2876,1107,2026-06-02,16:27,コーヒー,飲料,160
2877,1081,2026-06-02,16:31,クッキー,菓子,180
2877,1081,2026-06-02,16:31,コーヒー,飲料,160
2878,1098,2026-06-02,16:46,コーヒー,飲料,160
2879,1111,2026-06-02,16:56,クッキー,菓子,180
2879,1111,2026-06-02,16:56,コーヒー,飲料,160
2880,1088,2026-06-02,16:58,クッキー,菓子,180
2880,1088,2026-06-02,16:58,コーヒー,飲料,160
2880,1088,2026-06-02,16:58,パン,食事,180
2881,1119,2026-06-02,16:58,クッキー,菓子,180
2881,1119,2026-06-02,16:58,コーヒー,飲料,160
2882,1072,2026-06-02,17:07,クッキー,菓子,180
2882,1072,2026-06-02,17:07,コーヒー,飲料,160
2883,1093,2026-06-02,17:13,コーヒー,飲料,160
2883,1093,2026-06-02,17:13,チョコレート,菓子,120
2884,1110,2026-06-02,17:13,ジュース,飲料,140
2885,1125,2026-06-02,17:25,コーヒー,飲料,160
2886,1086,2026-06-02,17:27,コーヒー,飲料,160
2887,1108,2026-06-02,17:28,クッキー,菓子,180
2887,1108,2026-06-02,17:28,コーヒー,飲料,160
2888,1076,2026-06-02,17:33,コーヒー,飲料,160
2889,1091,2026-06-02,17:58,クッキー,菓子,180
2889,1091,2026-06-02,17:58,コーヒー,飲料,160
2890,1016,2026-06-03,11:01,おにぎり,食事,150
2890,1016,2026-06-03,11:01,お茶,飲料,130
2891,1046,2026-06-03,11:05,お茶,飲料,130
2891,1046,2026-06-03,11:05,弁当,食事,500
2892,1044,2026-06-03,11:08,おにぎり,食事,150
2892,1044,2026-06-03,11:08,お茶,飲料,130
2893,1020,2026-06-03,11:10,おにぎり,食事,150
2893,1020,2026-06-03,11:10,チョコレート,菓子,120
2893,1020,2026-06-03,11:10,パン,食事,180
2894,1043,2026-06-03,11:16,お茶,飲料,130
2894,1043,2026-06-03,11:16,弁当,食事,500
2895,1189,2026-06-03,11:17,お茶,飲料,130
2895,1189,2026-06-03,11:17,カップ麺,食事,220
2895,1189,2026-06-03,11:17,クッキー,菓子,180
2895,1189,2026-06-03,11:17,サンドイッチ,食事,320
2895,1189,2026-06-03,11:17,チョコレート,菓子,120
2895,1189,2026-06-03,11:17,ルーズリーフ,文具,350
2895,1189,2026-06-03,11:17,弁当,食事,500
2896,1066,2026-06-03,11:20,お茶,飲料,130
2896,1066,2026-06-03,11:20,弁当,食事,500
2897,1012,2026-06-03,11:23,お茶,飲料,130
2897,1012,2026-06-03,11:23,弁当,食事,500
2898,1053,2026-06-03,11:29,弁当,食事,500
2899,1049,2026-06-03,11:30,おにぎり,食事,150
2899,1049,2026-06-03,11:30,お茶,飲料,130
2900,1198,2026-06-03,11:35,お茶,飲料,130
2900,1198,2026-06-03,11:35,ノート,文具,200
2900,1198,2026-06-03,11:35,弁当,食事,500
2900,1198,2026-06-03,11:35,消しゴム,文具,100
2901,1070,2026-06-03,11:37,ジュース,飲料,140
2901,1070,2026-06-03,11:37,弁当,食事,500
2902,1031,2026-06-03,11:42,お茶,飲料,130
2902,1031,2026-06-03,11:42,サンドイッチ,食事,320
2903,1035,2026-06-03,11:43,お茶,飲料,130
2903,1035,2026-06-03,11:43,弁当,食事,500
2904,1063,2026-06-03,11:50,弁当,食事,500
2905,1002,2026-06-03,11:53,お茶,飲料,130
2905,1002,2026-06-03,11:53,弁当,食事,500
2906,1030,2026-06-03,11:53,弁当,食事,500
2907,1067,2026-06-03,11:54,おにぎり,食事,150
2907,1067,2026-06-03,11:54,お茶,飲料,130
2908,1058,2026-06-03,11:59,カップ麺,食事,220
2909,1048,2026-06-03,12:05,ジュース,飲料,140
2909,1048,2026-06-03,12:05,弁当,食事,500
2910,1057,2026-06-03,12:10,おにぎり,食事,150
2910,1057,2026-06-03,12:10,お茶,飲料,130
2911,1009,2026-06-03,12:15,お茶,飲料,130
2911,1009,2026-06-03,12:15,弁当,食事,500
2912,1029,2026-06-03,12:44,サンドイッチ,食事,320
2912,1029,2026-06-03,12:44,ジュース,飲料,140
2913,1159,2026-06-03,12:44,ノート,文具,200
2914,1004,2026-06-03,12:48,お茶,飲料,130
2914,1004,2026-06-03,12:48,カップ麺,食事,220
2915,1014,2026-06-03,13:08,おにぎり,食事,150
2915,1014,2026-06-03,13:08,お茶,飲料,130
2916,1055,2026-06-03,13:30,お茶,飲料,130
2916,1055,2026-06-03,13:30,弁当,食事,500
2917,1022,2026-06-03,13:35,おにぎり,食事,150
2917,1022,2026-06-03,13:35,お茶,飲料,130
2917,1022,2026-06-03,13:35,チョコレート,菓子,120
2917,1022,2026-06-03,13:35,パン,食事,180
2918,1060,2026-06-03,13:39,おにぎり,食事,150
2919,1007,2026-06-03,13:44,ジュース,飲料,140
2919,1007,2026-06-03,13:44,弁当,食事,500
2920,1006,2026-06-03,13:45,弁当,食事,500
2921,1068,2026-06-03,13:47,お茶,飲料,130
2921,1068,2026-06-03,13:47,弁当,食事,500
2922,1013,2026-06-03,13:56,弁当,食事,500
2923,1056,2026-06-03,13:56,弁当,食事,500
2924,1197,2026-06-03,13:58,お茶,飲料,130
2924,1197,2026-06-03,13:58,カップ麺,食事,220
2924,1197,2026-06-03,13:58,クッキー,菓子,180
2924,1197,2026-06-03,13:58,コーヒー,飲料,160
2925,1083,2026-06-03,14:00,コーヒー,飲料,160
2925,1083,2026-06-03,14:00,チョコレート,菓子,120
2925,1083,2026-06-03,14:00,パン,食事,180
2926,1104,2026-06-03,14:00,ジュース,飲料,140
2927,1086,2026-06-03,14:14,クッキー,菓子,180
2927,1086,2026-06-03,14:14,コーヒー,飲料,160
2928,1073,2026-06-03,14:17,クッキー,菓子,180
2928,1073,2026-06-03,14:17,コーヒー,飲料,160
2929,1101,2026-06-03,14:18,お茶,飲料,130
2930,1091,2026-06-03,14:20,コーヒー,飲料,160
2930,1091,2026-06-03,14:20,チョコレート,菓子,120
2931,1107,2026-06-03,14:31,ガム,菓子,110
2931,1107,2026-06-03,14:31,クッキー,菓子,180
2931,1107,2026-06-03,14:31,コーヒー,飲料,160
2932,1075,2026-06-03,14:37,ガム,菓子,110
2932,1075,2026-06-03,14:37,クッキー,菓子,180
2932,1075,2026-06-03,14:37,コーヒー,飲料,160
2933,1094,2026-06-03,14:37,ジュース,飲料,140
2934,1117,2026-06-03,15:00,お茶,飲料,130
2935,1079,2026-06-03,15:02,クッキー,菓子,180
2935,1079,2026-06-03,15:02,コーヒー,飲料,160
2936,1108,2026-06-03,15:08,コーヒー,飲料,160
2936,1108,2026-06-03,15:08,チョコレート,菓子,120
2937,1102,2026-06-03,15:11,お茶,飲料,130
2938,1188,2026-06-03,15:38,お茶,飲料,130
2938,1188,2026-06-03,15:38,ジュース,飲料,140
2938,1188,2026-06-03,15:38,ノート,文具,200
2938,1188,2026-06-03,15:38,弁当,食事,500
2938,1188,2026-06-03,15:38,消しゴム,文具,100
2939,1082,2026-06-03,15:46,クッキー,菓子,180
2939,1082,2026-06-03,15:46,コーヒー,飲料,160
2940,1088,2026-06-03,15:49,クッキー,菓子,180
2940,1088,2026-06-03,15:49,コーヒー,飲料,160
2940,1088,2026-06-03,15:49,パン,食事,180
2941,1093,2026-06-03,15:53,コーヒー,飲料,160
2942,1106,2026-06-03,15:58,コーヒー,飲料,160
2943,1096,2026-06-03,15:59,クッキー,菓子,180
2943,1096,2026-06-03,15:59,コーヒー,飲料,160
2944,1171,2026-06-03,16:04,お茶,飲料,130
2944,1171,2026-06-03,16:04,カップ麺,食事,220
2944,1171,2026-06-03,16:04,ガム,菓子,110
2944,1171,2026-06-03,16:04,クッキー,菓子,180
2944,1171,2026-06-03,16:04,コーヒー,飲料,160
2944,1171,2026-06-03,16:04,ジュース,飲料,140
2944,1171,2026-06-03,16:04,チョコレート,菓子,120
2944,1171,2026-06-03,16:04,弁当,食事,500
2944,1171,2026-06-03,16:04,消しゴム,文具,100
2945,1099,2026-06-03,16:06,クッキー,菓子,180
2945,1099,2026-06-03,16:06,コーヒー,飲料,160
2946,1105,2026-06-03,16:06,クッキー,菓子,180
2946,1105,2026-06-03,16:06,コーヒー,飲料,160
2947,1124,2026-06-03,16:10,クッキー,菓子,180
2947,1124,2026-06-03,16:10,コーヒー,飲料,160
2948,1200,2026-06-03,16:12,お茶,飲料,130
2948,1200,2026-06-03,16:12,ガム,菓子,110
2948,1200,2026-06-03,16:12,コーヒー,飲料,160
2948,1200,2026-06-03,16:12,サンドイッチ,食事,320
2948,1200,2026-06-03,16:12,ジュース,飲料,140
2948,1200,2026-06-03,16:12,チョコレート,菓子,120
2948,1200,2026-06-03,16:12,パン,食事,180
2948,1200,2026-06-03,16:12,ルーズリーフ,文具,350
2948,1200,2026-06-03,16:12,弁当,食事,500
2949,1092,2026-06-03,16:18,ガム,菓子,110
2949,1092,2026-06-03,16:18,クッキー,菓子,180
2949,1092,2026-06-03,16:18,コーヒー,飲料,160
2950,1111,2026-06-03,16:18,ジュース,飲料,140
2951,1116,2026-06-03,16:18,クッキー,菓子,180
2951,1116,2026-06-03,16:18,コーヒー,飲料,160
2951,1116,2026-06-03,16:18,パン,食事,180
2952,1184,2026-06-03,16:21,おにぎり,食事,150
2952,1184,2026-06-03,16:21,クッキー,菓子,180
2952,1184,2026-06-03,16:21,ジュース,飲料,140
2952,1184,2026-06-03,16:21,チョコレート,菓子,120
2952,1184,2026-06-03,16:21,弁当,食事,500
2953,1113,2026-06-03,16:34,ジュース,飲料,140
2953,1113,2026-06-03,16:34,パン,食事,180
2954,1076,2026-06-03,16:37,クッキー,菓子,180
2954,1076,2026-06-03,16:37,コーヒー,飲料,160
2955,1119,2026-06-03,16:51,お茶,飲料,130
2956,1077,2026-06-03,16:54,コーヒー,飲料,160
2956,1077,2026-06-03,16:54,パン,食事,180
2957,1103,2026-06-03,17:05,クッキー,菓子,180
2957,1103,2026-06-03,17:05,コーヒー,飲料,160
2957,1103,2026-06-03,17:05,パン,食事,180
2958,1080,2026-06-03,17:18,コーヒー,飲料,160
2958,1080,2026-06-03,17:18,チョコレート,菓子,120
2958,1080,2026-06-03,17:18,パン,食事,180
2959,1120,2026-06-03,17:22,クッキー,菓子,180
2959,1120,2026-06-03,17:22,コーヒー,飲料,160
2960,1095,2026-06-03,17:27,クッキー,菓子,180
2960,1095,2026-06-03,17:27,コーヒー,飲料,160
2961,1125,2026-06-03,17:34,コーヒー,飲料,160
2961,1125,2026-06-03,17:34,チョコレート,菓子,120
2962,1071,2026-06-03,17:39,コーヒー,飲料,160
2963,1098,2026-06-03,17:42,コーヒー,飲料,160
2963,1098,2026-06-03,17:42,パン,食事,180
2964,1118,2026-06-03,17:54,ジュース,飲料,140
2964,1118,2026-06-03,17:54,チョコレート,菓子,120
2965,1112,2026-06-03,17:56,コーヒー,飲料,160
2966,1090,2026-06-03,17:57,コーヒー,飲料,160
2967,1200,2026-06-04,10:44,おにぎり,食事,150
2967,1200,2026-06-04,10:44,お茶,飲料,130
2967,1200,2026-06-04,10:44,コーヒー,飲料,160
2967,1200,2026-06-04,10:44,サンドイッチ,食事,320
2967,1200,2026-06-04,10:44,ジュース,飲料,140
2967,1200,2026-06-04,10:44,ボールペン,文具,120
2967,1200,2026-06-04,10:44,ルーズリーフ,文具,350
2967,1200,2026-06-04,10:44,弁当,食事,500
2968,1055,2026-06-04,11:04,おにぎり,食事,150
2968,1055,2026-06-04,11:04,ジュース,飲料,140
2969,1040,2026-06-04,11:11,お茶,飲料,130
2969,1040,2026-06-04,11:11,弁当,食事,500
2970,1054,2026-06-04,11:27,お茶,飲料,130
2970,1054,2026-06-04,11:27,サンドイッチ,食事,320
2971,1010,2026-06-04,11:28,おにぎり,食事,150
2971,1010,2026-06-04,11:28,お茶,飲料,130
2971,1010,2026-06-04,11:28,パン,食事,180
2972,1049,2026-06-04,11:31,おにぎり,食事,150
2972,1049,2026-06-04,11:31,パン,食事,180
2973,1043,2026-06-04,11:42,お茶,飲料,130
2973,1043,2026-06-04,11:42,弁当,食事,500
2974,1067,2026-06-04,11:42,おにぎり,食事,150
2974,1067,2026-06-04,11:42,ジュース,飲料,140
2974,1067,2026-06-04,11:42,パン,食事,180
2975,1196,2026-06-04,11:52,コーヒー,飲料,160
2975,1196,2026-06-04,11:52,ジュース,飲料,140
2975,1196,2026-06-04,11:52,チョコレート,菓子,120
2975,1196,2026-06-04,11:52,弁当,食事,500
2976,1041,2026-06-04,11:53,お茶,飲料,130
2976,1041,2026-06-04,11:53,弁当,食事,500
2977,1017,2026-06-04,11:56,カップ麺,食事,220
2978,1056,2026-06-04,11:56,おにぎり,食事,150
2978,1056,2026-06-04,11:56,お茶,飲料,130
2979,1027,2026-06-04,11:59,おにぎり,食事,150
2979,1027,2026-06-04,11:59,お茶,飲料,130
2979,1027,2026-06-04,11:59,パン,食事,180
2980,1021,2026-06-04,12:00,弁当,食事,500
2981,1005,2026-06-04,12:06,おにぎり,食事,150
2981,1005,2026-06-04,12:06,お茶,飲料,130
2982,1197,2026-06-04,12:09,お茶,飲料,130
2982,1197,2026-06-04,12:09,コーヒー,飲料,160
2982,1197,2026-06-04,12:09,サンドイッチ,食事,320
2982,1197,2026-06-04,12:09,パン,食事,180
2983,1001,2026-06-04,12:11,おにぎり,食事,150
2983,1001,2026-06-04,12:11,お茶,飲料,130
2983,1001,2026-06-04,12:11,パン,食事,180
2984,1061,2026-06-04,12:11,お茶,飲料,130
2984,1061,2026-06-04,12:11,弁当,食事,500
2985,1022,2026-06-04,12:19,お茶,飲料,130
2985,1022,2026-06-04,12:19,弁当,食事,500
2986,1004,2026-06-04,12:21,おにぎり,食事,150
2986,1004,2026-06-04,12:21,お茶,飲料,130
2986,1004,2026-06-04,12:21,チョコレート,菓子,120
2987,1031,2026-06-04,12:29,おにぎり,食事,150
2987,1031,2026-06-04,12:29,お茶,飲料,130
2987,1031,2026-06-04,12:29,パン,食事,180
2988,1023,2026-06-04,12:41,おにぎり,食事,150
2988,1023,2026-06-04,12:41,お茶,飲料,130
2988,1023,2026-06-04,12:41,パン,食事,180
2989,1033,2026-06-04,12:45,おにぎり,食事,150
2989,1033,2026-06-04,12:45,ジュース,飲料,140
2989,1033,2026-06-04,12:45,パン,食事,180
2990,1015,2026-06-04,12:46,お茶,飲料,130
2990,1015,2026-06-04,12:46,カップ麺,食事,220
2991,1032,2026-06-04,12:53,お茶,飲料,130
2991,1032,2026-06-04,12:53,サンドイッチ,食事,320
2992,1052,2026-06-04,12:57,サンドイッチ,食事,320
2992,1052,2026-06-04,12:57,ジュース,飲料,140
2993,1063,2026-06-04,12:58,おにぎり,食事,150
2993,1063,2026-06-04,12:58,お茶,飲料,130
2994,1066,2026-06-04,13:03,おにぎり,食事,150
2994,1066,2026-06-04,13:03,お茶,飲料,130
2995,1020,2026-06-04,13:06,おにぎり,食事,150
2995,1020,2026-06-04,13:06,お茶,飲料,130
2996,1009,2026-06-04,13:15,おにぎり,食事,150
2996,1009,2026-06-04,13:15,お茶,飲料,130
2997,1045,2026-06-04,13:22,弁当,食事,500
2998,1050,2026-06-04,13:23,おにぎり,食事,150
2998,1050,2026-06-04,13:23,お茶,飲料,130
2998,1050,2026-06-04,13:23,パン,食事,180
2999,1060,2026-06-04,13:29,お茶,飲料,130
2999,1060,2026-06-04,13:29,カップ麺,食事,220
3000,1007,2026-06-04,13:33,弁当,食事,500
3001,1034,2026-06-04,13:33,お茶,飲料,130
3001,1034,2026-06-04,13:33,カップ麺,食事,220
3002,1175,2026-06-04,13:36,おにぎり,食事,150
3002,1175,2026-06-04,13:36,お茶,飲料,130
3002,1175,2026-06-04,13:36,カップ麺,食事,220
3002,1175,2026-06-04,13:36,サンドイッチ,食事,320
3002,1175,2026-06-04,13:36,ジュース,飲料,140
3002,1175,2026-06-04,13:36,パン,食事,180
3003,1024,2026-06-04,13:38,お茶,飲料,130
3003,1024,2026-06-04,13:38,チョコレート,菓子,120
3003,1024,2026-06-04,13:38,弁当,食事,500
3004,1062,2026-06-04,13:40,お茶,飲料,130
3004,1062,2026-06-04,13:40,チョコレート,菓子,120
3004,1062,2026-06-04,13:40,弁当,食事,500
3005,1002,2026-06-04,13:46,サンドイッチ,食事,320
3006,1028,2026-06-04,13:49,弁当,食事,500
3007,1025,2026-06-04,13:57,お茶,飲料,130
3007,1025,2026-06-04,13:57,弁当,食事,500
3008,1094,2026-06-04,14:01,コーヒー,飲料,160
3009,1076,2026-06-04,14:11,コーヒー,飲料,160
3010,1082,2026-06-04,14:16,コーヒー,飲料,160
3011,1108,2026-06-04,14:16,コーヒー,飲料,160
3012,1104,2026-06-04,14:18,クッキー,菓子,180
3012,1104,2026-06-04,14:18,コーヒー,飲料,160
3013,1121,2026-06-04,14:18,クッキー,菓子,180
3013,1121,2026-06-04,14:18,コーヒー,飲料,160
3014,1087,2026-06-04,14:28,クッキー,菓子,180
3014,1087,2026-06-04,14:28,コーヒー,飲料,160
3015,1081,2026-06-04,14:30,お茶,飲料,130
3016,1116,2026-06-04,14:32,クッキー,菓子,180
3016,1116,2026-06-04,14:32,コーヒー,飲料,160
3017,1110,2026-06-04,14:39,ジュース,飲料,140
3017,1110,2026-06-04,14:39,チョコレート,菓子,120
3017,1110,2026-06-04,14:39,パン,食事,180
3018,1077,2026-06-04,14:45,クッキー,菓子,180
3018,1077,2026-06-04,14:45,コーヒー,飲料,160
3019,1080,2026-06-04,14:55,クッキー,菓子,180
3019,1080,2026-06-04,14:55,コーヒー,飲料,160
3020,1106,2026-06-04,15:00,コーヒー,飲料,160
3020,1106,2026-06-04,15:00,チョコレート,菓子,120
3020,1106,2026-06-04,15:00,パン,食事,180
3021,1099,2026-06-04,15:02,クッキー,菓子,180
3021,1099,2026-06-04,15:02,コーヒー,飲料,160
3022,1107,2026-06-04,15:02,クッキー,菓子,180
3022,1107,2026-06-04,15:02,コーヒー,飲料,160
3023,1092,2026-06-04,15:08,クッキー,菓子,180
3023,1092,2026-06-04,15:08,コーヒー,飲料,160
3024,1112,2026-06-04,15:09,クッキー,菓子,180
3024,1112,2026-06-04,15:09,コーヒー,飲料,160
3024,1112,2026-06-04,15:09,パン,食事,180
3025,1098,2026-06-04,15:22,ガム,菓子,110
3025,1098,2026-06-04,15:22,クッキー,菓子,180
3025,1098,2026-06-04,15:22,コーヒー,飲料,160
3025,1098,2026-06-04,15:22,パン,食事,180
3026,1165,2026-06-04,15:23,お茶,飲料,130
3026,1165,2026-06-04,15:23,ノート,文具,200
3026,1165,2026-06-04,15:23,ボールペン,文具,120
3026,1165,2026-06-04,15:23,ルーズリーフ,文具,350
3026,1165,2026-06-04,15:23,消しゴム,文具,100
3027,1095,2026-06-04,15:28,コーヒー,飲料,160
3027,1095,2026-06-04,15:28,チョコレート,菓子,120
3028,1120,2026-06-04,15:29,クッキー,菓子,180
3028,1120,2026-06-04,15:29,コーヒー,飲料,160
3029,1179,2026-06-04,15:33,おにぎり,食事,150
3029,1179,2026-06-04,15:33,お茶,飲料,130
3029,1179,2026-06-04,15:33,カップ麺,食事,220
3029,1179,2026-06-04,15:33,クッキー,菓子,180
3029,1179,2026-06-04,15:33,コーヒー,飲料,160
3029,1179,2026-06-04,15:33,サンドイッチ,食事,320
3029,1179,2026-06-04,15:33,ボールペン,文具,120
3030,1093,2026-06-04,15:37,クッキー,菓子,180
3030,1093,2026-06-04,15:37,コーヒー,飲料,160
3031,1096,2026-06-04,15:39,クッキー,菓子,180
3031,1096,2026-06-04,15:39,コーヒー,飲料,160
3032,1101,2026-06-04,15:39,クッキー,菓子,180
3032,1101,2026-06-04,15:39,コーヒー,飲料,160
3033,1085,2026-06-04,15:58,クッキー,菓子,180
3033,1085,2026-06-04,15:58,コーヒー,飲料,160
3034,1078,2026-06-04,15:59,コーヒー,飲料,160
3034,1078,2026-06-04,15:59,チョコレート,菓子,120
3035,1097,2026-06-04,16:02,ジュース,飲料,140
3035,1097,2026-06-04,16:02,パン,食事,180
3036,1119,2026-06-04,16:10,クッキー,菓子,180
3036,1119,2026-06-04,16:10,コーヒー,飲料,160
3037,1071,2026-06-04,16:13,コーヒー,飲料,160
3037,1071,2026-06-04,16:13,チョコレート,菓子,120
3038,1090,2026-06-04,16:24,ジュース,飲料,140
3038,1090,2026-06-04,16:24,パン,食事,180
3039,1123,2026-06-04,16:25,お茶,飲料,130
3040,1089,2026-06-04,16:35,コーヒー,飲料,160
3041,1111,2026-06-04,16:35,クッキー,菓子,180
3041,1111,2026-06-04,16:35,コーヒー,飲料,160
3042,1124,2026-06-04,16:48,クッキー,菓子,180
3042,1124,2026-06-04,16:48,コーヒー,飲料,160
3042,1124,2026-06-04,16:48,パン,食事,180
3043,1073,2026-06-04,16:51,クッキー,菓子,180
3043,1073,2026-06-04,16:51,コーヒー,飲料,160
3044,1074,2026-06-04,17:09,コーヒー,飲料,160
3044,1074,2026-06-04,17:09,パン,食事,180
3045,1100,2026-06-04,17:12,クッキー,菓子,180
3045,1100,2026-06-04,17:12,コーヒー,飲料,160
3046,1091,2026-06-04,17:16,コーヒー,飲料,160
3047,1084,2026-06-04,17:17,コーヒー,飲料,160
3048,1109,2026-06-04,17:19,コーヒー,飲料,160
3049,1115,2026-06-04,17:23,クッキー,菓子,180
3049,1115,2026-06-04,17:23,コーヒー,飲料,160
3050,1152,2026-06-04,17:37,ノート,文具,200
3051,1102,2026-06-04,17:44,ガム,菓子,110
3051,1102,2026-06-04,17:44,クッキー,菓子,180
3051,1102,2026-06-04,17:44,コーヒー,飲料,160
3052,1088,2026-06-04,17:48,クッキー,菓子,180
3052,1088,2026-06-04,17:48,コーヒー,飲料,160
3053,1086,2026-06-04,17:54,コーヒー,飲料,160
3054,1029,2026-06-05,11:05,お茶,飲料,130
3054,1029,2026-06-05,11:05,カップ麺,食事,220
3055,1030,2026-06-05,11:15,おにぎり,食事,150
3055,1030,2026-06-05,11:15,お茶,飲料,130
3056,1196,2026-06-05,11:20,お茶,飲料,130
3056,1196,2026-06-05,11:20,コーヒー,飲料,160
3056,1196,2026-06-05,11:20,チョコレート,菓子,120
3056,1196,2026-06-05,11:20,弁当,食事,500
3057,1028,2026-06-05,11:32,おにぎり,食事,150
3057,1028,2026-06-05,11:32,お茶,飲料,130
3058,1017,2026-06-05,11:39,おにぎり,食事,150
3058,1017,2026-06-05,11:39,お茶,飲料,130
3059,1057,2026-06-05,11:42,お茶,飲料,130
3059,1057,2026-06-05,11:42,弁当,食事,500
3060,1039,2026-06-05,11:51,お茶,飲料,130
3060,1039,2026-06-05,11:51,弁当,食事,500
3061,1065,2026-06-05,12:02,弁当,食事,500
3062,1067,2026-06-05,12:02,お茶,飲料,130
3062,1067,2026-06-05,12:02,弁当,食事,500
3063,1069,2026-06-05,12:02,おにぎり,食事,150
3063,1069,2026-06-05,12:02,お茶,飲料,130
3063,1069,2026-06-05,12:02,パン,食事,180
3064,1008,2026-06-05,12:03,サンドイッチ,食事,320
3064,1008,2026-06-05,12:03,ジュース,飲料,140
3065,1040,2026-06-05,12:11,ジュース,飲料,140
3065,1040,2026-06-05,12:11,弁当,食事,500
3066,1004,2026-06-05,12:15,お茶,飲料,130
3066,1004,2026-06-05,12:15,弁当,食事,500
3067,1035,2026-06-05,12:21,おにぎり,食事,150
3067,1035,2026-06-05,12:21,お茶,飲料,130
3068,1042,2026-06-05,12:24,おにぎり,食事,150
3068,1042,2026-06-05,12:24,ジュース,飲料,140
3069,1007,2026-06-05,12:29,お茶,飲料,130
3069,1007,2026-06-05,12:29,弁当,食事,500
3070,1048,2026-06-05,12:32,おにぎり,食事,150
3070,1048,2026-06-05,12:32,お茶,飲料,130
3071,1197,2026-06-05,12:39,ガム,菓子,110
3071,1197,2026-06-05,12:39,コーヒー,飲料,160
3071,1197,2026-06-05,12:39,サンドイッチ,食事,320
3071,1197,2026-06-05,12:39,ジュース,飲料,140
3071,1197,2026-06-05,12:39,パン,食事,180
3072,1027,2026-06-05,12:44,お茶,飲料,130
3072,1027,2026-06-05,12:44,弁当,食事,500
3073,1033,2026-06-05,12:46,おにぎり,食事,150
3073,1033,2026-06-05,12:46,お茶,飲料,130
3074,1018,2026-06-05,12:50,お茶,飲料,130
3074,1018,2026-06-05,12:50,カップ麺,食事,220
3075,1020,2026-06-05,12:50,お茶,飲料,130
3075,1020,2026-06-05,12:50,弁当,食事,500
3076,1032,2026-06-05,12:52,お茶,飲料,130
3076,1032,2026-06-05,12:52,弁当,食事,500
3077,1043,2026-06-05,12:55,おにぎり,食事,150
3077,1043,2026-06-05,12:55,お茶,飲料,130
3078,1022,2026-06-05,12:59,お茶,飲料,130
3078,1022,2026-06-05,12:59,カップ麺,食事,220
3079,1054,2026-06-05,13:01,カップ麺,食事,220
3080,1056,2026-06-05,13:07,おにぎり,食事,150
3080,1056,2026-06-05,13:07,お茶,飲料,130
3080,1056,2026-06-05,13:07,パン,食事,180
3081,1044,2026-06-05,13:08,お茶,飲料,130
3081,1044,2026-06-05,13:08,サンドイッチ,食事,320
3082,1049,2026-06-05,13:10,お茶,飲料,130
3082,1049,2026-06-05,13:10,弁当,食事,500
3083,1063,2026-06-05,13:11,お茶,飲料,130
3083,1063,2026-06-05,13:11,サンドイッチ,食事,320
3084,1023,2026-06-05,13:20,弁当,食事,500
3085,1003,2026-06-05,13:21,サンドイッチ,食事,320
3086,1005,2026-06-05,13:36,お茶,飲料,130
3086,1005,2026-06-05,13:36,サンドイッチ,食事,320
3087,1037,2026-06-05,13:36,おにぎり,食事,150
3087,1037,2026-06-05,13:36,お茶,飲料,130
3087,1037,2026-06-05,13:36,パン,食事,180
3088,1041,2026-06-05,13:50,おにぎり,食事,150
3088,1041,2026-06-05,13:50,お茶,飲料,130
3089,1045,2026-06-05,13:54,チョコレート,菓子,120
3089,1045,2026-06-05,13:54,弁当,食事,500
3090,1081,2026-06-05,14:01,コーヒー,飲料,160
3091,1108,2026-06-05,14:05,コーヒー,飲料,160
3091,1108,2026-06-05,14:05,チョコレート,菓子,120
3092,1116,2026-06-05,14:10,コーヒー,飲料,160
3093,1123,2026-06-05,14:15,クッキー,菓子,180
3093,1123,2026-06-05,14:15,コーヒー,飲料,160
3094,1097,2026-06-05,14:17,ガム,菓子,110
3094,1097,2026-06-05,14:17,クッキー,菓子,180
3094,1097,2026-06-05,14:17,コーヒー,飲料,160
3095,1077,2026-06-05,14:23,クッキー,菓子,180
3095,1077,2026-06-05,14:23,コーヒー,飲料,160
3096,1195,2026-06-05,14:24,おにぎり,食事,150
3096,1195,2026-06-05,14:24,お茶,飲料,130
3096,1195,2026-06-05,14:24,ガム,菓子,110
3096,1195,2026-06-05,14:24,クッキー,菓子,180
3096,1195,2026-06-05,14:24,サンドイッチ,食事,320
3096,1195,2026-06-05,14:24,ノート,文具,200
3096,1195,2026-06-05,14:24,ボールペン,文具,120
3096,1195,2026-06-05,14:24,弁当,食事,500
3096,1195,2026-06-05,14:24,消しゴム,文具,100
3097,1118,2026-06-05,14:27,クッキー,菓子,180
3097,1118,2026-06-05,14:27,コーヒー,飲料,160
3098,1200,2026-06-05,14:29,お茶,飲料,130
3098,1200,2026-06-05,14:29,クッキー,菓子,180
3098,1200,2026-06-05,14:29,コーヒー,飲料,160
3098,1200,2026-06-05,14:29,サンドイッチ,食事,320
3098,1200,2026-06-05,14:29,ノート,文具,200
3098,1200,2026-06-05,14:29,パン,食事,180
3098,1200,2026-06-05,14:29,ボールペン,文具,120
3098,1200,2026-06-05,14:29,弁当,食事,500
3099,1120,2026-06-05,14:43,お茶,飲料,130
3100,1091,2026-06-05,14:44,コーヒー,飲料,160
3100,1091,2026-06-05,14:44,チョコレート,菓子,120
3101,1096,2026-06-05,14:45,クッキー,菓子,180
3101,1096,2026-06-05,14:45,コーヒー,飲料,160
3102,1121,2026-06-05,14:53,コーヒー,飲料,160
3102,1121,2026-06-05,14:53,チョコレート,菓子,120
3103,1109,2026-06-05,14:59,クッキー,菓子,180
3103,1109,2026-06-05,14:59,コーヒー,飲料,160
3104,1084,2026-06-05,15:11,コーヒー,飲料,160
3104,1084,2026-06-05,15:11,パン,食事,180
3105,1074,2026-06-05,15:13,コーヒー,飲料,160
3106,1086,2026-06-05,15:15,ジュース,飲料,140
3107,1075,2026-06-05,15:17,クッキー,菓子,180
3107,1075,2026-06-05,15:17,コーヒー,飲料,160
3108,1078,2026-06-05,15:28,コーヒー,飲料,160
3108,1078,2026-06-05,15:28,チョコレート,菓子,120
3109,1076,2026-06-05,15:34,ジュース,飲料,140
3109,1076,2026-06-05,15:34,チョコレート,菓子,120
3110,1088,2026-06-05,15:39,コーヒー,飲料,160
3111,1112,2026-06-05,16:00,お茶,飲料,130
3112,1124,2026-06-05,16:06,クッキー,菓子,180
3112,1124,2026-06-05,16:06,コーヒー,飲料,160
3113,1115,2026-06-05,16:11,コーヒー,飲料,160
3114,1089,2026-06-05,16:12,コーヒー,飲料,160
3114,1089,2026-06-05,16:12,チョコレート,菓子,120
3115,1082,2026-06-05,16:29,コーヒー,飲料,160
3116,1098,2026-06-05,16:39,コーヒー,飲料,160
3117,1114,2026-06-05,16:53,コーヒー,飲料,160
3117,1114,2026-06-05,16:53,チョコレート,菓子,120
3118,1111,2026-06-05,16:58,コーヒー,飲料,160
3119,1125,2026-06-05,16:59,クッキー,菓子,180
3119,1125,2026-06-05,16:59,コーヒー,飲料,160
3120,1072,2026-06-05,17:04,クッキー,菓子,180
3120,1072,2026-06-05,17:04,コーヒー,飲料,160
3121,1073,2026-06-05,17:09,クッキー,菓子,180
3121,1073,2026-06-05,17:09,コーヒー,飲料,160
3122,1085,2026-06-05,17:34,ガム,菓子,110
3122,1085,2026-06-05,17:34,コーヒー,飲料,160
3123,1107,2026-06-05,17:38,クッキー,菓子,180
3123,1107,2026-06-05,17:38,コーヒー,飲料,160
3124,1106,2026-06-05,17:47,コーヒー,飲料,160
3124,1106,2026-06-05,17:47,チョコレート,菓子,120
3125,1101,2026-06-05,17:51,コーヒー,飲料,160
3126,1080,2026-06-05,17:59,コーヒー,飲料,160
3127,1036,2026-06-08,11:08,おにぎり,食事,150
3127,1036,2026-06-08,11:08,お茶,飲料,130
3128,1002,2026-06-08,11:25,お茶,飲料,130
3128,1002,2026-06-08,11:25,弁当,食事,500
3129,1178,2026-06-08,11:25,お茶,飲料,130
3129,1178,2026-06-08,11:25,カップ麺,食事,220
3129,1178,2026-06-08,11:25,ガム,菓子,110
3129,1178,2026-06-08,11:25,クッキー,菓子,180
3129,1178,2026-06-08,11:25,弁当,食事,500
3130,1062,2026-06-08,11:33,サンドイッチ,食事,320
3130,1062,2026-06-08,11:33,ジュース,飲料,140
3131,1021,2026-06-08,11:52,弁当,食事,500
3132,1032,2026-06-08,11:52,お茶,飲料,130
3132,1032,2026-06-08,11:52,カップ麺,食事,220
3133,1059,2026-06-08,12:00,弁当,食事,500
3134,1037,2026-06-08,12:08,お茶,飲料,130
3134,1037,2026-06-08,12:08,弁当,食事,500
3135,1027,2026-06-08,12:16,サンドイッチ,食事,320
3136,1196,2026-06-08,12:23,お茶,飲料,130
3136,1196,2026-06-08,12:23,クッキー,菓子,180
3136,1196,2026-06-08,12:23,コーヒー,飲料,160
3136,1196,2026-06-08,12:23,サンドイッチ,食事,320
3137,1143,2026-06-08,12:33,ルーズリーフ,文具,350
3138,1009,2026-06-08,12:34,おにぎり,食事,150
3138,1009,2026-06-08,12:34,お茶,飲料,130
3138,1009,2026-06-08,12:34,パン,食事,180
3139,1056,2026-06-08,12:38,カップ麺,食事,220
3140,1024,2026-06-08,12:40,カップ麺,食事,220
3141,1048,2026-06-08,12:42,お茶,飲料,130
3141,1048,2026-06-08,12:42,サンドイッチ,食事,320
3142,1063,2026-06-08,12:42,おにぎり,食事,150
3142,1063,2026-06-08,12:42,お茶,飲料,130
3142,1063,2026-06-08,12:42,チョコレート,菓子,120
3142,1063,2026-06-08,12:42,パン,食事,180
3143,1054,2026-06-08,12:44,弁当,食事,500
3144,1057,2026-06-08,12:58,ジュース,飲料,140
3144,1057,2026-06-08,12:58,弁当,食事,500
3145,1019,2026-06-08,13:01,お茶,飲料,130
3145,1019,2026-06-08,13:01,弁当,食事,500
3146,1067,2026-06-08,13:01,お茶,飲料,130
3146,1067,2026-06-08,13:01,カップ麺,食事,220
3147,1001,2026-06-08,13:06,カップ麺,食事,220
3148,1013,2026-06-08,13:06,お茶,飲料,130
3148,1013,2026-06-08,13:06,弁当,食事,500
3149,1046,2026-06-08,13:26,おにぎり,食事,150
3149,1046,2026-06-08,13:26,お茶,飲料,130
3150,1069,2026-06-08,13:26,おにぎり,食事,150
3150,1069,2026-06-08,13:26,お茶,飲料,130
3150,1069,2026-06-08,13:26,パン,食事,180
3151,1045,2026-06-08,13:34,お茶,飲料,130
3151,1045,2026-06-08,13:34,カップ麺,食事,220
3151,1045,2026-06-08,13:34,チョコレート,菓子,120
3152,1023,2026-06-08,13:36,お茶,飲料,130
3152,1023,2026-06-08,13:36,カップ麺,食事,220
3153,1135,2026-06-08,13:46,お茶,飲料,130
3153,1135,2026-06-08,13:46,ノート,文具,200
3153,1135,2026-06-08,13:46,ボールペン,文具,120
3153,1135,2026-06-08,13:46,ルーズリーフ,文具,350
3154,1004,2026-06-08,13:47,おにぎり,食事,150
3154,1004,2026-06-08,13:47,お茶,飲料,130
3155,1005,2026-06-08,13:51,弁当,食事,500
3156,1017,2026-06-08,13:53,お茶,飲料,130
3156,1017,2026-06-08,13:53,弁当,食事,500
3157,1075,2026-06-08,14:07,コーヒー,飲料,160
3158,1098,2026-06-08,14:07,クッキー,菓子,180
3158,1098,2026-06-08,14:07,コーヒー,飲料,160
3159,1091,2026-06-08,14:08,クッキー,菓子,180
3159,1091,2026-06-08,14:08,コーヒー,飲料,160
3160,1088,2026-06-08,14:13,ガム,菓子,110
3160,1088,2026-06-08,14:13,コーヒー,飲料,160
3161,1119,2026-06-08,14:21,クッキー,菓子,180
3161,1119,2026-06-08,14:21,コーヒー,飲料,160
3162,1104,2026-06-08,14:22,コーヒー,飲料,160
3163,1118,2026-06-08,14:27,クッキー,菓子,180
3163,1118,2026-06-08,14:27,コーヒー,飲料,160
3164,1073,2026-06-08,14:37,クッキー,菓子,180
3164,1073,2026-06-08,14:37,コーヒー,飲料,160
3165,1125,2026-06-08,14:48,クッキー,菓子,180
3165,1125,2026-06-08,14:48,コーヒー,飲料,160
3166,1086,2026-06-08,14:52,ガム,菓子,110
3166,1086,2026-06-08,14:52,ジュース,飲料,140
3167,1094,2026-06-08,14:55,クッキー,菓子,180
3167,1094,2026-06-08,14:55,コーヒー,飲料,160
3168,1103,2026-06-08,14:56,お茶,飲料,130
3168,1103,2026-06-08,14:56,チョコレート,菓子,120
3169,1099,2026-06-08,15:05,クッキー,菓子,180
3169,1099,2026-06-08,15:05,コーヒー,飲料,160
3170,1110,2026-06-08,15:10,クッキー,菓子,180
3170,1110,2026-06-08,15:10,コーヒー,飲料,160
3171,1097,2026-06-08,15:27,お茶,飲料,130
3171,1097,2026-06-08,15:27,チョコレート,菓子,120
3172,1121,2026-06-08,15:29,クッキー,菓子,180
3172,1121,2026-06-08,15:29,コーヒー,飲料,160
3173,1084,2026-06-08,15:30,コーヒー,飲料,160
3173,1084,2026-06-08,15:30,パン,食事,180
3174,1114,2026-06-08,15:32,コーヒー,飲料,160
3174,1114,2026-06-08,15:32,チョコレート,菓子,120
3175,1079,2026-06-08,15:33,コーヒー,飲料,160
3175,1079,2026-06-08,15:33,チョコレート,菓子,120
3176,1122,2026-06-08,15:35,クッキー,菓子,180
3176,1122,2026-06-08,15:35,コーヒー,飲料,160
3176,1122,2026-06-08,15:35,パン,食事,180
3177,1077,2026-06-08,15:37,クッキー,菓子,180
3177,1077,2026-06-08,15:37,コーヒー,飲料,160
3177,1077,2026-06-08,15:37,パン,食事,180
3178,1106,2026-06-08,15:42,お茶,飲料,130
3178,1106,2026-06-08,15:42,ガム,菓子,110
3178,1106,2026-06-08,15:42,チョコレート,菓子,120
3179,1200,2026-06-08,15:55,おにぎり,食事,150
3179,1200,2026-06-08,15:55,お茶,飲料,130
3179,1200,2026-06-08,15:55,カップ麺,食事,220
3179,1200,2026-06-08,15:55,ガム,菓子,110
3179,1200,2026-06-08,15:55,クッキー,菓子,180
3179,1200,2026-06-08,15:55,コーヒー,飲料,160
3179,1200,2026-06-08,15:55,サンドイッチ,食事,320
3179,1200,2026-06-08,15:55,ジュース,飲料,140
3179,1200,2026-06-08,15:55,チョコレート,菓子,120
3179,1200,2026-06-08,15:55,パン,食事,180
3179,1200,2026-06-08,15:55,ボールペン,文具,120
3180,1111,2026-06-08,16:05,クッキー,菓子,180
3180,1111,2026-06-08,16:05,コーヒー,飲料,160
3181,1116,2026-06-08,16:22,コーヒー,飲料,160
3182,1131,2026-06-08,16:24,お茶,飲料,130
3182,1131,2026-06-08,16:24,ボールペン,文具,120
3183,1081,2026-06-08,16:31,コーヒー,飲料,160
3184,1117,2026-06-08,16:35,コーヒー,飲料,160
3184,1117,2026-06-08,16:35,チョコレート,菓子,120
3184,1117,2026-06-08,16:35,パン,食事,180
3185,1149,2026-06-08,16:40,ノート,文具,200
3185,1149,2026-06-08,16:40,ボールペン,文具,120
3185,1149,2026-06-08,16:40,消しゴム,文具,100
3186,1078,2026-06-08,16:41,クッキー,菓子,180
3186,1078,2026-06-08,16:41,コーヒー,飲料,160
3187,1123,2026-06-08,16:41,お茶,飲料,130
3188,1115,2026-06-08,16:46,コーヒー,飲料,160
3188,1115,2026-06-08,16:46,チョコレート,菓子,120
3189,1112,2026-06-08,16:49,クッキー,菓子,180
3189,1112,2026-06-08,16:49,コーヒー,飲料,160
3190,1108,2026-06-08,16:56,クッキー,菓子,180
3190,1108,2026-06-08,16:56,コーヒー,飲料,160
3191,1179,2026-06-08,17:02,お茶,飲料,130
3191,1179,2026-06-08,17:02,カップ麺,食事,220
3191,1179,2026-06-08,17:02,コーヒー,飲料,160
3191,1179,2026-06-08,17:02,ジュース,飲料,140
3191,1179,2026-06-08,17:02,チョコレート,菓子,120
3191,1179,2026-06-08,17:02,弁当,食事,500
3192,1080,2026-06-08,17:05,コーヒー,飲料,160
3192,1080,2026-06-08,17:05,チョコレート,菓子,120
3193,1087,2026-06-08,17:10,ガム,菓子,110
3193,1087,2026-06-08,17:10,コーヒー,飲料,160
3193,1087,2026-06-08,17:10,チョコレート,菓子,120
3194,1071,2026-06-08,17:15,ジュース,飲料,140
3195,1100,2026-06-08,17:33,クッキー,菓子,180
3195,1100,2026-06-08,17:33,コーヒー,飲料,160
3195,1100,2026-06-08,17:33,パン,食事,180
3196,1089,2026-06-08,17:42,コーヒー,飲料,160
3197,1082,2026-06-08,17:49,クッキー,菓子,180
3197,1082,2026-06-08,17:49,コーヒー,飲料,160
3197,1082,2026-06-08,17:49,パン,食事,180
3198,1101,2026-06-08,17:52,クッキー,菓子,180
3198,1101,2026-06-08,17:52,コーヒー,飲料,160
3199,1092,2026-06-08,17:53,クッキー,菓子,180
3199,1092,2026-06-08,17:53,コーヒー,飲料,160
3200,1085,2026-06-08,17:54,お茶,飲料,130
3201,1155,2026-06-09,10:30,ボールペン,文具,120
3202,1200,2026-06-09,10:55,お茶,飲料,130
3202,1200,2026-06-09,10:55,カップ麺,食事,220
3202,1200,2026-06-09,10:55,コーヒー,飲料,160
3202,1200,2026-06-09,10:55,サンドイッチ,食事,320
3202,1200,2026-06-09,10:55,ジュース,飲料,140
3202,1200,2026-06-09,10:55,パン,食事,180
3202,1200,2026-06-09,10:55,弁当,食事,500
3203,1063,2026-06-09,11:02,おにぎり,食事,150
3203,1063,2026-06-09,11:02,お茶,飲料,130
3203,1063,2026-06-09,11:02,パン,食事,180
3204,1056,2026-06-09,11:15,おにぎり,食事,150
3204,1056,2026-06-09,11:15,お茶,飲料,130
3205,1197,2026-06-09,11:16,お茶,飲料,130
3205,1197,2026-06-09,11:16,コーヒー,飲料,160
3205,1197,2026-06-09,11:16,サンドイッチ,食事,320
3205,1197,2026-06-09,11:16,チョコレート,菓子,120
3206,1057,2026-06-09,11:19,弁当,食事,500
3207,1061,2026-06-09,11:20,ジュース,飲料,140
3207,1061,2026-06-09,11:20,弁当,食事,500
3208,1005,2026-06-09,11:25,弁当,食事,500
3209,1040,2026-06-09,11:26,おにぎり,食事,150
3209,1040,2026-06-09,11:26,お茶,飲料,130
3209,1040,2026-06-09,11:26,パン,食事,180
3210,1067,2026-06-09,11:28,お茶,飲料,130
3210,1067,2026-06-09,11:28,弁当,食事,500
3211,1002,2026-06-09,11:30,おにぎり,食事,150
3211,1002,2026-06-09,11:30,お茶,飲料,130
3212,1031,2026-06-09,11:31,弁当,食事,500
3213,1037,2026-06-09,11:32,お茶,飲料,130
3213,1037,2026-06-09,11:32,弁当,食事,500
3214,1015,2026-06-09,11:37,お茶,飲料,130
3214,1015,2026-06-09,11:37,サンドイッチ,食事,320
3215,1060,2026-06-09,11:43,弁当,食事,500
3216,1179,2026-06-09,11:46,おにぎり,食事,150
3216,1179,2026-06-09,11:46,お茶,飲料,130
3216,1179,2026-06-09,11:46,カップ麺,食事,220
3216,1179,2026-06-09,11:46,クッキー,菓子,180
3216,1179,2026-06-09,11:46,チョコレート,菓子,120
3216,1179,2026-06-09,11:46,ノート,文具,200
3216,1179,2026-06-09,11:46,パン,食事,180
3216,1179,2026-06-09,11:46,弁当,食事,500
3217,1024,2026-06-09,11:48,おにぎり,食事,150
3217,1024,2026-06-09,11:48,お茶,飲料,130
3218,1003,2026-06-09,11:56,ジュース,飲料,140
3218,1003,2026-06-09,11:56,弁当,食事,500
3219,1036,2026-06-09,11:56,おにぎり,食事,150
3219,1036,2026-06-09,11:56,お茶,飲料,130
3219,1036,2026-06-09,11:56,パン,食事,180
3220,1030,2026-06-09,11:57,お茶,飲料,130
3220,1030,2026-06-09,11:57,サンドイッチ,食事,320
3221,1021,2026-06-09,12:09,おにぎり,食事,150
3221,1021,2026-06-09,12:09,お茶,飲料,130
3221,1021,2026-06-09,12:09,パン,食事,180
3222,1068,2026-06-09,12:13,お茶,飲料,130
3222,1068,2026-06-09,12:13,サンドイッチ,食事,320
3223,1008,2026-06-09,12:19,お茶,飲料,130
3223,1008,2026-06-09,12:19,弁当,食事,500
3224,1011,2026-06-09,12:22,おにぎり,食事,150
3224,1011,2026-06-09,12:22,お茶,飲料,130
3225,1041,2026-06-09,12:26,おにぎり,食事,150
3225,1041,2026-06-09,12:26,お茶,飲料,130
3226,1047,2026-06-09,12:45,お茶,飲料,130
3226,1047,2026-06-09,12:45,弁当,食事,500
3227,1013,2026-06-09,12:55,弁当,食事,500
3228,1051,2026-06-09,13:03,お茶,飲料,130
3228,1051,2026-06-09,13:03,サンドイッチ,食事,320
3228,1051,2026-06-09,13:03,チョコレート,菓子,120
3229,1034,2026-06-09,13:08,お茶,飲料,130
3229,1034,2026-06-09,13:08,弁当,食事,500
3230,1064,2026-06-09,13:18,おにぎり,食事,150
3230,1064,2026-06-09,13:18,パン,食事,180
3231,1055,2026-06-09,13:35,おにぎり,食事,150
3231,1055,2026-06-09,13:35,お茶,飲料,130
3232,1029,2026-06-09,13:37,おにぎり,食事,150
3232,1029,2026-06-09,13:37,お茶,飲料,130
3232,1029,2026-06-09,13:37,パン,食事,180
3233,1025,2026-06-09,13:45,おにぎり,食事,150
3233,1025,2026-06-09,13:45,ジュース,飲料,140
3234,1018,2026-06-09,13:53,お茶,飲料,130
3234,1018,2026-06-09,13:53,弁当,食事,500
3235,1095,2026-06-09,14:01,クッキー,菓子,180
3235,1095,2026-06-09,14:01,コーヒー,飲料,160
3236,1108,2026-06-09,14:01,クッキー,菓子,180
3236,1108,2026-06-09,14:01,コーヒー,飲料,160
3237,1110,2026-06-09,14:06,クッキー,菓子,180
3237,1110,2026-06-09,14:06,コーヒー,飲料,160
3238,1088,2026-06-09,14:09,コーヒー,飲料,160
3239,1113,2026-06-09,14:09,クッキー,菓子,180
3239,1113,2026-06-09,14:09,コーヒー,飲料,160
3240,1076,2026-06-09,14:12,クッキー,菓子,180
3240,1076,2026-06-09,14:12,コーヒー,飲料,160
3241,1098,2026-06-09,14:12,ガム,菓子,110
3241,1098,2026-06-09,14:12,クッキー,菓子,180
3241,1098,2026-06-09,14:12,コーヒー,飲料,160
3242,1075,2026-06-09,14:15,クッキー,菓子,180
3242,1075,2026-06-09,14:15,コーヒー,飲料,160
3242,1075,2026-06-09,14:15,パン,食事,180
3243,1072,2026-06-09,14:16,コーヒー,飲料,160
3244,1079,2026-06-09,14:21,ジュース,飲料,140
3244,1079,2026-06-09,14:21,チョコレート,菓子,120
3245,1103,2026-06-09,14:25,クッキー,菓子,180
3245,1103,2026-06-09,14:25,コーヒー,飲料,160
3246,1117,2026-06-09,14:44,クッキー,菓子,180
3246,1117,2026-06-09,14:44,コーヒー,飲料,160
3247,1073,2026-06-09,14:45,コーヒー,飲料,160
3248,1077,2026-06-09,15:04,お茶,飲料,130
3249,1115,2026-06-09,15:14,コーヒー,飲料,160
3249,1115,2026-06-09,15:14,チョコレート,菓子,120
3250,1074,2026-06-09,15:16,コーヒー,飲料,160
3250,1074,2026-06-09,15:16,チョコレート,菓子,120
3251,1112,2026-06-09,15:21,クッキー,菓子,180
3251,1112,2026-06-09,15:21,コーヒー,飲料,160
3252,1092,2026-06-09,15:22,クッキー,菓子,180
3252,1092,2026-06-09,15:22,コーヒー,飲料,160
3253,1130,2026-06-09,15:33,お茶,飲料,130
3253,1130,2026-06-09,15:33,ノート,文具,200
3253,1130,2026-06-09,15:33,ボールペン,文具,120
3254,1109,2026-06-09,15:37,お茶,飲料,130
3255,1124,2026-06-09,15:37,クッキー,菓子,180
3255,1124,2026-06-09,15:37,コーヒー,飲料,160
3255,1124,2026-06-09,15:37,パン,食事,180
3256,1086,2026-06-09,15:38,クッキー,菓子,180
3256,1086,2026-06-09,15:38,コーヒー,飲料,160
3257,1099,2026-06-09,15:48,クッキー,菓子,180
3257,1099,2026-06-09,15:48,コーヒー,飲料,160
3258,1081,2026-06-09,15:54,クッキー,菓子,180
3258,1081,2026-06-09,15:54,コーヒー,飲料,160
3259,1078,2026-06-09,16:10,クッキー,菓子,180
3259,1078,2026-06-09,16:10,コーヒー,飲料,160
3260,1199,2026-06-09,16:26,お茶,飲料,130
3260,1199,2026-06-09,16:26,ジュース,飲料,140
3260,1199,2026-06-09,16:26,ボールペン,文具,120
3260,1199,2026-06-09,16:26,弁当,食事,500
3261,1102,2026-06-09,16:28,コーヒー,飲料,160
3261,1102,2026-06-09,16:28,パン,食事,180
3262,1125,2026-06-09,16:30,クッキー,菓子,180
3262,1125,2026-06-09,16:30,コーヒー,飲料,160
3263,1114,2026-06-09,16:36,クッキー,菓子,180
3263,1114,2026-06-09,16:36,コーヒー,飲料,160
3263,1114,2026-06-09,16:36,パン,食事,180
3264,1111,2026-06-09,16:42,クッキー,菓子,180
3264,1111,2026-06-09,16:42,コーヒー,飲料,160
3265,1091,2026-06-09,16:52,コーヒー,飲料,160
3266,1122,2026-06-09,16:57,クッキー,菓子,180
3266,1122,2026-06-09,16:57,コーヒー,飲料,160
3267,1106,2026-06-09,17:01,お茶,飲料,130
3268,1094,2026-06-09,17:03,クッキー,菓子,180
3268,1094,2026-06-09,17:03,コーヒー,飲料,160
3268,1094,2026-06-09,17:03,パン,食事,180
3269,1097,2026-06-09,17:09,クッキー,菓子,180
3269,1097,2026-06-09,17:09,コーヒー,飲料,160
3270,1071,2026-06-09,17:12,コーヒー,飲料,160
3271,1093,2026-06-09,17:16,クッキー,菓子,180
3271,1093,2026-06-09,17:16,コーヒー,飲料,160
3272,1082,2026-06-09,17:32,クッキー,菓子,180
3272,1082,2026-06-09,17:32,コーヒー,飲料,160
3273,1119,2026-06-09,17:33,クッキー,菓子,180
3273,1119,2026-06-09,17:33,コーヒー,飲料,160
3274,1083,2026-06-09,17:42,お茶,飲料,130
3275,1116,2026-06-09,17:58,コーヒー,飲料,160
3275,1116,2026-06-09,17:58,チョコレート,菓子,120
3276,1168,2026-06-09,18:38,おにぎり,食事,150
3276,1168,2026-06-09,18:38,カップ麺,食事,220
3276,1168,2026-06-09,18:38,ガム,菓子,110
3276,1168,2026-06-09,18:38,コーヒー,飲料,160
3276,1168,2026-06-09,18:38,ジュース,飲料,140
3276,1168,2026-06-09,18:38,チョコレート,菓子,120
3276,1168,2026-06-09,18:38,ルーズリーフ,文具,350
3277,1170,2026-06-10,10:03,おにぎり,食事,150
3277,1170,2026-06-10,10:03,お茶,飲料,130
3277,1170,2026-06-10,10:03,カップ麺,食事,220
3277,1170,2026-06-10,10:03,クッキー,菓子,180
3277,1170,2026-06-10,10:03,ジュース,飲料,140
3277,1170,2026-06-10,10:03,チョコレート,菓子,120
3277,1170,2026-06-10,10:03,パン,食事,180
3277,1170,2026-06-10,10:03,ルーズリーフ,文具,350
3277,1170,2026-06-10,10:03,弁当,食事,500
3277,1170,2026-06-10,10:03,消しゴム,文具,100
3278,1023,2026-06-10,11:12,おにぎり,食事,150
3278,1023,2026-06-10,11:12,お茶,飲料,130
3278,1023,2026-06-10,11:12,チョコレート,菓子,120
3279,1042,2026-06-10,11:13,お茶,飲料,130
3279,1042,2026-06-10,11:13,カップ麺,食事,220
3280,1055,2026-06-10,11:14,サンドイッチ,食事,320
3281,1016,2026-06-10,11:23,お茶,飲料,130
3281,1016,2026-06-10,11:23,弁当,食事,500
3282,1032,2026-06-10,11:36,ジュース,飲料,140
3282,1032,2026-06-10,11:36,弁当,食事,500
3283,1128,2026-06-10,11:37,ルーズリーフ,文具,350
3284,1063,2026-06-10,11:39,お茶,飲料,130
3284,1063,2026-06-10,11:39,弁当,食事,500
3285,1066,2026-06-10,11:40,弁当,食事,500
3286,1069,2026-06-10,11:40,おにぎり,食事,150
3286,1069,2026-06-10,11:40,お茶,飲料,130
3286,1069,2026-06-10,11:40,パン,食事,180
3287,1019,2026-06-10,11:59,お茶,飲料,130
3287,1019,2026-06-10,11:59,サンドイッチ,食事,320
3288,1174,2026-06-10,12:05,お茶,飲料,130
3288,1174,2026-06-10,12:05,ガム,菓子,110
3288,1174,2026-06-10,12:05,コーヒー,飲料,160
3288,1174,2026-06-10,12:05,サンドイッチ,食事,320
3288,1174,2026-06-10,12:05,ジュース,飲料,140
3288,1174,2026-06-10,12:05,パン,食事,180
3288,1174,2026-06-10,12:05,ルーズリーフ,文具,350
3288,1174,2026-06-10,12:05,消しゴム,文具,100
3289,1053,2026-06-10,12:10,おにぎり,食事,150
3289,1053,2026-06-10,12:10,お茶,飲料,130
3289,1053,2026-06-10,12:10,パン,食事,180
3290,1057,2026-06-10,12:12,おにぎり,食事,150
3290,1057,2026-06-10,12:12,お茶,飲料,130
3291,1058,2026-06-10,12:19,おにぎり,食事,150
3291,1058,2026-06-10,12:19,お茶,飲料,130
3292,1048,2026-06-10,12:22,ジュース,飲料,140
3292,1048,2026-06-10,12:22,弁当,食事,500
3293,1010,2026-06-10,12:33,お茶,飲料,130
3293,1010,2026-06-10,12:33,弁当,食事,500
3294,1196,2026-06-10,12:36,お茶,飲料,130
3294,1196,2026-06-10,12:36,クッキー,菓子,180
3294,1196,2026-06-10,12:36,コーヒー,飲料,160
3294,1196,2026-06-10,12:36,弁当,食事,500
3295,1024,2026-06-10,12:42,チョコレート,菓子,120
3295,1024,2026-06-10,12:42,弁当,食事,500
3296,1022,2026-06-10,12:44,おにぎり,食事,150
3296,1022,2026-06-10,12:44,お茶,飲料,130
3297,1018,2026-06-10,12:50,弁当,食事,500
3298,1004,2026-06-10,12:55,お茶,飲料,130
3298,1004,2026-06-10,12:55,サンドイッチ,食事,320
3299,1041,2026-06-10,12:55,おにぎり,食事,150
3299,1041,2026-06-10,12:55,お茶,飲料,130
3299,1041,2026-06-10,12:55,パン,食事,180
3300,1039,2026-06-10,12:57,お茶,飲料,130
3300,1039,2026-06-10,12:57,弁当,食事,500
3301,1197,2026-06-10,12:57,お茶,飲料,130
3301,1197,2026-06-10,12:57,クッキー,菓子,180
3301,1197,2026-06-10,12:57,コーヒー,飲料,160
3301,1197,2026-06-10,12:57,弁当,食事,500
3302,1148,2026-06-10,13:01,お茶,飲料,130
3302,1148,2026-06-10,13:01,ノート,文具,200
3302,1148,2026-06-10,13:01,消しゴム,文具,100
3303,1001,2026-06-10,13:06,お茶,飲料,130
3303,1001,2026-06-10,13:06,弁当,食事,500
3304,1030,2026-06-10,13:08,お茶,飲料,130
3304,1030,2026-06-10,13:08,弁当,食事,500
3305,1199,2026-06-10,13:10,お茶,飲料,130
3305,1199,2026-06-10,13:10,ノート,文具,200
3305,1199,2026-06-10,13:10,ボールペン,文具,120
3305,1199,2026-06-10,13:10,弁当,食事,500
3305,1199,2026-06-10,13:10,消しゴム,文具,100
3306,1025,2026-06-10,13:15,おにぎり,食事,150
3306,1025,2026-06-10,13:15,お茶,飲料,130
3307,1033,2026-06-10,13:19,お茶,飲料,130
3307,1033,2026-06-10,13:19,弁当,食事,500
3308,1067,2026-06-10,13:22,おにぎり,食事,150
3308,1067,2026-06-10,13:22,ジュース,飲料,140
3309,1049,2026-06-10,13:23,お茶,飲料,130
3309,1049,2026-06-10,13:23,カップ麺,食事,220
3310,1070,2026-06-10,13:44,お茶,飲料,130
3310,1070,2026-06-10,13:44,カップ麺,食事,220
3311,1056,2026-06-10,13:45,おにぎり,食事,150
3311,1056,2026-06-10,13:45,お茶,飲料,130
3311,1056,2026-06-10,13:45,パン,食事,180
3312,1021,2026-06-10,13:46,おにぎり,食事,150
3312,1021,2026-06-10,13:46,お茶,飲料,130
3313,1007,2026-06-10,13:53,サンドイッチ,食事,320
3314,1173,2026-06-10,13:55,お茶,飲料,130
3314,1173,2026-06-10,13:55,カップ麺,食事,220
3314,1173,2026-06-10,13:55,クッキー,菓子,180
3314,1173,2026-06-10,13:55,ジュース,飲料,140
3314,1173,2026-06-10,13:55,チョコレート,菓子,120
3314,1173,2026-06-10,13:55,ノート,文具,200
3314,1173,2026-06-10,13:55,ボールペン,文具,120
3314,1173,2026-06-10,13:55,弁当,食事,500
3314,1173,2026-06-10,13:55,消しゴム,文具,100
3315,1054,2026-06-10,13:57,おにぎり,食事,150
3315,1054,2026-06-10,13:57,お茶,飲料,130
3316,1052,2026-06-10,13:58,弁当,食事,500
3317,1106,2026-06-10,14:01,クッキー,菓子,180
3317,1106,2026-06-10,14:01,コーヒー,飲料,160
3318,1125,2026-06-10,14:02,コーヒー,飲料,160
3318,1125,2026-06-10,14:02,チョコレート,菓子,120
3319,1093,2026-06-10,14:05,ガム,菓子,110
3319,1093,2026-06-10,14:05,クッキー,菓子,180
3319,1093,2026-06-10,14:05,コーヒー,飲料,160
3319,1093,2026-06-10,14:05,パン,食事,180
3320,1074,2026-06-10,14:21,ジュース,飲料,140
3321,1191,2026-06-10,14:26,おにぎり,食事,150
3321,1191,2026-06-10,14:26,お茶,飲料,130
3321,1191,2026-06-10,14:26,カップ麺,食事,220
3321,1191,2026-06-10,14:26,ガム,菓子,110
3321,1191,2026-06-10,14:26,クッキー,菓子,180
3321,1191,2026-06-10,14:26,コーヒー,飲料,160
3321,1191,2026-06-10,14:26,パン,食事,180
3321,1191,2026-06-10,14:26,消しゴム,文具,100
3322,1088,2026-06-10,14:27,クッキー,菓子,180
3322,1088,2026-06-10,14:27,コーヒー,飲料,160
3323,1184,2026-06-10,14:30,おにぎり,食事,150
3323,1184,2026-06-10,14:30,クッキー,菓子,180
3323,1184,2026-06-10,14:30,ジュース,飲料,140
3323,1184,2026-06-10,14:30,パン,食事,180
3323,1184,2026-06-10,14:30,弁当,食事,500
3324,1108,2026-06-10,14:31,お茶,飲料,130
3324,1108,2026-06-10,14:31,パン,食事,180
3325,1073,2026-06-10,14:39,コーヒー,飲料,160
3326,1090,2026-06-10,14:40,クッキー,菓子,180
3326,1090,2026-06-10,14:40,コーヒー,飲料,160
3327,1113,2026-06-10,14:43,ジュース,飲料,140
3327,1113,2026-06-10,14:43,パン,食事,180
3328,1079,2026-06-10,14:52,お茶,飲料,130
3328,1079,2026-06-10,14:52,チョコレート,菓子,120
3329,1096,2026-06-10,14:52,コーヒー,飲料,160
3330,1123,2026-06-10,15:00,クッキー,菓子,180
3330,1123,2026-06-10,15:00,コーヒー,飲料,160
3331,1077,2026-06-10,15:08,クッキー,菓子,180
3331,1077,2026-06-10,15:08,コーヒー,飲料,160
3332,1089,2026-06-10,15:08,ジュース,飲料,140
3333,1087,2026-06-10,15:09,コーヒー,飲料,160
3334,1080,2026-06-10,15:12,ガム,菓子,110
3334,1080,2026-06-10,15:12,ジュース,飲料,140
3335,1118,2026-06-10,15:17,コーヒー,飲料,160
3336,1078,2026-06-10,15:29,クッキー,菓子,180
3336,1078,2026-06-10,15:29,コーヒー,飲料,160
3336,1078,2026-06-10,15:29,パン,食事,180
3337,1116,2026-06-10,15:30,クッキー,菓子,180
3337,1116,2026-06-10,15:30,コーヒー,飲料,160
3337,1116,2026-06-10,15:30,パン,食事,180
3338,1102,2026-06-10,15:38,コーヒー,飲料,160
3338,1102,2026-06-10,15:38,チョコレート,菓子,120
3339,1098,2026-06-10,15:50,クッキー,菓子,180
3339,1098,2026-06-10,15:50,コーヒー,飲料,160
3340,1101,2026-06-10,15:50,コーヒー,飲料,160
3340,1101,2026-06-10,15:50,パン,食事,180
3341,1111,2026-06-10,15:54,ガム,菓子,110
3341,1111,2026-06-10,15:54,クッキー,菓子,180
3341,1111,2026-06-10,15:54,コーヒー,飲料,160
3342,1115,2026-06-10,15:55,ガム,菓子,110
3342,1115,2026-06-10,15:55,コーヒー,飲料,160
3343,1124,2026-06-10,16:00,ガム,菓子,110
3343,1124,2026-06-10,16:00,クッキー,菓子,180
3343,1124,2026-06-10,16:00,コーヒー,飲料,160
3344,1094,2026-06-10,16:04,コーヒー,飲料,160
3344,1094,2026-06-10,16:04,チョコレート,菓子,120
3345,1092,2026-06-10,16:10,クッキー,菓子,180
3345,1092,2026-06-10,16:10,コーヒー,飲料,160
3346,1071,2026-06-10,16:11,コーヒー,飲料,160
3347,1097,2026-06-10,16:11,ジュース,飲料,140
3348,1122,2026-06-10,16:11,コーヒー,飲料,160
3349,1138,2026-06-10,16:14,ノート,文具,200
3349,1138,2026-06-10,16:14,ボールペン,文具,120
3350,1180,2026-06-10,16:20,おにぎり,食事,150
3350,1180,2026-06-10,16:20,カップ麺,食事,220
3350,1180,2026-06-10,16:20,ガム,菓子,110
3350,1180,2026-06-10,16:20,コーヒー,飲料,160
3350,1180,2026-06-10,16:20,ジュース,飲料,140
3350,1180,2026-06-10,16:20,チョコレート,菓子,120
3350,1180,2026-06-10,16:20,パン,食事,180
3350,1180,2026-06-10,16:20,消しゴム,文具,100
3351,1091,2026-06-10,16:21,お茶,飲料,130
3352,1112,2026-06-10,16:25,クッキー,菓子,180
3352,1112,2026-06-10,16:25,コーヒー,飲料,160
3353,1121,2026-06-10,16:39,コーヒー,飲料,160
3353,1121,2026-06-10,16:39,チョコレート,菓子,120
3354,1114,2026-06-10,16:54,クッキー,菓子,180
3354,1114,2026-06-10,16:54,コーヒー,飲料,160
3355,1119,2026-06-10,17:23,ジュース,飲料,140
3356,1082,2026-06-10,17:24,クッキー,菓子,180
3356,1082,2026-06-10,17:24,コーヒー,飲料,160
3357,1081,2026-06-10,17:25,コーヒー,飲料,160
3358,1105,2026-06-10,17:30,コーヒー,飲料,160
3358,1105,2026-06-10,17:30,パン,食事,180
3359,1072,2026-06-10,17:51,コーヒー,飲料,160
3360,1135,2026-06-11,10:40,ノート,文具,200
3361,1052,2026-06-11,11:00,サンドイッチ,食事,320
3362,1069,2026-06-11,11:03,おにぎり,食事,150
3362,1069,2026-06-11,11:03,お茶,飲料,130
3363,1003,2026-06-11,11:05,お茶,飲料,130
3363,1003,2026-06-11,11:05,弁当,食事,500
3364,1014,2026-06-11,11:06,おにぎり,食事,150
3364,1014,2026-06-11,11:06,パン,食事,180
3365,1032,2026-06-11,11:06,お茶,飲料,130
3365,1032,2026-06-11,11:06,弁当,食事,500
3366,1062,2026-06-11,11:06,おにぎり,食事,150
3366,1062,2026-06-11,11:06,お茶,飲料,130
3367,1033,2026-06-11,11:08,おにぎり,食事,150
3367,1033,2026-06-11,11:08,お茶,飲料,130
3368,1055,2026-06-11,11:12,おにぎり,食事,150
3368,1055,2026-06-11,11:12,お茶,飲料,130
3368,1055,2026-06-11,11:12,パン,食事,180
3369,1030,2026-06-11,11:16,おにぎり,食事,150
3369,1030,2026-06-11,11:16,お茶,飲料,130
3369,1030,2026-06-11,11:16,チョコレート,菓子,120
3370,1009,2026-06-11,11:28,おにぎり,食事,150
3370,1009,2026-06-11,11:28,ジュース,飲料,140
3371,1054,2026-06-11,11:41,おにぎり,食事,150
3371,1054,2026-06-11,11:41,お茶,飲料,130
3371,1054,2026-06-11,11:41,パン,食事,180
3372,1045,2026-06-11,11:46,おにぎり,食事,150
3372,1045,2026-06-11,11:46,お茶,飲料,130
3372,1045,2026-06-11,11:46,パン,食事,180
3373,1020,2026-06-11,11:56,お茶,飲料,130
3373,1020,2026-06-11,11:56,弁当,食事,500
3374,1035,2026-06-11,12:10,お茶,飲料,130
3374,1035,2026-06-11,12:10,カップ麺,食事,220
3375,1061,2026-06-11,12:11,チョコレート,菓子,120
3375,1061,2026-06-11,12:11,弁当,食事,500
3376,1034,2026-06-11,12:13,ジュース,飲料,140
3376,1034,2026-06-11,12:13,弁当,食事,500
3377,1005,2026-06-11,12:15,弁当,食事,500
3378,1066,2026-06-11,12:22,弁当,食事,500
3379,1053,2026-06-11,12:24,ジュース,飲料,140
3379,1053,2026-06-11,12:24,弁当,食事,500
3380,1010,2026-06-11,12:25,おにぎり,食事,150
3380,1010,2026-06-11,12:25,お茶,飲料,130
3380,1010,2026-06-11,12:25,パン,食事,180
3381,1029,2026-06-11,12:31,カップ麺,食事,220
3381,1029,2026-06-11,12:31,ジュース,飲料,140
3382,1031,2026-06-11,12:44,弁当,食事,500
3383,1186,2026-06-11,12:47,お茶,飲料,130
3383,1186,2026-06-11,12:47,カップ麺,食事,220
3383,1186,2026-06-11,12:47,ジュース,飲料,140
3383,1186,2026-06-11,12:47,チョコレート,菓子,120
3383,1186,2026-06-11,12:47,パン,食事,180
3383,1186,2026-06-11,12:47,弁当,食事,500
3384,1044,2026-06-11,12:54,サンドイッチ,食事,320
3385,1063,2026-06-11,12:56,お茶,飲料,130
3385,1063,2026-06-11,12:56,弁当,食事,500
3386,1028,2026-06-11,12:58,お茶,飲料,130
3386,1028,2026-06-11,12:58,弁当,食事,500
3387,1060,2026-06-11,12:58,弁当,食事,500
3388,1012,2026-06-11,13:01,お茶,飲料,130
3388,1012,2026-06-11,13:01,弁当,食事,500
3389,1006,2026-06-11,13:04,お茶,飲料,130
3389,1006,2026-06-11,13:04,サンドイッチ,食事,320
3390,1038,2026-06-11,13:08,お茶,飲料,130
3390,1038,2026-06-11,13:08,カップ麺,食事,220
3391,1023,2026-06-11,13:16,お茶,飲料,130
3391,1023,2026-06-11,13:16,弁当,食事,500
3392,1037,2026-06-11,13:21,おにぎり,食事,150
3392,1037,2026-06-11,13:21,お茶,飲料,130
3393,1002,2026-06-11,13:32,おにぎり,食事,150
3393,1002,2026-06-11,13:32,お茶,飲料,130
3393,1002,2026-06-11,13:32,チョコレート,菓子,120
3394,1015,2026-06-11,13:35,おにぎり,食事,150
3394,1015,2026-06-11,13:35,お茶,飲料,130
3395,1008,2026-06-11,13:38,ジュース,飲料,140
3395,1008,2026-06-11,13:38,弁当,食事,500
3396,1048,2026-06-11,13:40,弁当,食事,500
3397,1139,2026-06-11,13:40,ルーズリーフ,文具,350
3398,1196,2026-06-11,13:53,お茶,飲料,130
3398,1196,2026-06-11,13:53,カップ麺,食事,220
3398,1196,2026-06-11,13:53,コーヒー,飲料,160
3398,1196,2026-06-11,13:53,チョコレート,菓子,120
3399,1047,2026-06-11,13:57,弁当,食事,500
3400,1116,2026-06-11,14:02,クッキー,菓子,180
3400,1116,2026-06-11,14:02,コーヒー,飲料,160
3401,1076,2026-06-11,14:05,コーヒー,飲料,160
3402,1088,2026-06-11,14:06,ガム,菓子,110
3402,1088,2026-06-11,14:06,コーヒー,飲料,160
3402,1088,2026-06-11,14:06,チョコレート,菓子,120
3403,1087,2026-06-11,14:13,コーヒー,飲料,160
3404,1102,2026-06-11,14:18,クッキー,菓子,180
3404,1102,2026-06-11,14:18,コーヒー,飲料,160
3405,1091,2026-06-11,14:19,お茶,飲料,130
3406,1119,2026-06-11,14:37,お茶,飲料,130
3406,1119,2026-06-11,14:37,チョコレート,菓子,120
3407,1112,2026-06-11,14:43,コーヒー,飲料,160
3407,1112,2026-06-11,14:43,チョコレート,菓子,120
3408,1124,2026-06-11,14:43,クッキー,菓子,180
3408,1124,2026-06-11,14:43,コーヒー,飲料,160
3409,1072,2026-06-11,14:49,お茶,飲料,130
3410,1104,2026-06-11,14:58,クッキー,菓子,180
3410,1104,2026-06-11,14:58,コーヒー,飲料,160
3411,1133,2026-06-11,15:01,ルーズリーフ,文具,350
3412,1111,2026-06-11,15:04,コーヒー,飲料,160
3413,1075,2026-06-11,15:12,ガム,菓子,110
3413,1075,2026-06-11,15:12,コーヒー,飲料,160
3414,1084,2026-06-11,15:13,コーヒー,飲料,160
3415,1110,2026-06-11,15:17,クッキー,菓子,180
3415,1110,2026-06-11,15:17,コーヒー,飲料,160
3416,1198,2026-06-11,15:23,お茶,飲料,130
3416,1198,2026-06-11,15:23,ノート,文具,200
3416,1198,2026-06-11,15:23,弁当,食事,500
3417,1078,2026-06-11,15:31,コーヒー,飲料,160
3418,1154,2026-06-11,15:39,お茶,飲料,130
3418,1154,2026-06-11,15:39,ノート,文具,200
3419,1073,2026-06-11,15:45,コーヒー,飲料,160
3420,1079,2026-06-11,15:47,コーヒー,飲料,160
3421,1113,2026-06-11,15:49,クッキー,菓子,180
3421,1113,2026-06-11,15:49,コーヒー,飲料,160
3422,1106,2026-06-11,15:51,クッキー,菓子,180
3422,1106,2026-06-11,15:51,コーヒー,飲料,160
3423,1090,2026-06-11,15:56,クッキー,菓子,180
3423,1090,2026-06-11,15:56,コーヒー,飲料,160
3424,1125,2026-06-11,15:58,クッキー,菓子,180
3424,1125,2026-06-11,15:58,コーヒー,飲料,160
3425,1103,2026-06-11,16:01,ジュース,飲料,140
3426,1099,2026-06-11,16:29,クッキー,菓子,180
3426,1099,2026-06-11,16:29,コーヒー,飲料,160
3426,1099,2026-06-11,16:29,パン,食事,180
3427,1101,2026-06-11,16:38,コーヒー,飲料,160
3428,1121,2026-06-11,16:42,コーヒー,飲料,160
3428,1121,2026-06-11,16:42,チョコレート,菓子,120
3429,1089,2026-06-11,16:44,ガム,菓子,110
3429,1089,2026-06-11,16:44,クッキー,菓子,180
3429,1089,2026-06-11,16:44,コーヒー,飲料,160
3430,1077,2026-06-11,16:52,お茶,飲料,130
3431,1080,2026-06-11,17:06,コーヒー,飲料,160
3432,1092,2026-06-11,17:06,コーヒー,飲料,160
3432,1092,2026-06-11,17:06,チョコレート,菓子,120
3433,1097,2026-06-11,17:10,コーヒー,飲料,160
3433,1097,2026-06-11,17:10,チョコレート,菓子,120
3434,1095,2026-06-11,17:11,クッキー,菓子,180
3434,1095,2026-06-11,17:11,コーヒー,飲料,160
3434,1095,2026-06-11,17:11,パン,食事,180
3435,1093,2026-06-11,17:23,クッキー,菓子,180
3435,1093,2026-06-11,17:23,コーヒー,飲料,160
3436,1081,2026-06-11,17:25,クッキー,菓子,180
3436,1081,2026-06-11,17:25,コーヒー,飲料,160
3437,1094,2026-06-11,17:36,ガム,菓子,110
3437,1094,2026-06-11,17:36,コーヒー,飲料,160
3438,1086,2026-06-11,17:40,クッキー,菓子,180
3438,1086,2026-06-11,17:40,コーヒー,飲料,160
3439,1098,2026-06-11,17:45,ガム,菓子,110
3439,1098,2026-06-11,17:45,クッキー,菓子,180
3439,1098,2026-06-11,17:45,コーヒー,飲料,160
3440,1083,2026-06-11,17:51,コーヒー,飲料,160
3441,1085,2026-06-11,17:56,お茶,飲料,130
3442,1183,2026-06-11,17:58,カップ麺,食事,220
3442,1183,2026-06-11,17:58,ガム,菓子,110
3442,1183,2026-06-11,17:58,クッキー,菓子,180
3442,1183,2026-06-11,17:58,コーヒー,飲料,160
3442,1183,2026-06-11,17:58,サンドイッチ,食事,320
3442,1183,2026-06-11,17:58,ジュース,飲料,140
3442,1183,2026-06-11,17:58,ルーズリーフ,文具,350
3443,1105,2026-06-11,17:59,クッキー,菓子,180
3443,1105,2026-06-11,17:59,コーヒー,飲料,160
3444,1146,2026-06-12,10:11,お茶,飲料,130
3444,1146,2026-06-12,10:11,消しゴム,文具,100
3445,1143,2026-06-12,10:55,お茶,飲料,130
3445,1143,2026-06-12,10:55,ルーズリーフ,文具,350
3446,1017,2026-06-12,11:01,弁当,食事,500
3447,1013,2026-06-12,11:03,弁当,食事,500
3448,1197,2026-06-12,11:15,お茶,飲料,130
3448,1197,2026-06-12,11:15,クッキー,菓子,180
3448,1197,2026-06-12,11:15,コーヒー,飲料,160
3448,1197,2026-06-12,11:15,弁当,食事,500
3449,1016,2026-06-12,11:19,ジュース,飲料,140
3449,1016,2026-06-12,11:19,弁当,食事,500
3450,1058,2026-06-12,11:21,お茶,飲料,130
3450,1058,2026-06-12,11:21,カップ麺,食事,220
3451,1037,2026-06-12,11:26,お茶,飲料,130
3451,1037,2026-06-12,11:26,弁当,食事,500
3452,1056,2026-06-12,11:28,お茶,飲料,130
3452,1056,2026-06-12,11:28,弁当,食事,500
3453,1019,2026-06-12,11:38,お茶,飲料,130
3453,1019,2026-06-12,11:38,弁当,食事,500
3454,1004,2026-06-12,11:44,弁当,食事,500
3455,1006,2026-06-12,11:53,カップ麺,食事,220
3455,1006,2026-06-12,11:53,ジュース,飲料,140
3456,1060,2026-06-12,11:58,お茶,飲料,130
3456,1060,2026-06-12,11:58,カップ麺,食事,220
3457,1070,2026-06-12,12:03,チョコレート,菓子,120
3457,1070,2026-06-12,12:03,弁当,食事,500
3458,1029,2026-06-12,12:06,お茶,飲料,130
3458,1029,2026-06-12,12:06,弁当,食事,500
3459,1048,2026-06-12,12:06,お茶,飲料,130
3459,1048,2026-06-12,12:06,チョコレート,菓子,120
3459,1048,2026-06-12,12:06,弁当,食事,500
3460,1021,2026-06-12,12:07,ジュース,飲料,140
3460,1021,2026-06-12,12:07,弁当,食事,500
3461,1012,2026-06-12,12:08,おにぎり,食事,150
3461,1012,2026-06-12,12:08,お茶,飲料,130
3462,1050,2026-06-12,12:24,おにぎり,食事,150
3462,1050,2026-06-12,12:24,お茶,飲料,130
3463,1047,2026-06-12,12:25,弁当,食事,500
3464,1166,2026-06-12,12:26,お茶,飲料,130
3464,1166,2026-06-12,12:26,カップ麺,食事,220
3464,1166,2026-06-12,12:26,クッキー,菓子,180
3464,1166,2026-06-12,12:26,コーヒー,飲料,160
3464,1166,2026-06-12,12:26,ジュース,飲料,140
3464,1166,2026-06-12,12:26,パン,食事,180
3464,1166,2026-06-12,12:26,弁当,食事,500
3464,1166,2026-06-12,12:26,消しゴム,文具,100
3465,1018,2026-06-12,12:29,お茶,飲料,130
3465,1018,2026-06-12,12:29,弁当,食事,500
3466,1032,2026-06-12,12:47,おにぎり,食事,150
3467,1005,2026-06-12,12:48,おにぎり,食事,150
3467,1005,2026-06-12,12:48,お茶,飲料,130
3467,1005,2026-06-12,12:48,パン,食事,180
3468,1191,2026-06-12,12:49,お茶,飲料,130
3468,1191,2026-06-12,12:49,カップ麺,食事,220
3468,1191,2026-06-12,12:49,クッキー,菓子,180
3468,1191,2026-06-12,12:49,サンドイッチ,食事,320
3468,1191,2026-06-12,12:49,ボールペン,文具,120
3468,1191,2026-06-12,12:49,弁当,食事,500
3469,1068,2026-06-12,12:52,カップ麺,食事,220
3470,1010,2026-06-12,12:53,弁当,食事,500
3471,1052,2026-06-12,13:00,お茶,飲料,130
3471,1052,2026-06-12,13:00,弁当,食事,500
3472,1022,2026-06-12,13:06,サンドイッチ,食事,320
3473,1007,2026-06-12,13:13,おにぎり,食事,150
3473,1007,2026-06-12,13:13,お茶,飲料,130
3473,1007,2026-06-12,13:13,パン,食事,180
3474,1062,2026-06-12,13:21,お茶,飲料,130
3474,1062,2026-06-12,13:21,カップ麺,食事,220
3475,1027,2026-06-12,13:25,おにぎり,食事,150
3475,1027,2026-06-12,13:25,お茶,飲料,130
3476,1053,2026-06-12,13:25,おにぎり,食事,150
3476,1053,2026-06-12,13:25,お茶,飲料,130
3476,1053,2026-06-12,13:25,パン,食事,180
3477,1030,2026-06-12,13:28,お茶,飲料,130
3477,1030,2026-06-12,13:28,弁当,食事,500
3478,1170,2026-06-12,13:50,おにぎり,食事,150
3478,1170,2026-06-12,13:50,お茶,飲料,130
3478,1170,2026-06-12,13:50,カップ麺,食事,220
3478,1170,2026-06-12,13:50,クッキー,菓子,180
3478,1170,2026-06-12,13:50,チョコレート,菓子,120
3478,1170,2026-06-12,13:50,ノート,文具,200
3478,1170,2026-06-12,13:50,パン,食事,180
3478,1170,2026-06-12,13:50,弁当,食事,500
3479,1008,2026-06-12,13:51,お茶,飲料,130
3479,1008,2026-06-12,13:51,弁当,食事,500
3480,1001,2026-06-12,13:56,おにぎり,食事,150
3480,1001,2026-06-12,13:56,お茶,飲料,130
3480,1001,2026-06-12,13:56,パン,食事,180
3481,1028,2026-06-12,13:58,ジュース,飲料,140
3481,1028,2026-06-12,13:58,弁当,食事,500
3482,1107,2026-06-12,14:00,コーヒー,飲料,160
3483,1096,2026-06-12,14:22,クッキー,菓子,180
3483,1096,2026-06-12,14:22,コーヒー,飲料,160
3484,1125,2026-06-12,14:28,コーヒー,飲料,160
3485,1091,2026-06-12,14:29,コーヒー,飲料,160
3485,1091,2026-06-12,14:29,チョコレート,菓子,120
3486,1113,2026-06-12,14:31,クッキー,菓子,180
3486,1113,2026-06-12,14:31,コーヒー,飲料,160
3487,1083,2026-06-12,14:38,ガム,菓子,110
3487,1083,2026-06-12,14:38,コーヒー,飲料,160
3488,1082,2026-06-12,14:44,クッキー,菓子,180
3488,1082,2026-06-12,14:44,コーヒー,飲料,160
3489,1074,2026-06-12,14:46,コーヒー,飲料,160
3490,1087,2026-06-12,14:48,クッキー,菓子,180
3490,1087,2026-06-12,14:48,コーヒー,飲料,160
3491,1088,2026-06-12,14:51,クッキー,菓子,180
3491,1088,2026-06-12,14:51,コーヒー,飲料,160
3492,1193,2026-06-12,14:52,おにぎり,食事,150
3492,1193,2026-06-12,14:52,お茶,飲料,130
3492,1193,2026-06-12,14:52,カップ麺,食事,220
3492,1193,2026-06-12,14:52,コーヒー,飲料,160
3492,1193,2026-06-12,14:52,パン,食事,180
3492,1193,2026-06-12,14:52,弁当,食事,500
3493,1090,2026-06-12,15:05,ガム,菓子,110
3493,1090,2026-06-12,15:05,コーヒー,飲料,160
3493,1090,2026-06-12,15:05,チョコレート,菓子,120
3494,1103,2026-06-12,15:07,ガム,菓子,110
3494,1103,2026-06-12,15:07,コーヒー,飲料,160
3495,1075,2026-06-12,15:09,クッキー,菓子,180
3495,1075,2026-06-12,15:09,コーヒー,飲料,160
3496,1108,2026-06-12,15:11,クッキー,菓子,180
3496,1108,2026-06-12,15:11,コーヒー,飲料,160
3496,1108,2026-06-12,15:11,パン,食事,180
3497,1119,2026-06-12,15:12,クッキー,菓子,180
3497,1119,2026-06-12,15:12,コーヒー,飲料,160
3498,1100,2026-06-12,15:33,クッキー,菓子,180
3498,1100,2026-06-12,15:33,コーヒー,飲料,160
3499,1117,2026-06-12,15:39,クッキー,菓子,180
3499,1117,2026-06-12,15:39,コーヒー,飲料,160
3499,1117,2026-06-12,15:39,パン,食事,180
3500,1105,2026-06-12,15:47,コーヒー,飲料,160
3500,1105,2026-06-12,15:47,チョコレート,菓子,120
3501,1112,2026-06-12,15:49,クッキー,菓子,180
3501,1112,2026-06-12,15:49,コーヒー,飲料,160
3502,1076,2026-06-12,15:50,コーヒー,飲料,160
3503,1188,2026-06-12,15:50,おにぎり,食事,150
3503,1188,2026-06-12,15:50,お茶,飲料,130
3503,1188,2026-06-12,15:50,クッキー,菓子,180
3503,1188,2026-06-12,15:50,コーヒー,飲料,160
3503,1188,2026-06-12,15:50,サンドイッチ,食事,320
3503,1188,2026-06-12,15:50,ルーズリーフ,文具,350
3503,1188,2026-06-12,15:50,弁当,食事,500
3504,1199,2026-06-12,15:52,おにぎり,食事,150
3504,1199,2026-06-12,15:52,ノート,文具,200
3504,1199,2026-06-12,15:52,消しゴム,文具,100
3505,1121,2026-06-12,15:54,ガム,菓子,110
3505,1121,2026-06-12,15:54,クッキー,菓子,180
3505,1121,2026-06-12,15:54,コーヒー,飲料,160
3505,1121,2026-06-12,15:54,パン,食事,180
3506,1172,2026-06-12,15:59,おにぎり,食事,150
3506,1172,2026-06-12,15:59,お茶,飲料,130
3506,1172,2026-06-12,15:59,カップ麺,食事,220
3506,1172,2026-06-12,15:59,コーヒー,飲料,160
3506,1172,2026-06-12,15:59,ジュース,飲料,140
3506,1172,2026-06-12,15:59,チョコレート,菓子,120
3506,1172,2026-06-12,15:59,ノート,文具,200
3506,1172,2026-06-12,15:59,パン,食事,180
3506,1172,2026-06-12,15:59,弁当,食事,500
3507,1079,2026-06-12,16:04,クッキー,菓子,180
3507,1079,2026-06-12,16:04,コーヒー,飲料,160
3508,1086,2026-06-12,16:04,コーヒー,飲料,160
3508,1086,2026-06-12,16:04,チョコレート,菓子,120
3509,1097,2026-06-12,16:13,クッキー,菓子,180
3509,1097,2026-06-12,16:13,コーヒー,飲料,160
3510,1085,2026-06-12,16:15,クッキー,菓子,180
3510,1085,2026-06-12,16:15,コーヒー,飲料,160
3510,1085,2026-06-12,16:15,パン,食事,180
3511,1098,2026-06-12,16:18,クッキー,菓子,180
3511,1098,2026-06-12,16:18,コーヒー,飲料,160
3512,1116,2026-06-12,16:27,クッキー,菓子,180
3512,1116,2026-06-12,16:27,コーヒー,飲料,160
3513,1115,2026-06-12,16:30,ガム,菓子,110
3513,1115,2026-06-12,16:30,クッキー,菓子,180
3513,1115,2026-06-12,16:30,コーヒー,飲料,160
3513,1115,2026-06-12,16:30,パン,食事,180
3514,1099,2026-06-12,16:42,コーヒー,飲料,160
3515,1080,2026-06-12,16:45,お茶,飲料,130
3516,1093,2026-06-12,16:49,コーヒー,飲料,160
3516,1093,2026-06-12,16:49,チョコレート,菓子,120
3517,1073,2026-06-12,16:52,クッキー,菓子,180
3517,1073,2026-06-12,16:52,コーヒー,飲料,160
3518,1120,2026-06-12,17:10,クッキー,菓子,180
3518,1120,2026-06-12,17:10,コーヒー,飲料,160
3519,1077,2026-06-12,17:21,クッキー,菓子,180
3519,1077,2026-06-12,17:21,コーヒー,飲料,160
3520,1089,2026-06-12,17:21,お茶,飲料,130
3521,1122,2026-06-12,17:23,クッキー,菓子,180
3521,1122,2026-06-12,17:23,コーヒー,飲料,160
3521,1122,2026-06-12,17:23,パン,食事,180
3522,1123,2026-06-12,17:33,クッキー,菓子,180
3522,1123,2026-06-12,17:33,コーヒー,飲料,160
3523,1092,2026-06-12,17:36,ガム,菓子,110
3523,1092,2026-06-12,17:36,クッキー,菓子,180
3523,1092,2026-06-12,17:36,コーヒー,飲料,160
3524,1071,2026-06-12,17:39,ガム,菓子,110
3524,1071,2026-06-12,17:39,クッキー,菓子,180
3524,1071,2026-06-12,17:39,コーヒー,飲料,160
3525,1081,2026-06-12,17:57,クッキー,菓子,180
3525,1081,2026-06-12,17:57,コーヒー,飲料,160
3526,1070,2026-06-15,11:00,おにぎり,食事,150
3526,1070,2026-06-15,11:00,お茶,飲料,130
3526,1070,2026-06-15,11:00,パン,食事,180
3527,1020,2026-06-15,11:05,ジュース,飲料,140
3527,1020,2026-06-15,11:05,弁当,食事,500
3528,1003,2026-06-15,11:07,弁当,食事,500
3529,1017,2026-06-15,11:07,お茶,飲料,130
3529,1017,2026-06-15,11:07,チョコレート,菓子,120
3529,1017,2026-06-15,11:07,弁当,食事,500
3530,1018,2026-06-15,11:07,お茶,飲料,130
3530,1018,2026-06-15,11:07,チョコレート,菓子,120
3530,1018,2026-06-15,11:07,弁当,食事,500
3531,1056,2026-06-15,11:12,おにぎり,食事,150
3531,1056,2026-06-15,11:12,ジュース,飲料,140
3532,1138,2026-06-15,11:12,ノート,文具,200
3532,1138,2026-06-15,11:12,ルーズリーフ,文具,350
3532,1138,2026-06-15,11:12,消しゴム,文具,100
3533,1061,2026-06-15,11:18,お茶,飲料,130
3533,1061,2026-06-15,11:18,弁当,食事,500
3534,1131,2026-06-15,11:19,消しゴム,文具,100
3535,1011,2026-06-15,11:28,おにぎり,食事,150
3535,1011,2026-06-15,11:28,お茶,飲料,130
3535,1011,2026-06-15,11:28,パン,食事,180
3536,1197,2026-06-15,11:28,おにぎり,食事,150
3536,1197,2026-06-15,11:28,お茶,飲料,130
3536,1197,2026-06-15,11:28,クッキー,菓子,180
3536,1197,2026-06-15,11:28,コーヒー,飲料,160
3537,1060,2026-06-15,11:34,弁当,食事,500
3538,1021,2026-06-15,11:36,お茶,飲料,130
3538,1021,2026-06-15,11:36,カップ麺,食事,220
3539,1008,2026-06-15,11:42,お茶,飲料,130
3539,1008,2026-06-15,11:42,弁当,食事,500
3540,1005,2026-06-15,11:45,おにぎり,食事,150
3540,1005,2026-06-15,11:45,お茶,飲料,130
3541,1063,2026-06-15,11:45,お茶,飲料,130
3541,1063,2026-06-15,11:45,弁当,食事,500
3542,1015,2026-06-15,11:55,弁当,食事,500
3543,1045,2026-06-15,11:56,お茶,飲料,130
3543,1045,2026-06-15,11:56,カップ麺,食事,220
3544,1010,2026-06-15,11:58,おにぎり,食事,150
3544,1010,2026-06-15,11:58,パン,食事,180
3545,1038,2026-06-15,12:14,おにぎり,食事,150
3545,1038,2026-06-15,12:14,お茶,飲料,130
3546,1001,2026-06-15,12:15,おにぎり,食事,150
3547,1024,2026-06-15,12:34,お茶,飲料,130
3547,1024,2026-06-15,12:34,弁当,食事,500
3548,1032,2026-06-15,12:35,弁当,食事,500
3549,1050,2026-06-15,12:35,お茶,飲料,130
3549,1050,2026-06-15,12:35,カップ麺,食事,220
3549,1050,2026-06-15,12:35,チョコレート,菓子,120
3550,1006,2026-06-15,12:41,おにぎり,食事,150
3550,1006,2026-06-15,12:41,お茶,飲料,130
3550,1006,2026-06-15,12:41,パン,食事,180
3551,1033,2026-06-15,12:45,おにぎり,食事,150
3551,1033,2026-06-15,12:45,お茶,飲料,130
3551,1033,2026-06-15,12:45,パン,食事,180
3552,1049,2026-06-15,12:47,弁当,食事,500
3553,1039,2026-06-15,12:49,おにぎり,食事,150
3553,1039,2026-06-15,12:49,お茶,飲料,130
3553,1039,2026-06-15,12:49,チョコレート,菓子,120
3553,1039,2026-06-15,12:49,パン,食事,180
3554,1058,2026-06-15,12:49,お茶,飲料,130
3554,1058,2026-06-15,12:49,チョコレート,菓子,120
3554,1058,2026-06-15,12:49,弁当,食事,500
3555,1034,2026-06-15,12:51,おにぎり,食事,150
3555,1034,2026-06-15,12:51,お茶,飲料,130
3555,1034,2026-06-15,12:51,パン,食事,180
3556,1041,2026-06-15,12:51,お茶,飲料,130
3556,1041,2026-06-15,12:51,チョコレート,菓子,120
3556,1041,2026-06-15,12:51,弁当,食事,500
3557,1027,2026-06-15,12:54,弁当,食事,500
3558,1059,2026-06-15,12:56,お茶,飲料,130
3558,1059,2026-06-15,12:56,サンドイッチ,食事,320
3559,1029,2026-06-15,13:01,お茶,飲料,130
3559,1029,2026-06-15,13:01,カップ麺,食事,220
3560,1014,2026-06-15,13:06,おにぎり,食事,150
3560,1014,2026-06-15,13:06,パン,食事,180
3561,1062,2026-06-15,13:06,おにぎり,食事,150
3561,1062,2026-06-15,13:06,お茶,飲料,130
3561,1062,2026-06-15,13:06,パン,食事,180
3562,1185,2026-06-15,13:06,お茶,飲料,130
3562,1185,2026-06-15,13:06,クッキー,菓子,180
3562,1185,2026-06-15,13:06,コーヒー,飲料,160
3562,1185,2026-06-15,13:06,ジュース,飲料,140
3562,1185,2026-06-15,13:06,弁当,食事,500
3563,1025,2026-06-15,13:09,おにぎり,食事,150
3563,1025,2026-06-15,13:09,お茶,飲料,130
3564,1053,2026-06-15,13:24,弁当,食事,500
3565,1043,2026-06-15,13:30,おにぎり,食事,150
3566,1009,2026-06-15,13:41,おにぎり,食事,150
3566,1009,2026-06-15,13:41,パン,食事,180
3567,1068,2026-06-15,13:41,弁当,食事,500
3568,1044,2026-06-15,13:43,カップ麺,食事,220
3569,1156,2026-06-15,13:52,ルーズリーフ,文具,350
3570,1080,2026-06-15,14:10,ジュース,飲料,140
3571,1072,2026-06-15,14:11,クッキー,菓子,180
3571,1072,2026-06-15,14:11,コーヒー,飲料,160
3572,1108,2026-06-15,14:15,コーヒー,飲料,160
3572,1108,2026-06-15,14:15,チョコレート,菓子,120
3573,1119,2026-06-15,14:18,コーヒー,飲料,160
3574,1120,2026-06-15,14:19,コーヒー,飲料,160
3575,1074,2026-06-15,14:20,クッキー,菓子,180
3575,1074,2026-06-15,14:20,コーヒー,飲料,160
3576,1130,2026-06-15,14:25,お茶,飲料,130
3576,1130,2026-06-15,14:25,ルーズリーフ,文具,350
3577,1124,2026-06-15,14:27,クッキー,菓子,180
3577,1124,2026-06-15,14:27,コーヒー,飲料,160
3578,1101,2026-06-15,14:28,コーヒー,飲料,160
3578,1101,2026-06-15,14:28,チョコレート,菓子,120
3579,1125,2026-06-15,14:29,コーヒー,飲料,160
3580,1195,2026-06-15,14:48,おにぎり,食事,150
3580,1195,2026-06-15,14:48,ガム,菓子,110
3580,1195,2026-06-15,14:48,コーヒー,飲料,160
3580,1195,2026-06-15,14:48,サンドイッチ,食事,320
3580,1195,2026-06-15,14:48,チョコレート,菓子,120
3580,1195,2026-06-15,14:48,ノート,文具,200
3580,1195,2026-06-15,14:48,ボールペン,文具,120
3580,1195,2026-06-15,14:48,弁当,食事,500
3581,1122,2026-06-15,15:08,ジュース,飲料,140
3582,1091,2026-06-15,15:09,クッキー,菓子,180
3582,1091,2026-06-15,15:09,コーヒー,飲料,160
3583,1094,2026-06-15,15:17,コーヒー,飲料,160
3584,1103,2026-06-15,15:19,クッキー,菓子,180
3584,1103,2026-06-15,15:19,コーヒー,飲料,160
3584,1103,2026-06-15,15:19,パン,食事,180
3585,1123,2026-06-15,15:22,クッキー,菓子,180
3585,1123,2026-06-15,15:22,コーヒー,飲料,160
3586,1083,2026-06-15,15:23,コーヒー,飲料,160
3586,1083,2026-06-15,15:23,チョコレート,菓子,120
3587,1096,2026-06-15,15:29,お茶,飲料,130
3587,1096,2026-06-15,15:29,チョコレート,菓子,120
3588,1142,2026-06-15,15:34,ルーズリーフ,文具,350
3589,1105,2026-06-15,15:39,クッキー,菓子,180
3589,1105,2026-06-15,15:39,コーヒー,飲料,160
3590,1088,2026-06-15,15:44,コーヒー,飲料,160
3590,1088,2026-06-15,15:44,チョコレート,菓子,120
3591,1082,2026-06-15,15:45,ガム,菓子,110
3591,1082,2026-06-15,15:45,クッキー,菓子,180
3591,1082,2026-06-15,15:45,コーヒー,飲料,160
3592,1086,2026-06-15,15:48,コーヒー,飲料,160
3592,1086,2026-06-15,15:48,チョコレート,菓子,120
3593,1113,2026-06-15,16:01,クッキー,菓子,180
3593,1113,2026-06-15,16:01,コーヒー,飲料,160
3594,1102,2026-06-15,16:04,クッキー,菓子,180
3594,1102,2026-06-15,16:04,コーヒー,飲料,160
3595,1081,2026-06-15,16:06,コーヒー,飲料,160
3596,1110,2026-06-15,16:19,クッキー,菓子,180
3596,1110,2026-06-15,16:19,コーヒー,飲料,160
3597,1076,2026-06-15,16:20,コーヒー,飲料,160
3598,1115,2026-06-15,16:38,コーヒー,飲料,160
3598,1115,2026-06-15,16:38,チョコレート,菓子,120
3599,1098,2026-06-15,16:44,ガム,菓子,110
3599,1098,2026-06-15,16:44,クッキー,菓子,180
3599,1098,2026-06-15,16:44,コーヒー,飲料,160
3600,1112,2026-06-15,16:44,クッキー,菓子,180
3600,1112,2026-06-15,16:44,コーヒー,飲料,160
3601,1095,2026-06-15,16:54,コーヒー,飲料,160
3602,1118,2026-06-15,16:55,コーヒー,飲料,160
3603,1092,2026-06-15,17:01,コーヒー,飲料,160
3604,1111,2026-06-15,17:11,コーヒー,飲料,160
3604,1111,2026-06-15,17:11,チョコレート,菓子,120
3605,1116,2026-06-15,17:24,コーヒー,飲料,160
3605,1116,2026-06-15,17:24,チョコレート,菓子,120
3606,1077,2026-06-15,17:28,コーヒー,飲料,160
3607,1071,2026-06-15,17:51,コーヒー,飲料,160
3607,1071,2026-06-15,17:51,チョコレート,菓子,120
3608,1157,2026-06-16,09:46,ノート,文具,200
3608,1157,2026-06-16,09:46,消しゴム,文具,100
3609,1137,2026-06-16,09:52,ノート,文具,200
3610,1189,2026-06-16,10:36,お茶,飲料,130
3610,1189,2026-06-16,10:36,カップ麺,食事,220
3610,1189,2026-06-16,10:36,ガム,菓子,110
3610,1189,2026-06-16,10:36,コーヒー,飲料,160
3610,1189,2026-06-16,10:36,サンドイッチ,食事,320
3610,1189,2026-06-16,10:36,ジュース,飲料,140
3610,1189,2026-06-16,10:36,パン,食事,180
3610,1189,2026-06-16,10:36,ルーズリーフ,文具,350
3610,1189,2026-06-16,10:36,弁当,食事,500
3611,1027,2026-06-16,11:01,お茶,飲料,130
3611,1027,2026-06-16,11:01,弁当,食事,500
3612,1053,2026-06-16,11:06,お茶,飲料,130
3612,1053,2026-06-16,11:06,弁当,食事,500
3613,1068,2026-06-16,11:18,ジュース,飲料,140
3613,1068,2026-06-16,11:18,弁当,食事,500
3614,1067,2026-06-16,11:23,おにぎり,食事,150
3614,1067,2026-06-16,11:23,お茶,飲料,130
3615,1029,2026-06-16,11:30,おにぎり,食事,150
3615,1029,2026-06-16,11:30,お茶,飲料,130
3616,1022,2026-06-16,11:32,ジュース,飲料,140
3616,1022,2026-06-16,11:32,弁当,食事,500
3617,1064,2026-06-16,11:34,サンドイッチ,食事,320
3618,1142,2026-06-16,11:44,ノート,文具,200
3618,1142,2026-06-16,11:44,ボールペン,文具,120
3618,1142,2026-06-16,11:44,ルーズリーフ,文具,350
3619,1192,2026-06-16,11:44,おにぎり,食事,150
3619,1192,2026-06-16,11:44,お茶,飲料,130
3619,1192,2026-06-16,11:44,カップ麺,食事,220
3619,1192,2026-06-16,11:44,クッキー,菓子,180
3619,1192,2026-06-16,11:44,サンドイッチ,食事,320
3619,1192,2026-06-16,11:44,ジュース,飲料,140
3619,1192,2026-06-16,11:44,ルーズリーフ,文具,350
3619,1192,2026-06-16,11:44,消しゴム,文具,100
3620,1046,2026-06-16,11:45,おにぎり,食事,150
3620,1046,2026-06-16,11:45,お茶,飲料,130
3621,1038,2026-06-16,11:49,お茶,飲料,130
3621,1038,2026-06-16,11:49,サンドイッチ,食事,320
3622,1070,2026-06-16,11:53,サンドイッチ,食事,320
3623,1028,2026-06-16,11:55,おにぎり,食事,150
3623,1028,2026-06-16,11:55,お茶,飲料,130
3623,1028,2026-06-16,11:55,チョコレート,菓子,120
3624,1033,2026-06-16,11:56,お茶,飲料,130
3624,1033,2026-06-16,11:56,弁当,食事,500
3625,1054,2026-06-16,11:59,おにぎり,食事,150
3626,1007,2026-06-16,12:16,弁当,食事,500
3627,1045,2026-06-16,12:23,お茶,飲料,130
3627,1045,2026-06-16,12:23,カップ麺,食事,220
3627,1045,2026-06-16,12:23,チョコレート,菓子,120
3628,1065,2026-06-16,12:25,弁当,食事,500
3629,1026,2026-06-16,12:28,お茶,飲料,130
3629,1026,2026-06-16,12:28,サンドイッチ,食事,320
3630,1012,2026-06-16,12:30,おにぎり,食事,150
3630,1012,2026-06-16,12:30,お茶,飲料,130
3631,1060,2026-06-16,12:45,おにぎり,食事,150
3631,1060,2026-06-16,12:45,お茶,飲料,130
3631,1060,2026-06-16,12:45,パン,食事,180
3632,1006,2026-06-16,12:50,お茶,飲料,130
3632,1006,2026-06-16,12:50,弁当,食事,500
3633,1020,2026-06-16,12:50,おにぎり,食事,150
3633,1020,2026-06-16,12:50,お茶,飲料,130
3633,1020,2026-06-16,12:50,パン,食事,180
3634,1127,2026-06-16,12:52,お茶,飲料,130
3634,1127,2026-06-16,12:52,ノート,文具,200
3634,1127,2026-06-16,12:52,ボールペン,文具,120
3634,1127,2026-06-16,12:52,ルーズリーフ,文具,350
3635,1066,2026-06-16,13:02,おにぎり,食事,150
3635,1066,2026-06-16,13:02,お茶,飲料,130
3636,1069,2026-06-16,13:14,おにぎり,食事,150
3636,1069,2026-06-16,13:14,お茶,飲料,130
3636,1069,2026-06-16,13:14,チョコレート,菓子,120
3636,1069,2026-06-16,13:14,パン,食事,180
3637,1059,2026-06-16,13:25,お茶,飲料,130
3637,1059,2026-06-16,13:25,弁当,食事,500
3638,1013,2026-06-16,13:29,おにぎり,食事,150
3638,1013,2026-06-16,13:29,お茶,飲料,130
3638,1013,2026-06-16,13:29,パン,食事,180
3639,1061,2026-06-16,13:29,お茶,飲料,130
3639,1061,2026-06-16,13:29,弁当,食事,500
3640,1058,2026-06-16,13:34,おにぎり,食事,150
3640,1058,2026-06-16,13:34,お茶,飲料,130
3641,1051,2026-06-16,13:37,お茶,飲料,130
3641,1051,2026-06-16,13:37,弁当,食事,500
3642,1036,2026-06-16,13:44,弁当,食事,500
3643,1056,2026-06-16,13:45,お茶,飲料,130
3643,1056,2026-06-16,13:45,弁当,食事,500
3644,1047,2026-06-16,13:48,おにぎり,食事,150
3644,1047,2026-06-16,13:48,お茶,飲料,130
3645,1014,2026-06-16,13:58,お茶,飲料,130
3645,1014,2026-06-16,13:58,弁当,食事,500
3646,1106,2026-06-16,14:12,クッキー,菓子,180
3646,1106,2026-06-16,14:12,コーヒー,飲料,160
3647,1112,2026-06-16,14:13,クッキー,菓子,180
3647,1112,2026-06-16,14:13,コーヒー,飲料,160
3648,1089,2026-06-16,14:33,クッキー,菓子,180
3648,1089,2026-06-16,14:33,コーヒー,飲料,160
3649,1122,2026-06-16,14:34,クッキー,菓子,180
3649,1122,2026-06-16,14:34,コーヒー,飲料,160
3650,1084,2026-06-16,14:42,クッキー,菓子,180
3650,1084,2026-06-16,14:42,コーヒー,飲料,160
3651,1083,2026-06-16,14:48,コーヒー,飲料,160
3652,1074,2026-06-16,15:05,お茶,飲料,130
3652,1074,2026-06-16,15:05,チョコレート,菓子,120
3653,1113,2026-06-16,15:37,ガム,菓子,110
3653,1113,2026-06-16,15:37,ジュース,飲料,140
3653,1113,2026-06-16,15:37,チョコレート,菓子,120
3654,1199,2026-06-16,15:37,おにぎり,食事,150
3654,1199,2026-06-16,15:37,お茶,飲料,130
3654,1199,2026-06-16,15:37,ノート,文具,200
3654,1199,2026-06-16,15:37,パン,食事,180
3654,1199,2026-06-16,15:37,ボールペン,文具,120
3655,1095,2026-06-16,15:39,お茶,飲料,130
3656,1091,2026-06-16,15:50,クッキー,菓子,180
3656,1091,2026-06-16,15:50,コーヒー,飲料,160
3657,1119,2026-06-16,15:57,お茶,飲料,130
3658,1120,2026-06-16,16:02,クッキー,菓子,180
3658,1120,2026-06-16,16:02,コーヒー,飲料,160
3659,1078,2026-06-16,16:10,クッキー,菓子,180
3659,1078,2026-06-16,16:10,コーヒー,飲料,160
3660,1081,2026-06-16,16:12,クッキー,菓子,180
3660,1081,2026-06-16,16:12,コーヒー,飲料,160
3661,1079,2026-06-16,16:23,お茶,飲料,130
3661,1079,2026-06-16,16:23,パン,食事,180
3662,1086,2026-06-16,16:26,ガム,菓子,110
3662,1086,2026-06-16,16:26,コーヒー,飲料,160
3663,1087,2026-06-16,16:29,コーヒー,飲料,160
3663,1087,2026-06-16,16:29,チョコレート,菓子,120
3664,1085,2026-06-16,16:41,コーヒー,飲料,160
3664,1085,2026-06-16,16:41,チョコレート,菓子,120
3665,1093,2026-06-16,16:47,ジュース,飲料,140
3666,1092,2026-06-16,16:55,お茶,飲料,130
3667,1090,2026-06-16,17:01,コーヒー,飲料,160
3668,1110,2026-06-16,17:03,クッキー,菓子,180
3668,1110,2026-06-16,17:03,コーヒー,飲料,160
3668,1110,2026-06-16,17:03,パン,食事,180
3669,1121,2026-06-16,17:05,コーヒー,飲料,160
3669,1121,2026-06-16,17:05,チョコレート,菓子,120
3670,1125,2026-06-16,17:05,コーヒー,飲料,160
3670,1125,2026-06-16,17:05,チョコレート,菓子,120
3671,1104,2026-06-16,17:08,クッキー,菓子,180
3671,1104,2026-06-16,17:08,コーヒー,飲料,160
3672,1116,2026-06-16,17:11,コーヒー,飲料,160
3672,1116,2026-06-16,17:11,パン,食事,180
3673,1118,2026-06-16,17:13,クッキー,菓子,180
3673,1118,2026-06-16,17:13,コーヒー,飲料,160
3674,1099,2026-06-16,17:27,コーヒー,飲料,160
3675,1117,2026-06-16,17:37,コーヒー,飲料,160
3676,1096,2026-06-16,17:48,クッキー,菓子,180
3676,1096,2026-06-16,17:48,コーヒー,飲料,160
3677,1108,2026-06-16,17:48,クッキー,菓子,180
3677,1108,2026-06-16,17:48,コーヒー,飲料,160
3678,1071,2026-06-16,17:52,コーヒー,飲料,160
3678,1071,2026-06-16,17:52,チョコレート,菓子,120
3679,1182,2026-06-16,18:07,お茶,飲料,130
3679,1182,2026-06-16,18:07,クッキー,菓子,180
3679,1182,2026-06-16,18:07,コーヒー,飲料,160
3679,1182,2026-06-16,18:07,サンドイッチ,食事,320
3679,1182,2026-06-16,18:07,ジュース,飲料,140
3679,1182,2026-06-16,18:07,ルーズリーフ,文具,350
3679,1182,2026-06-16,18:07,消しゴム,文具,100
3680,1198,2026-06-17,09:03,お茶,飲料,130
3680,1198,2026-06-17,09:03,サンドイッチ,食事,320
3680,1198,2026-06-17,09:03,ノート,文具,200
3680,1198,2026-06-17,09:03,ボールペン,文具,120
3680,1198,2026-06-17,09:03,消しゴム,文具,100
3681,1127,2026-06-17,10:08,ノート,文具,200
3681,1127,2026-06-17,10:08,ボールペン,文具,120
3682,1018,2026-06-17,11:04,お茶,飲料,130
3682,1018,2026-06-17,11:04,サンドイッチ,食事,320
3683,1025,2026-06-17,11:26,おにぎり,食事,150
3683,1025,2026-06-17,11:26,お茶,飲料,130
3684,1008,2026-06-17,11:40,お茶,飲料,130
3684,1008,2026-06-17,11:40,サンドイッチ,食事,320
3685,1009,2026-06-17,11:54,おにぎり,食事,150
3685,1009,2026-06-17,11:54,お茶,飲料,130
3686,1196,2026-06-17,11:57,お茶,飲料,130
3686,1196,2026-06-17,11:57,コーヒー,飲料,160
3686,1196,2026-06-17,11:57,サンドイッチ,食事,320
3686,1196,2026-06-17,11:57,パン,食事,180
3687,1041,2026-06-17,12:00,おにぎり,食事,150
3687,1041,2026-06-17,12:00,お茶,飲料,130
3688,1017,2026-06-17,12:10,お茶,飲料,130
3688,1017,2026-06-17,12:10,カップ麺,食事,220
3689,1031,2026-06-17,12:18,弁当,食事,500
3690,1061,2026-06-17,12:18,おにぎり,食事,150
3690,1061,2026-06-17,12:18,パン,食事,180
3691,1054,2026-06-17,12:19,お茶,飲料,130
3691,1054,2026-06-17,12:19,カップ麺,食事,220
3692,1056,2026-06-17,12:26,お茶,飲料,130
3692,1056,2026-06-17,12:26,弁当,食事,500
3693,1020,2026-06-17,12:29,おにぎり,食事,150
3693,1020,2026-06-17,12:29,お茶,飲料,130
3694,1044,2026-06-17,12:30,おにぎり,食事,150
3694,1044,2026-06-17,12:30,お茶,飲料,130
3694,1044,2026-06-17,12:30,パン,食事,180
3695,1012,2026-06-17,12:34,弁当,食事,500
3696,1055,2026-06-17,12:38,おにぎり,食事,150
3696,1055,2026-06-17,12:38,お茶,飲料,130
3697,1067,2026-06-17,12:43,ジュース,飲料,140
3697,1067,2026-06-17,12:43,弁当,食事,500
3698,1015,2026-06-17,12:49,おにぎり,食事,150
3698,1015,2026-06-17,12:49,お茶,飲料,130
3699,1062,2026-06-17,12:51,お茶,飲料,130
3699,1062,2026-06-17,12:51,弁当,食事,500
3700,1022,2026-06-17,12:52,おにぎり,食事,150
3701,1051,2026-06-17,12:57,お茶,飲料,130
3701,1051,2026-06-17,12:57,弁当,食事,500
3702,1040,2026-06-17,12:58,お茶,飲料,130
3702,1040,2026-06-17,12:58,弁当,食事,500
3703,1029,2026-06-17,13:04,おにぎり,食事,150
3703,1029,2026-06-17,13:04,お茶,飲料,130
3703,1029,2026-06-17,13:04,チョコレート,菓子,120
3703,1029,2026-06-17,13:04,パン,食事,180
3704,1046,2026-06-17,13:09,おにぎり,食事,150
3704,1046,2026-06-17,13:09,お茶,飲料,130
3704,1046,2026-06-17,13:09,パン,食事,180
3705,1030,2026-06-17,13:11,カップ麺,食事,220
3705,1030,2026-06-17,13:11,ジュース,飲料,140
3706,1032,2026-06-17,13:14,おにぎり,食事,150
3706,1032,2026-06-17,13:14,お茶,飲料,130
3707,1070,2026-06-17,13:20,おにぎり,食事,150
3707,1070,2026-06-17,13:20,お茶,飲料,130
3708,1006,2026-06-17,13:21,おにぎり,食事,150
3708,1006,2026-06-17,13:21,お茶,飲料,130
3709,1038,2026-06-17,13:24,弁当,食事,500
3710,1036,2026-06-17,13:26,おにぎり,食事,150
3710,1036,2026-06-17,13:26,チョコレート,菓子,120
3711,1151,2026-06-17,13:29,お茶,飲料,130
3711,1151,2026-06-17,13:29,ボールペン,文具,120
3712,1007,2026-06-17,13:32,おにぎり,食事,150
3712,1007,2026-06-17,13:32,お茶,飲料,130
3712,1007,2026-06-17,13:32,パン,食事,180
3713,1003,2026-06-17,13:41,お茶,飲料,130
3713,1003,2026-06-17,13:41,弁当,食事,500
3714,1004,2026-06-17,13:42,サンドイッチ,食事,320
3715,1066,2026-06-17,13:50,弁当,食事,500
3716,1042,2026-06-17,13:53,カップ麺,食事,220
3717,1057,2026-06-17,13:53,お茶,飲料,130
3717,1057,2026-06-17,13:53,サンドイッチ,食事,320
3718,1121,2026-06-17,14:04,クッキー,菓子,180
3718,1121,2026-06-17,14:04,コーヒー,飲料,160
3719,1091,2026-06-17,14:05,クッキー,菓子,180
3719,1091,2026-06-17,14:05,コーヒー,飲料,160
3720,1073,2026-06-17,14:09,クッキー,菓子,180
3720,1073,2026-06-17,14:09,コーヒー,飲料,160
3721,1093,2026-06-17,14:11,コーヒー,飲料,160
3721,1093,2026-06-17,14:11,チョコレート,菓子,120
3722,1107,2026-06-17,14:24,コーヒー,飲料,160
3723,1075,2026-06-17,14:32,コーヒー,飲料,160
3724,1113,2026-06-17,14:34,クッキー,菓子,180
3724,1113,2026-06-17,14:34,コーヒー,飲料,160
3725,1112,2026-06-17,14:35,クッキー,菓子,180
3725,1112,2026-06-17,14:35,コーヒー,飲料,160
3726,1200,2026-06-17,14:44,おにぎり,食事,150
3726,1200,2026-06-17,14:44,お茶,飲料,130
3726,1200,2026-06-17,14:44,コーヒー,飲料,160
3726,1200,2026-06-17,14:44,サンドイッチ,食事,320
3726,1200,2026-06-17,14:44,ジュース,飲料,140
3726,1200,2026-06-17,14:44,チョコレート,菓子,120
3726,1200,2026-06-17,14:44,ノート,文具,200
3726,1200,2026-06-17,14:44,パン,食事,180
3726,1200,2026-06-17,14:44,ルーズリーフ,文具,350
3727,1080,2026-06-17,14:57,コーヒー,飲料,160
3727,1080,2026-06-17,14:57,チョコレート,菓子,120
3728,1094,2026-06-17,14:57,クッキー,菓子,180
3728,1094,2026-06-17,14:57,コーヒー,飲料,160
3729,1118,2026-06-17,15:01,ガム,菓子,110
3729,1118,2026-06-17,15:01,クッキー,菓子,180
3729,1118,2026-06-17,15:01,コーヒー,飲料,160
3729,1118,2026-06-17,15:01,パン,食事,180
3730,1122,2026-06-17,15:02,コーヒー,飲料,160
3731,1072,2026-06-17,15:14,コーヒー,飲料,160
3732,1074,2026-06-17,15:24,ジュース,飲料,140
3733,1103,2026-06-17,15:25,クッキー,菓子,180
3733,1103,2026-06-17,15:25,コーヒー,飲料,160
3734,1095,2026-06-17,15:28,ガム,菓子,110
3734,1095,2026-06-17,15:28,クッキー,菓子,180
3734,1095,2026-06-17,15:28,コーヒー,飲料,160
3735,1101,2026-06-17,15:29,クッキー,菓子,180
3735,1101,2026-06-17,15:29,コーヒー,飲料,160
3736,1123,2026-06-17,15:52,クッキー,菓子,180
3736,1123,2026-06-17,15:52,コーヒー,飲料,160
3737,1108,2026-06-17,15:54,クッキー,菓子,180
3737,1108,2026-06-17,15:54,コーヒー,飲料,160
3738,1082,2026-06-17,15:58,ガム,菓子,110
3738,1082,2026-06-17,15:58,コーヒー,飲料,160
3739,1105,2026-06-17,16:14,コーヒー,飲料,160
3739,1105,2026-06-17,16:14,パン,食事,180
3740,1106,2026-06-17,16:18,コーヒー,飲料,160
3741,1076,2026-06-17,16:28,クッキー,菓子,180
3741,1076,2026-06-17,16:28,コーヒー,飲料,160
3742,1114,2026-06-17,16:28,クッキー,菓子,180
3742,1114,2026-06-17,16:28,コーヒー,飲料,160
3743,1090,2026-06-17,16:37,コーヒー,飲料,160
3743,1090,2026-06-17,16:37,チョコレート,菓子,120
3744,1089,2026-06-17,16:48,お茶,飲料,130
3745,1084,2026-06-17,16:53,コーヒー,飲料,160
3746,1092,2026-06-17,16:54,コーヒー,飲料,160
3747,1085,2026-06-17,16:55,コーヒー,飲料,160
3748,1109,2026-06-17,17:02,コーヒー,飲料,160
3748,1109,2026-06-17,17:02,チョコレート,菓子,120
3749,1119,2026-06-17,17:05,クッキー,菓子,180
3749,1119,2026-06-17,17:05,コーヒー,飲料,160
3750,1116,2026-06-17,17:13,クッキー,菓子,180
3750,1116,2026-06-17,17:13,コーヒー,飲料,160
3751,1177,2026-06-17,17:14,ガム,菓子,110
3751,1177,2026-06-17,17:14,チョコレート,菓子,120
3751,1177,2026-06-17,17:14,ノート,文具,200
3751,1177,2026-06-17,17:14,パン,食事,180
3751,1177,2026-06-17,17:14,ルーズリーフ,文具,350
3752,1099,2026-06-17,17:16,クッキー,菓子,180
3752,1099,2026-06-17,17:16,コーヒー,飲料,160
3753,1071,2026-06-17,17:20,コーヒー,飲料,160
3753,1071,2026-06-17,17:20,チョコレート,菓子,120
3754,1125,2026-06-17,17:21,コーヒー,飲料,160
3754,1125,2026-06-17,17:21,チョコレート,菓子,120
3755,1111,2026-06-17,17:27,コーヒー,飲料,160
3756,1081,2026-06-17,17:50,ジュース,飲料,140
3756,1081,2026-06-17,17:50,チョコレート,菓子,120
3756,1081,2026-06-17,17:50,パン,食事,180
3757,1190,2026-06-18,10:05,お茶,飲料,130
3757,1190,2026-06-18,10:05,カップ麺,食事,220
3757,1190,2026-06-18,10:05,コーヒー,飲料,160
3757,1190,2026-06-18,10:05,ジュース,飲料,140
3757,1190,2026-06-18,10:05,チョコレート,菓子,120
3757,1190,2026-06-18,10:05,ルーズリーフ,文具,350
3757,1190,2026-06-18,10:05,弁当,食事,500
3757,1190,2026-06-18,10:05,消しゴム,文具,100
3758,1157,2026-06-18,10:58,ノート,文具,200
3758,1157,2026-06-18,10:58,ルーズリーフ,文具,350
3759,1015,2026-06-18,11:00,お茶,飲料,130
3759,1015,2026-06-18,11:00,弁当,食事,500
3760,1126,2026-06-18,11:02,お茶,飲料,130
3760,1126,2026-06-18,11:02,ノート,文具,200
3760,1126,2026-06-18,11:02,ボールペン,文具,120
3761,1022,2026-06-18,11:12,お茶,飲料,130
3761,1022,2026-06-18,11:12,カップ麺,食事,220
3761,1022,2026-06-18,11:12,チョコレート,菓子,120
3762,1055,2026-06-18,11:15,ジュース,飲料,140
3762,1055,2026-06-18,11:15,弁当,食事,500
3763,1065,2026-06-18,11:15,お茶,飲料,130
3763,1065,2026-06-18,11:15,弁当,食事,500
3764,1057,2026-06-18,11:17,おにぎり,食事,150
3764,1057,2026-06-18,11:17,パン,食事,180
3765,1062,2026-06-18,11:27,おにぎり,食事,150
3765,1062,2026-06-18,11:27,お茶,飲料,130
3766,1059,2026-06-18,11:29,お茶,飲料,130
3766,1059,2026-06-18,11:29,弁当,食事,500
3767,1005,2026-06-18,11:32,おにぎり,食事,150
3767,1005,2026-06-18,11:32,お茶,飲料,130
3768,1036,2026-06-18,11:34,お茶,飲料,130
3768,1036,2026-06-18,11:34,カップ麺,食事,220
3768,1036,2026-06-18,11:34,チョコレート,菓子,120
3769,1149,2026-06-18,11:41,ノート,文具,200
3769,1149,2026-06-18,11:41,ボールペン,文具,120
3770,1031,2026-06-18,11:49,おにぎり,食事,150
3770,1031,2026-06-18,11:49,パン,食事,180
3771,1008,2026-06-18,11:52,カップ麺,食事,220
3771,1008,2026-06-18,11:52,チョコレート,菓子,120
3772,1021,2026-06-18,11:56,おにぎり,食事,150
3772,1021,2026-06-18,11:56,お茶,飲料,130
3772,1021,2026-06-18,11:56,チョコレート,菓子,120
3773,1060,2026-06-18,11:56,おにぎり,食事,150
3774,1027,2026-06-18,11:59,お茶,飲料,130
3774,1027,2026-06-18,11:59,弁当,食事,500
3775,1052,2026-06-18,12:04,お茶,飲料,130
3775,1052,2026-06-18,12:04,カップ麺,食事,220
3776,1030,2026-06-18,12:06,お茶,飲料,130
3776,1030,2026-06-18,12:06,弁当,食事,500
3777,1049,2026-06-18,12:06,弁当,食事,500
3778,1061,2026-06-18,12:06,お茶,飲料,130
3778,1061,2026-06-18,12:06,弁当,食事,500
3779,1046,2026-06-18,12:09,おにぎり,食事,150
3779,1046,2026-06-18,12:09,お茶,飲料,130
3779,1046,2026-06-18,12:09,パン,食事,180
3780,1002,2026-06-18,12:23,お茶,飲料,130
3780,1002,2026-06-18,12:23,弁当,食事,500
3781,1025,2026-06-18,12:30,おにぎり,食事,150
3781,1025,2026-06-18,12:30,お茶,飲料,130
3782,1018,2026-06-18,12:35,おにぎり,食事,150
3782,1018,2026-06-18,12:35,お茶,飲料,130
3783,1152,2026-06-18,12:40,ノート,文具,200
3783,1152,2026-06-18,12:40,ボールペン,文具,120
3783,1152,2026-06-18,12:40,ルーズリーフ,文具,350
3784,1013,2026-06-18,12:47,ジュース,飲料,140
3784,1013,2026-06-18,12:47,弁当,食事,500
3785,1017,2026-06-18,12:48,おにぎり,食事,150
3785,1017,2026-06-18,12:48,お茶,飲料,130
3786,1196,2026-06-18,12:49,お茶,飲料,130
3786,1196,2026-06-18,12:49,弁当,食事,500
3787,1064,2026-06-18,12:54,お茶,飲料,130
3787,1064,2026-06-18,12:54,弁当,食事,500
3788,1039,2026-06-18,12:58,おにぎり,食事,150
3788,1039,2026-06-18,12:58,パン,食事,180
3789,1041,2026-06-18,13:01,弁当,食事,500
3790,1014,2026-06-18,13:07,ジュース,飲料,140
3790,1014,2026-06-18,13:07,弁当,食事,500
3791,1009,2026-06-18,13:08,お茶,飲料,130
3791,1009,2026-06-18,13:08,弁当,食事,500
3792,1146,2026-06-18,13:21,ノート,文具,200
3793,1023,2026-06-18,13:23,弁当,食事,500
3794,1068,2026-06-18,13:23,おにぎり,食事,150
3794,1068,2026-06-18,13:23,お茶,飲料,130
3795,1004,2026-06-18,13:28,お茶,飲料,130
3795,1004,2026-06-18,13:28,弁当,食事,500
3796,1028,2026-06-18,13:32,弁当,食事,500
3797,1037,2026-06-18,13:46,おにぎり,食事,150
3797,1037,2026-06-18,13:46,お茶,飲料,130
3797,1037,2026-06-18,13:46,パン,食事,180
3798,1001,2026-06-18,13:47,おにぎり,食事,150
3798,1001,2026-06-18,13:47,お茶,飲料,130
3799,1029,2026-06-18,13:52,お茶,飲料,130
3799,1029,2026-06-18,13:52,弁当,食事,500
3800,1034,2026-06-18,13:56,弁当,食事,500
3801,1035,2026-06-18,13:57,カップ麺,食事,220
3802,1107,2026-06-18,14:01,コーヒー,飲料,160
3803,1098,2026-06-18,14:06,クッキー,菓子,180
3803,1098,2026-06-18,14:06,コーヒー,飲料,160
3804,1076,2026-06-18,14:07,クッキー,菓子,180
3804,1076,2026-06-18,14:07,コーヒー,飲料,160
3805,1071,2026-06-18,14:15,クッキー,菓子,180
3805,1071,2026-06-18,14:15,コーヒー,飲料,160
3806,1117,2026-06-18,14:23,ガム,菓子,110
3806,1117,2026-06-18,14:23,クッキー,菓子,180
3806,1117,2026-06-18,14:23,コーヒー,飲料,160
3807,1103,2026-06-18,14:27,お茶,飲料,130
3807,1103,2026-06-18,14:27,チョコレート,菓子,120
3808,1082,2026-06-18,14:29,コーヒー,飲料,160
3809,1094,2026-06-18,14:31,ジュース,飲料,140
3810,1113,2026-06-18,14:39,コーヒー,飲料,160
3811,1125,2026-06-18,14:39,コーヒー,飲料,160
3812,1088,2026-06-18,14:48,コーヒー,飲料,160
3813,1123,2026-06-18,14:48,お茶,飲料,130
3813,1123,2026-06-18,14:48,チョコレート,菓子,120
3814,1172,2026-06-18,14:52,お茶,飲料,130
3814,1172,2026-06-18,14:52,カップ麺,食事,220
3814,1172,2026-06-18,14:52,ガム,菓子,110
3814,1172,2026-06-18,14:52,コーヒー,飲料,160
3814,1172,2026-06-18,14:52,サンドイッチ,食事,320
3814,1172,2026-06-18,14:52,ジュース,飲料,140
3814,1172,2026-06-18,14:52,ノート,文具,200
3814,1172,2026-06-18,14:52,ルーズリーフ,文具,350
3814,1172,2026-06-18,14:52,弁当,食事,500
3815,1112,2026-06-18,15:02,クッキー,菓子,180
3815,1112,2026-06-18,15:02,コーヒー,飲料,160
3816,1106,2026-06-18,15:08,コーヒー,飲料,160
3816,1106,2026-06-18,15:08,パン,食事,180
3817,1121,2026-06-18,15:09,コーヒー,飲料,160
3817,1121,2026-06-18,15:09,チョコレート,菓子,120
3818,1075,2026-06-18,15:11,ガム,菓子,110
3818,1075,2026-06-18,15:11,クッキー,菓子,180
3818,1075,2026-06-18,15:11,コーヒー,飲料,160
3819,1091,2026-06-18,15:21,コーヒー,飲料,160
3819,1091,2026-06-18,15:21,チョコレート,菓子,120
3820,1110,2026-06-18,15:26,クッキー,菓子,180
3820,1110,2026-06-18,15:26,コーヒー,飲料,160
3820,1110,2026-06-18,15:26,パン,食事,180
3821,1079,2026-06-18,15:32,クッキー,菓子,180
3821,1079,2026-06-18,15:32,コーヒー,飲料,160
3822,1124,2026-06-18,15:34,クッキー,菓子,180
3822,1124,2026-06-18,15:34,コーヒー,飲料,160
3823,1081,2026-06-18,15:36,ジュース,飲料,140
3824,1085,2026-06-18,15:39,コーヒー,飲料,160
3825,1164,2026-06-18,15:49,ノート,文具,200
3825,1164,2026-06-18,15:49,ルーズリーフ,文具,350
3826,1077,2026-06-18,15:55,コーヒー,飲料,160
3827,1100,2026-06-18,16:02,クッキー,菓子,180
3827,1100,2026-06-18,16:02,コーヒー,飲料,160
3827,1100,2026-06-18,16:02,パン,食事,180
3828,1086,2026-06-18,16:03,クッキー,菓子,180
3828,1086,2026-06-18,16:03,コーヒー,飲料,160
3829,1119,2026-06-18,16:28,クッキー,菓子,180
3829,1119,2026-06-18,16:28,コーヒー,飲料,160
3830,1151,2026-06-18,16:35,消しゴム,文具,100
3831,1084,2026-06-18,16:36,クッキー,菓子,180
3831,1084,2026-06-18,16:36,コーヒー,飲料,160
3832,1108,2026-06-18,16:40,クッキー,菓子,180
3832,1108,2026-06-18,16:40,コーヒー,飲料,160
3833,1118,2026-06-18,16:43,クッキー,菓子,180
3833,1118,2026-06-18,16:43,コーヒー,飲料,160
3834,1115,2026-06-18,16:44,ガム,菓子,110
3834,1115,2026-06-18,16:44,コーヒー,飲料,160
3834,1115,2026-06-18,16:44,チョコレート,菓子,120
3835,1090,2026-06-18,16:52,コーヒー,飲料,160
3836,1087,2026-06-18,16:58,コーヒー,飲料,160
3837,1102,2026-06-18,17:21,ガム,菓子,110
3837,1102,2026-06-18,17:21,クッキー,菓子,180
3837,1102,2026-06-18,17:21,コーヒー,飲料,160
3838,1111,2026-06-18,17:23,コーヒー,飲料,160
3839,1199,2026-06-18,17:28,お茶,飲料,130
3839,1199,2026-06-18,17:28,ルーズリーフ,文具,350
3839,1199,2026-06-18,17:28,弁当,食事,500
3840,1072,2026-06-18,17:43,ジュース,飲料,140
3840,1072,2026-06-18,17:43,チョコレート,菓子,120
3841,1104,2026-06-18,17:51,コーヒー,飲料,160
3841,1104,2026-06-18,17:51,チョコレート,菓子,120
3842,1080,2026-06-18,17:57,コーヒー,飲料,160
3843,1200,2026-06-18,18:41,おにぎり,食事,150
3843,1200,2026-06-18,18:41,お茶,飲料,130
3843,1200,2026-06-18,18:41,カップ麺,食事,220
3843,1200,2026-06-18,18:41,クッキー,菓子,180
3843,1200,2026-06-18,18:41,コーヒー,飲料,160
3843,1200,2026-06-18,18:41,サンドイッチ,食事,320
3843,1200,2026-06-18,18:41,ノート,文具,200
3843,1200,2026-06-18,18:41,パン,食事,180
3843,1200,2026-06-18,18:41,消しゴム,文具,100
3844,1178,2026-06-18,18:57,おにぎり,食事,150
3844,1178,2026-06-18,18:57,お茶,飲料,130
3844,1178,2026-06-18,18:57,ガム,菓子,110
3844,1178,2026-06-18,18:57,コーヒー,飲料,160
3844,1178,2026-06-18,18:57,パン,食事,180
3844,1178,2026-06-18,18:57,ルーズリーフ,文具,350
3844,1178,2026-06-18,18:57,弁当,食事,500
3844,1178,2026-06-18,18:57,消しゴム,文具,100
3845,1147,2026-06-19,09:29,お茶,飲料,130
3845,1147,2026-06-19,09:29,ルーズリーフ,文具,350
3846,1194,2026-06-19,10:56,お茶,飲料,130
3846,1194,2026-06-19,10:56,カップ麺,食事,220
3846,1194,2026-06-19,10:56,クッキー,菓子,180
3846,1194,2026-06-19,10:56,サンドイッチ,食事,320
3846,1194,2026-06-19,10:56,ジュース,飲料,140
3846,1194,2026-06-19,10:56,パン,食事,180
3846,1194,2026-06-19,10:56,ルーズリーフ,文具,350
3846,1194,2026-06-19,10:56,弁当,食事,500
3847,1052,2026-06-19,11:02,お茶,飲料,130
3847,1052,2026-06-19,11:02,弁当,食事,500
3848,1031,2026-06-19,11:04,おにぎり,食事,150
3848,1031,2026-06-19,11:04,お茶,飲料,130
3849,1070,2026-06-19,11:05,弁当,食事,500
3850,1025,2026-06-19,11:08,お茶,飲料,130
3850,1025,2026-06-19,11:08,弁当,食事,500
3851,1064,2026-06-19,11:13,弁当,食事,500
3852,1028,2026-06-19,11:27,おにぎり,食事,150
3852,1028,2026-06-19,11:27,お茶,飲料,130
3853,1198,2026-06-19,11:39,お茶,飲料,130
3853,1198,2026-06-19,11:39,カップ麺,食事,220
3853,1198,2026-06-19,11:39,ノート,文具,200
3853,1198,2026-06-19,11:39,ボールペン,文具,120
3854,1023,2026-06-19,11:40,おにぎり,食事,150
3854,1023,2026-06-19,11:40,チョコレート,菓子,120
3855,1062,2026-06-19,11:41,サンドイッチ,食事,320
3856,1037,2026-06-19,11:49,弁当,食事,500
3857,1029,2026-06-19,11:52,お茶,飲料,130
3857,1029,2026-06-19,11:52,弁当,食事,500
3858,1066,2026-06-19,11:57,おにぎり,食事,150
3858,1066,2026-06-19,11:57,お茶,飲料,130
3858,1066,2026-06-19,11:57,パン,食事,180
3859,1012,2026-06-19,12:00,お茶,飲料,130
3859,1012,2026-06-19,12:00,弁当,食事,500
3860,1041,2026-06-19,12:01,お茶,飲料,130
3860,1041,2026-06-19,12:01,弁当,食事,500
3861,1044,2026-06-19,12:07,おにぎり,食事,150
3861,1044,2026-06-19,12:07,お茶,飲料,130
3862,1055,2026-06-19,12:07,おにぎり,食事,150
3862,1055,2026-06-19,12:07,お茶,飲料,130
3863,1021,2026-06-19,12:09,おにぎり,食事,150
3863,1021,2026-06-19,12:09,お茶,飲料,130
3863,1021,2026-06-19,12:09,パン,食事,180
3864,1018,2026-06-19,12:24,おにぎり,食事,150
3864,1018,2026-06-19,12:24,お茶,飲料,130
3864,1018,2026-06-19,12:24,パン,食事,180
3865,1054,2026-06-19,12:25,おにぎり,食事,150
3865,1054,2026-06-19,12:25,お茶,飲料,130
3865,1054,2026-06-19,12:25,チョコレート,菓子,120
3865,1054,2026-06-19,12:25,パン,食事,180
3866,1032,2026-06-19,12:26,おにぎり,食事,150
3866,1032,2026-06-19,12:26,お茶,飲料,130
3866,1032,2026-06-19,12:26,パン,食事,180
3867,1014,2026-06-19,12:27,お茶,飲料,130
3867,1014,2026-06-19,12:27,弁当,食事,500
3868,1060,2026-06-19,12:34,お茶,飲料,130
3868,1060,2026-06-19,12:34,弁当,食事,500
3869,1068,2026-06-19,12:37,お茶,飲料,130
3869,1068,2026-06-19,12:37,サンドイッチ,食事,320
3870,1069,2026-06-19,12:47,お茶,飲料,130
3870,1069,2026-06-19,12:47,カップ麺,食事,220
3870,1069,2026-06-19,12:47,チョコレート,菓子,120
3871,1003,2026-06-19,12:49,おにぎり,食事,150
3871,1003,2026-06-19,12:49,お茶,飲料,130
3872,1061,2026-06-19,12:56,弁当,食事,500
3873,1042,2026-06-19,12:58,カップ麺,食事,220
3874,1022,2026-06-19,13:04,弁当,食事,500
3875,1196,2026-06-19,13:13,お茶,飲料,130
3875,1196,2026-06-19,13:13,チョコレート,菓子,120
3875,1196,2026-06-19,13:13,弁当,食事,500
3876,1053,2026-06-19,13:15,お茶,飲料,130
3876,1053,2026-06-19,13:15,チョコレート,菓子,120
3876,1053,2026-06-19,13:15,弁当,食事,500
3877,1050,2026-06-19,13:24,おにぎり,食事,150
3877,1050,2026-06-19,13:24,お茶,飲料,130
3877,1050,2026-06-19,13:24,パン,食事,180
3878,1038,2026-06-19,13:26,お茶,飲料,130
3878,1038,2026-06-19,13:26,弁当,食事,500
3879,1048,2026-06-19,13:30,お茶,飲料,130
3879,1048,2026-06-19,13:30,サンドイッチ,食事,320
3880,1057,2026-06-19,13:41,おにぎり,食事,150
3880,1057,2026-06-19,13:41,お茶,飲料,130
3880,1057,2026-06-19,13:41,パン,食事,180
3881,1045,2026-06-19,13:42,お茶,飲料,130
3881,1045,2026-06-19,13:42,弁当,食事,500
3882,1197,2026-06-19,13:48,おにぎり,食事,150
3882,1197,2026-06-19,13:48,コーヒー,飲料,160
3883,1034,2026-06-19,13:57,おにぎり,食事,150
3883,1034,2026-06-19,13:57,お茶,飲料,130
3884,1104,2026-06-19,14:01,クッキー,菓子,180
3884,1104,2026-06-19,14:01,コーヒー,飲料,160
3885,1094,2026-06-19,14:17,コーヒー,飲料,160
3886,1110,2026-06-19,14:17,クッキー,菓子,180
3886,1110,2026-06-19,14:17,コーヒー,飲料,160
3887,1096,2026-06-19,14:28,コーヒー,飲料,160
3888,1078,2026-06-19,14:33,コーヒー,飲料,160
3889,1114,2026-06-19,14:33,クッキー,菓子,180
3889,1114,2026-06-19,14:33,コーヒー,飲料,160
3889,1114,2026-06-19,14:33,パン,食事,180
3890,1121,2026-06-19,14:48,ガム,菓子,110
3890,1121,2026-06-19,14:48,クッキー,菓子,180
3890,1121,2026-06-19,14:48,コーヒー,飲料,160
3891,1088,2026-06-19,14:54,クッキー,菓子,180
3891,1088,2026-06-19,14:54,コーヒー,飲料,160
3891,1088,2026-06-19,14:54,パン,食事,180
3892,1185,2026-06-19,15:00,おにぎり,食事,150
3892,1185,2026-06-19,15:00,お茶,飲料,130
3892,1185,2026-06-19,15:00,カップ麺,食事,220
3892,1185,2026-06-19,15:00,クッキー,菓子,180
3892,1185,2026-06-19,15:00,ジュース,飲料,140
3892,1185,2026-06-19,15:00,チョコレート,菓子,120
3892,1185,2026-06-19,15:00,ノート,文具,200
3892,1185,2026-06-19,15:00,ルーズリーフ,文具,350
3892,1185,2026-06-19,15:00,弁当,食事,500
3892,1185,2026-06-19,15:00,消しゴム,文具,100
3893,1075,2026-06-19,15:02,クッキー,菓子,180
3893,1075,2026-06-19,15:02,コーヒー,飲料,160
3894,1071,2026-06-19,15:04,ジュース,飲料,140
3895,1087,2026-06-19,15:10,クッキー,菓子,180
3895,1087,2026-06-19,15:10,コーヒー,飲料,160
3896,1127,2026-06-19,15:29,ノート,文具,200
3896,1127,2026-06-19,15:29,ボールペン,文具,120
3896,1127,2026-06-19,15:29,ルーズリーフ,文具,350
3897,1115,2026-06-19,15:30,コーヒー,飲料,160
3897,1115,2026-06-19,15:30,チョコレート,菓子,120
3898,1098,2026-06-19,15:45,クッキー,菓子,180
3898,1098,2026-06-19,15:45,コーヒー,飲料,160
3898,1098,2026-06-19,15:45,パン,食事,180
3899,1107,2026-06-19,15:48,クッキー,菓子,180
3899,1107,2026-06-19,15:48,コーヒー,飲料,160
3900,1109,2026-06-19,15:57,ガム,菓子,110
3900,1109,2026-06-19,15:57,ジュース,飲料,140
3901,1091,2026-06-19,16:01,クッキー,菓子,180
3901,1091,2026-06-19,16:01,コーヒー,飲料,160
3902,1118,2026-06-19,16:01,クッキー,菓子,180
3902,1118,2026-06-19,16:01,コーヒー,飲料,160
3903,1080,2026-06-19,16:03,コーヒー,飲料,160
3903,1080,2026-06-19,16:03,チョコレート,菓子,120
3904,1120,2026-06-19,16:06,クッキー,菓子,180
3904,1120,2026-06-19,16:06,コーヒー,飲料,160
3905,1101,2026-06-19,16:18,クッキー,菓子,180
3905,1101,2026-06-19,16:18,コーヒー,飲料,160
3906,1084,2026-06-19,16:21,ガム,菓子,110
3906,1084,2026-06-19,16:21,コーヒー,飲料,160
3906,1084,2026-06-19,16:21,チョコレート,菓子,120
3906,1084,2026-06-19,16:21,パン,食事,180
3907,1079,2026-06-19,16:26,クッキー,菓子,180
3907,1079,2026-06-19,16:26,コーヒー,飲料,160
3908,1113,2026-06-19,16:29,クッキー,菓子,180
3908,1113,2026-06-19,16:29,コーヒー,飲料,160
3909,1082,2026-06-19,16:36,ガム,菓子,110
3909,1082,2026-06-19,16:36,クッキー,菓子,180
3909,1082,2026-06-19,16:36,コーヒー,飲料,160
3910,1083,2026-06-19,16:37,コーヒー,飲料,160
3910,1083,2026-06-19,16:37,チョコレート,菓子,120
3911,1097,2026-06-19,16:39,コーヒー,飲料,160
3912,1077,2026-06-19,16:41,クッキー,菓子,180
3912,1077,2026-06-19,16:41,コーヒー,飲料,160
3913,1116,2026-06-19,16:43,クッキー,菓子,180
3913,1116,2026-06-19,16:43,コーヒー,飲料,160
3914,1074,2026-06-19,16:50,コーヒー,飲料,160
3915,1086,2026-06-19,16:52,お茶,飲料,130
3915,1086,2026-06-19,16:52,チョコレート,菓子,120
3915,1086,2026-06-19,16:52,パン,食事,180
3916,1076,2026-06-19,16:53,クッキー,菓子,180
3916,1076,2026-06-19,16:53,コーヒー,飲料,160
3917,1125,2026-06-19,16:58,クッキー,菓子,180
3917,1125,2026-06-19,16:58,コーヒー,飲料,160
3918,1089,2026-06-19,17:01,コーヒー,飲料,160
3919,1112,2026-06-19,17:03,クッキー,菓子,180
3919,1112,2026-06-19,17:03,コーヒー,飲料,160
3920,1103,2026-06-19,17:11,クッキー,菓子,180
3920,1103,2026-06-19,17:11,コーヒー,飲料,160
3921,1093,2026-06-19,17:27,ジュース,飲料,140
3921,1093,2026-06-19,17:27,パン,食事,180
3922,1092,2026-06-19,17:30,クッキー,菓子,180
3922,1092,2026-06-19,17:30,コーヒー,飲料,160
3922,1092,2026-06-19,17:30,パン,食事,180
3923,1073,2026-06-19,17:31,クッキー,菓子,180
3923,1073,2026-06-19,17:31,コーヒー,飲料,160
3924,1124,2026-06-19,17:36,クッキー,菓子,180
3924,1124,2026-06-19,17:36,コーヒー,飲料,160
3925,1102,2026-06-19,17:52,クッキー,菓子,180
3925,1102,2026-06-19,17:52,コーヒー,飲料,160
3926,1108,2026-06-19,17:54,コーヒー,飲料,160
3926,1108,2026-06-19,17:54,チョコレート,菓子,120
3927,1192,2026-06-19,18:01,ガム,菓子,110
3927,1192,2026-06-19,18:01,コーヒー,飲料,160
3927,1192,2026-06-19,18:01,ジュース,飲料,140
3927,1192,2026-06-19,18:01,チョコレート,菓子,120
3927,1192,2026-06-19,18:01,ノート,文具,200
3928,1198,2026-06-22,10:28,おにぎり,食事,150
3928,1198,2026-06-22,10:28,ジュース,飲料,140
3928,1198,2026-06-22,10:28,ルーズリーフ,文具,350
3929,1026,2026-06-22,11:08,お茶,飲料,130
3929,1026,2026-06-22,11:08,弁当,食事,500
3930,1055,2026-06-22,11:09,おにぎり,食事,150
3930,1055,2026-06-22,11:09,ジュース,飲料,140
3931,1005,2026-06-22,11:12,おにぎり,食事,150
3931,1005,2026-06-22,11:12,お茶,飲料,130
3932,1057,2026-06-22,11:12,おにぎり,食事,150
3932,1057,2026-06-22,11:12,お茶,飲料,130
3932,1057,2026-06-22,11:12,パン,食事,180
3933,1033,2026-06-22,11:15,お茶,飲料,130
3933,1033,2026-06-22,11:15,弁当,食事,500
3934,1022,2026-06-22,11:30,弁当,食事,500
3935,1025,2026-06-22,11:55,お茶,飲料,130
3935,1025,2026-06-22,11:55,カップ麺,食事,220
3935,1025,2026-06-22,11:55,チョコレート,菓子,120
3936,1037,2026-06-22,11:57,おにぎり,食事,150
3936,1037,2026-06-22,11:57,お茶,飲料,130
3936,1037,2026-06-22,11:57,チョコレート,菓子,120
3937,1052,2026-06-22,12:02,おにぎり,食事,150
3937,1052,2026-06-22,12:02,お茶,飲料,130
3938,1058,2026-06-22,12:04,ジュース,飲料,140
3938,1058,2026-06-22,12:04,弁当,食事,500
3939,1133,2026-06-22,12:19,ルーズリーフ,文具,350
3940,1027,2026-06-22,12:23,お茶,飲料,130
3940,1027,2026-06-22,12:23,チョコレート,菓子,120
3940,1027,2026-06-22,12:23,弁当,食事,500
3941,1044,2026-06-22,12:24,おにぎり,食事,150
3941,1044,2026-06-22,12:24,お茶,飲料,130
3942,1035,2026-06-22,12:29,ジュース,飲料,140
3942,1035,2026-06-22,12:29,弁当,食事,500
3943,1038,2026-06-22,12:43,弁当,食事,500
3944,1053,2026-06-22,12:46,お茶,飲料,130
3944,1053,2026-06-22,12:46,弁当,食事,500
3945,1047,2026-06-22,12:48,弁当,食事,500
3946,1062,2026-06-22,13:06,お茶,飲料,130
3946,1062,2026-06-22,13:06,弁当,食事,500
3947,1029,2026-06-22,13:07,おにぎり,食事,150
3947,1029,2026-06-22,13:07,お茶,飲料,130
3948,1070,2026-06-22,13:14,お茶,飲料,130
3948,1070,2026-06-22,13:14,弁当,食事,500
3949,1050,2026-06-22,13:17,弁当,食事,500
3950,1019,2026-06-22,13:20,お茶,飲料,130
3950,1019,2026-06-22,13:20,弁当,食事,500
3951,1023,2026-06-22,13:22,お茶,飲料,130
3951,1023,2026-06-22,13:22,カップ麺,食事,220
3952,1039,2026-06-22,13:22,お茶,飲料,130
3952,1039,2026-06-22,13:22,弁当,食事,500
3953,1017,2026-06-22,13:23,おにぎり,食事,150
3953,1017,2026-06-22,13:23,お茶,飲料,130
3953,1017,2026-06-22,13:23,パン,食事,180
3954,1056,2026-06-22,13:27,お茶,飲料,130
3954,1056,2026-06-22,13:27,チョコレート,菓子,120
3954,1056,2026-06-22,13:27,弁当,食事,500
3955,1004,2026-06-22,13:34,お茶,飲料,130
3955,1004,2026-06-22,13:34,弁当,食事,500
3956,1066,2026-06-22,13:34,お茶,飲料,130
3956,1066,2026-06-22,13:34,弁当,食事,500
3957,1036,2026-06-22,13:35,お茶,飲料,130
3957,1036,2026-06-22,13:35,弁当,食事,500
3958,1069,2026-06-22,13:38,弁当,食事,500
3959,1048,2026-06-22,13:39,弁当,食事,500
3960,1064,2026-06-22,13:39,お茶,飲料,130
3960,1064,2026-06-22,13:39,カップ麺,食事,220
3961,1032,2026-06-22,13:40,おにぎり,食事,150
3961,1032,2026-06-22,13:40,お茶,飲料,130
3962,1007,2026-06-22,13:57,おにぎり,食事,150
3962,1007,2026-06-22,13:57,お茶,飲料,130
3962,1007,2026-06-22,13:57,パン,食事,180
3963,1068,2026-06-22,13:58,ジュース,飲料,140
3963,1068,2026-06-22,13:58,弁当,食事,500
3964,1083,2026-06-22,14:04,コーヒー,飲料,160
3964,1083,2026-06-22,14:04,チョコレート,菓子,120
3965,1115,2026-06-22,14:20,ガム,菓子,110
3965,1115,2026-06-22,14:20,クッキー,菓子,180
3965,1115,2026-06-22,14:20,コーヒー,飲料,160
3966,1077,2026-06-22,14:34,クッキー,菓子,180
3966,1077,2026-06-22,14:34,コーヒー,飲料,160
3967,1113,2026-06-22,14:34,クッキー,菓子,180
3967,1113,2026-06-22,14:34,コーヒー,飲料,160
3968,1105,2026-06-22,14:42,お茶,飲料,130
3969,1093,2026-06-22,14:43,コーヒー,飲料,160
3969,1093,2026-06-22,14:43,チョコレート,菓子,120
3970,1117,2026-06-22,14:43,ガム,菓子,110
3970,1117,2026-06-22,14:43,クッキー,菓子,180
3970,1117,2026-06-22,14:43,コーヒー,飲料,160
3971,1112,2026-06-22,14:46,ガム,菓子,110
3971,1112,2026-06-22,14:46,クッキー,菓子,180
3971,1112,2026-06-22,14:46,コーヒー,飲料,160
3972,1124,2026-06-22,14:47,お茶,飲料,130
3973,1097,2026-06-22,14:55,クッキー,菓子,180
3973,1097,2026-06-22,14:55,コーヒー,飲料,160
3974,1073,2026-06-22,14:57,ガム,菓子,110
3974,1073,2026-06-22,14:57,コーヒー,飲料,160
3975,1189,2026-06-22,15:00,お茶,飲料,130
3975,1189,2026-06-22,15:00,カップ麺,食事,220
3975,1189,2026-06-22,15:00,コーヒー,飲料,160
3975,1189,2026-06-22,15:00,ジュース,飲料,140
3975,1189,2026-06-22,15:00,パン,食事,180
3975,1189,2026-06-22,15:00,ルーズリーフ,文具,350
3975,1189,2026-06-22,15:00,弁当,食事,500
3976,1071,2026-06-22,15:07,コーヒー,飲料,160
3977,1080,2026-06-22,15:08,クッキー,菓子,180
3977,1080,2026-06-22,15:08,コーヒー,飲料,160
3978,1103,2026-06-22,15:11,コーヒー,飲料,160
3978,1103,2026-06-22,15:11,チョコレート,菓子,120
3979,1072,2026-06-22,15:12,コーヒー,飲料,160
3979,1072,2026-06-22,15:12,チョコレート,菓子,120
3980,1074,2026-06-22,15:21,クッキー,菓子,180
3980,1074,2026-06-22,15:21,コーヒー,飲料,160
3980,1074,2026-06-22,15:21,パン,食事,180
3981,1101,2026-06-22,15:36,ガム,菓子,110
3981,1101,2026-06-22,15:36,クッキー,菓子,180
3981,1101,2026-06-22,15:36,コーヒー,飲料,160
3982,1098,2026-06-22,15:44,コーヒー,飲料,160
3982,1098,2026-06-22,15:44,チョコレート,菓子,120
3983,1085,2026-06-22,15:52,コーヒー,飲料,160
3984,1120,2026-06-22,15:54,クッキー,菓子,180
3984,1120,2026-06-22,15:54,コーヒー,飲料,160
3985,1099,2026-06-22,16:00,クッキー,菓子,180
3985,1099,2026-06-22,16:00,コーヒー,飲料,160
3986,1094,2026-06-22,16:09,コーヒー,飲料,160
3986,1094,2026-06-22,16:09,チョコレート,菓子,120
3987,1107,2026-06-22,16:10,コーヒー,飲料,160
3987,1107,2026-06-22,16:10,チョコレート,菓子,120
3988,1078,2026-06-22,16:12,お茶,飲料,130
3988,1078,2026-06-22,16:12,パン,食事,180
3989,1109,2026-06-22,16:21,クッキー,菓子,180
3989,1109,2026-06-22,16:21,コーヒー,飲料,160
3990,1123,2026-06-22,16:24,お茶,飲料,130
3991,1096,2026-06-22,16:36,クッキー,菓子,180
3991,1096,2026-06-22,16:36,コーヒー,飲料,160
3992,1119,2026-06-22,16:39,クッキー,菓子,180
3992,1119,2026-06-22,16:39,コーヒー,飲料,160
3993,1108,2026-06-22,16:44,クッキー,菓子,180
3993,1108,2026-06-22,16:44,コーヒー,飲料,160
3994,1111,2026-06-22,16:56,コーヒー,飲料,160
3995,1088,2026-06-22,17:00,コーヒー,飲料,160
3996,1125,2026-06-22,17:05,ジュース,飲料,140
3996,1125,2026-06-22,17:05,チョコレート,菓子,120
3997,1084,2026-06-22,17:17,クッキー,菓子,180
3997,1084,2026-06-22,17:17,コーヒー,飲料,160
3998,1090,2026-06-22,17:18,ガム,菓子,110
3998,1090,2026-06-22,17:18,コーヒー,飲料,160
3998,1090,2026-06-22,17:18,チョコレート,菓子,120
3999,1082,2026-06-22,17:26,クッキー,菓子,180
3999,1082,2026-06-22,17:26,コーヒー,飲料,160
4000,1118,2026-06-22,17:29,ジュース,飲料,140
4001,1092,2026-06-22,17:41,コーヒー,飲料,160
4001,1092,2026-06-22,17:41,パン,食事,180
4002,1079,2026-06-22,17:42,クッキー,菓子,180
4002,1079,2026-06-22,17:42,コーヒー,飲料,160
4003,1122,2026-06-22,17:43,コーヒー,飲料,160
4004,1110,2026-06-22,17:55,コーヒー,飲料,160
4004,1110,2026-06-22,17:55,チョコレート,菓子,120
4005,1145,2026-06-23,09:56,ルーズリーフ,文具,350
4006,1004,2026-06-23,11:00,おにぎり,食事,150
4006,1004,2026-06-23,11:00,お茶,飲料,130
4006,1004,2026-06-23,11:00,パン,食事,180
4007,1070,2026-06-23,11:08,おにぎり,食事,150
4007,1070,2026-06-23,11:08,お茶,飲料,130
4007,1070,2026-06-23,11:08,パン,食事,180
4008,1060,2026-06-23,11:18,お茶,飲料,130
4008,1060,2026-06-23,11:18,弁当,食事,500
4009,1041,2026-06-23,11:20,お茶,飲料,130
4009,1041,2026-06-23,11:20,弁当,食事,500
4010,1042,2026-06-23,11:33,弁当,食事,500
4011,1044,2026-06-23,11:49,おにぎり,食事,150
4011,1044,2026-06-23,11:49,お茶,飲料,130
4011,1044,2026-06-23,11:49,パン,食事,180
4012,1018,2026-06-23,11:54,おにぎり,食事,150
4012,1018,2026-06-23,11:54,お茶,飲料,130
4013,1016,2026-06-23,12:11,お茶,飲料,130
4013,1016,2026-06-23,12:11,カップ麺,食事,220
4013,1016,2026-06-23,12:11,チョコレート,菓子,120
4014,1007,2026-06-23,12:20,お茶,飲料,130
4014,1007,2026-06-23,12:20,サンドイッチ,食事,320
4015,1146,2026-06-23,12:26,お茶,飲料,130
4015,1146,2026-06-23,12:26,ノート,文具,200
4016,1020,2026-06-23,12:28,弁当,食事,500
4017,1014,2026-06-23,12:31,おにぎり,食事,150
4017,1014,2026-06-23,12:31,お茶,飲料,130
4018,1065,2026-06-23,12:34,弁当,食事,500
4019,1128,2026-06-23,12:34,ノート,文具,200
4019,1128,2026-06-23,12:34,ボールペン,文具,120
4020,1064,2026-06-23,12:38,チョコレート,菓子,120
4020,1064,2026-06-23,12:38,弁当,食事,500
4021,1015,2026-06-23,12:39,お茶,飲料,130
4021,1015,2026-06-23,12:39,サンドイッチ,食事,320
4022,1053,2026-06-23,12:41,お茶,飲料,130
4022,1053,2026-06-23,12:41,弁当,食事,500
4023,1196,2026-06-23,12:47,カップ麺,食事,220
4023,1196,2026-06-23,12:47,クッキー,菓子,180
4023,1196,2026-06-23,12:47,コーヒー,飲料,160
4023,1196,2026-06-23,12:47,ジュース,飲料,140
4024,1043,2026-06-23,12:50,おにぎり,食事,150
4024,1043,2026-06-23,12:50,お茶,飲料,130
4024,1043,2026-06-23,12:50,パン,食事,180
4025,1006,2026-06-23,13:00,お茶,飲料,130
4025,1006,2026-06-23,13:00,弁当,食事,500
4026,1067,2026-06-23,13:06,お茶,飲料,130
4026,1067,2026-06-23,13:06,カップ麺,食事,220
4027,1050,2026-06-23,13:09,お茶,飲料,130
4027,1050,2026-06-23,13:09,弁当,食事,500
4028,1022,2026-06-23,13:19,弁当,食事,500
4029,1027,2026-06-23,13:20,弁当,食事,500
4030,1037,2026-06-23,13:22,おにぎり,食事,150
4030,1037,2026-06-23,13:22,ジュース,飲料,140
4030,1037,2026-06-23,13:22,パン,食事,180
4031,1030,2026-06-23,13:25,お茶,飲料,130
4031,1030,2026-06-23,13:25,カップ麺,食事,220
4032,1056,2026-06-23,13:29,弁当,食事,500
4033,1002,2026-06-23,13:30,おにぎり,食事,150
4033,1002,2026-06-23,13:30,お茶,飲料,130
4033,1002,2026-06-23,13:30,パン,食事,180
4034,1186,2026-06-23,13:30,お茶,飲料,130
4034,1186,2026-06-23,13:30,クッキー,菓子,180
4034,1186,2026-06-23,13:30,コーヒー,飲料,160
4034,1186,2026-06-23,13:30,ジュース,飲料,140
4034,1186,2026-06-23,13:30,チョコレート,菓子,120
4034,1186,2026-06-23,13:30,パン,食事,180
4034,1186,2026-06-23,13:30,ルーズリーフ,文具,350
4034,1186,2026-06-23,13:30,消しゴム,文具,100
4035,1051,2026-06-23,13:31,おにぎり,食事,150
4035,1051,2026-06-23,13:31,お茶,飲料,130
4035,1051,2026-06-23,13:31,パン,食事,180
4036,1173,2026-06-23,13:35,おにぎり,食事,150
4036,1173,2026-06-23,13:35,お茶,飲料,130
4036,1173,2026-06-23,13:35,カップ麺,食事,220
4036,1173,2026-06-23,13:35,ジュース,飲料,140
4036,1173,2026-06-23,13:35,チョコレート,菓子,120
4036,1173,2026-06-23,13:35,弁当,食事,500
4037,1012,2026-06-23,13:40,お茶,飲料,130
4037,1012,2026-06-23,13:40,サンドイッチ,食事,320
4038,1143,2026-06-23,13:40,ノート,文具,200
4039,1055,2026-06-23,13:43,おにぎり,食事,150
4039,1055,2026-06-23,13:43,お茶,飲料,130
4040,1038,2026-06-23,13:44,お茶,飲料,130
4040,1038,2026-06-23,13:44,弁当,食事,500
4041,1035,2026-06-23,13:48,おにぎり,食事,150
4041,1035,2026-06-23,13:48,パン,食事,180
4042,1019,2026-06-23,13:58,おにぎり,食事,150
4042,1019,2026-06-23,13:58,パン,食事,180
4043,1075,2026-06-23,14:11,コーヒー,飲料,160
4044,1080,2026-06-23,14:11,お茶,飲料,130
4045,1099,2026-06-23,14:13,クッキー,菓子,180
4045,1099,2026-06-23,14:13,コーヒー,飲料,160
4046,1124,2026-06-23,14:21,クッキー,菓子,180
4046,1124,2026-06-23,14:21,コーヒー,飲料,160
4047,1123,2026-06-23,14:22,クッキー,菓子,180
4047,1123,2026-06-23,14:22,コーヒー,飲料,160
4048,1094,2026-06-23,14:32,お茶,飲料,130
4049,1114,2026-06-23,14:38,コーヒー,飲料,160
4050,1199,2026-06-23,14:39,お茶,飲料,130
4050,1199,2026-06-23,14:39,サンドイッチ,食事,320
4050,1199,2026-06-23,14:39,ノート,文具,200
4050,1199,2026-06-23,14:39,ボールペン,文具,120
4050,1199,2026-06-23,14:39,ルーズリーフ,文具,350
4051,1118,2026-06-23,14:43,ガム,菓子,110
4051,1118,2026-06-23,14:43,クッキー,菓子,180
4051,1118,2026-06-23,14:43,コーヒー,飲料,160
4052,1081,2026-06-23,14:44,コーヒー,飲料,160
4053,1087,2026-06-23,15:05,コーヒー,飲料,160
4054,1117,2026-06-23,15:09,ガム,菓子,110
4054,1117,2026-06-23,15:09,クッキー,菓子,180
4054,1117,2026-06-23,15:09,コーヒー,飲料,160
4055,1086,2026-06-23,15:19,クッキー,菓子,180
4055,1086,2026-06-23,15:19,コーヒー,飲料,160
4056,1112,2026-06-23,15:25,コーヒー,飲料,160
4057,1077,2026-06-23,15:36,クッキー,菓子,180
4057,1077,2026-06-23,15:36,コーヒー,飲料,160
4058,1110,2026-06-23,15:38,お茶,飲料,130
4058,1110,2026-06-23,15:38,チョコレート,菓子,120
4059,1092,2026-06-23,15:45,ガム,菓子,110
4059,1092,2026-06-23,15:45,コーヒー,飲料,160
4060,1088,2026-06-23,15:46,クッキー,菓子,180
4060,1088,2026-06-23,15:46,コーヒー,飲料,160
4061,1096,2026-06-23,15:46,クッキー,菓子,180
4061,1096,2026-06-23,15:46,コーヒー,飲料,160
4061,1096,2026-06-23,15:46,パン,食事,180
4062,1164,2026-06-23,15:46,消しゴム,文具,100
4063,1107,2026-06-23,16:14,コーヒー,飲料,160
4064,1121,2026-06-23,16:15,クッキー,菓子,180
4064,1121,2026-06-23,16:15,コーヒー,飲料,160
4065,1156,2026-06-23,16:17,お茶,飲料,130
4065,1156,2026-06-23,16:17,ノート,文具,200
4065,1156,2026-06-23,16:17,ボールペン,文具,120
4065,1156,2026-06-23,16:17,ルーズリーフ,文具,350
4066,1084,2026-06-23,16:20,お茶,飲料,130
4067,1101,2026-06-23,16:26,クッキー,菓子,180
4067,1101,2026-06-23,16:26,コーヒー,飲料,160
4068,1125,2026-06-23,16:27,ガム,菓子,110
4068,1125,2026-06-23,16:27,クッキー,菓子,180
4068,1125,2026-06-23,16:27,コーヒー,飲料,160
4069,1082,2026-06-23,16:37,ジュース,飲料,140
4070,1172,2026-06-23,16:39,おにぎり,食事,150
4070,1172,2026-06-23,16:39,お茶,飲料,130
4070,1172,2026-06-23,16:39,ガム,菓子,110
4070,1172,2026-06-23,16:39,コーヒー,飲料,160
4070,1172,2026-06-23,16:39,サンドイッチ,食事,320
4070,1172,2026-06-23,16:39,ジュース,飲料,140
4070,1172,2026-06-23,16:39,チョコレート,菓子,120
4070,1172,2026-06-23,16:39,ボールペン,文具,120
4071,1072,2026-06-23,16:44,クッキー,菓子,180
4071,1072,2026-06-23,16:44,コーヒー,飲料,160
4072,1091,2026-06-23,16:46,ガム,菓子,110
4072,1091,2026-06-23,16:46,クッキー,菓子,180
4072,1091,2026-06-23,16:46,コーヒー,飲料,160
4073,1108,2026-06-23,16:47,コーヒー,飲料,160
4074,1076,2026-06-23,16:56,クッキー,菓子,180
4074,1076,2026-06-23,16:56,コーヒー,飲料,160
4075,1120,2026-06-23,16:59,お茶,飲料,130
4075,1120,2026-06-23,16:59,チョコレート,菓子,120
4076,1113,2026-06-23,17:02,コーヒー,飲料,160
4076,1113,2026-06-23,17:02,チョコレート,菓子,120
4077,1073,2026-06-23,17:05,ガム,菓子,110
4077,1073,2026-06-23,17:05,クッキー,菓子,180
4077,1073,2026-06-23,17:05,コーヒー,飲料,160
4078,1078,2026-06-23,17:08,ガム,菓子,110
4078,1078,2026-06-23,17:08,クッキー,菓子,180
4078,1078,2026-06-23,17:08,コーヒー,飲料,160
4079,1105,2026-06-23,17:09,コーヒー,飲料,160
4080,1100,2026-06-23,17:11,コーヒー,飲料,160
4080,1100,2026-06-23,17:11,パン,食事,180
4081,1111,2026-06-23,17:13,クッキー,菓子,180
4081,1111,2026-06-23,17:13,コーヒー,飲料,160
4082,1085,2026-06-23,17:19,クッキー,菓子,180
4082,1085,2026-06-23,17:19,コーヒー,飲料,160
4083,1122,2026-06-23,17:31,クッキー,菓子,180
4083,1122,2026-06-23,17:31,コーヒー,飲料,160
4084,1089,2026-06-23,17:44,お茶,飲料,130
4085,1093,2026-06-23,17:44,コーヒー,飲料,160
4085,1093,2026-06-23,17:44,チョコレート,菓子,120
4086,1169,2026-06-23,18:13,おにぎり,食事,150
4086,1169,2026-06-23,18:13,お茶,飲料,130
4086,1169,2026-06-23,18:13,カップ麺,食事,220
4086,1169,2026-06-23,18:13,クッキー,菓子,180
4086,1169,2026-06-23,18:13,パン,食事,180
4086,1169,2026-06-23,18:13,ボールペン,文具,120
4086,1169,2026-06-23,18:13,弁当,食事,500
4087,1161,2026-06-24,09:25,ノート,文具,200
4087,1161,2026-06-24,09:25,ボールペン,文具,120
4087,1161,2026-06-24,09:25,ルーズリーフ,文具,350
4087,1161,2026-06-24,09:25,消しゴム,文具,100
4088,1063,2026-06-24,11:03,おにぎり,食事,150
4088,1063,2026-06-24,11:03,お茶,飲料,130
4089,1058,2026-06-24,11:13,お茶,飲料,130
4089,1058,2026-06-24,11:13,弁当,食事,500
4090,1068,2026-06-24,11:17,お茶,飲料,130
4090,1068,2026-06-24,11:17,弁当,食事,500
4091,1041,2026-06-24,11:22,お茶,飲料,130
4091,1041,2026-06-24,11:22,弁当,食事,500
4092,1070,2026-06-24,11:40,弁当,食事,500
4093,1034,2026-06-24,11:48,お茶,飲料,130
4093,1034,2026-06-24,11:48,サンドイッチ,食事,320
4094,1046,2026-06-24,11:53,ジュース,飲料,140
4094,1046,2026-06-24,11:53,弁当,食事,500
4095,1066,2026-06-24,11:58,お茶,飲料,130
4095,1066,2026-06-24,11:58,弁当,食事,500
4096,1056,2026-06-24,12:01,お茶,飲料,130
4096,1056,2026-06-24,12:01,弁当,食事,500
4097,1057,2026-06-24,12:10,弁当,食事,500
4098,1047,2026-06-24,12:15,お茶,飲料,130
4098,1047,2026-06-24,12:15,弁当,食事,500
4099,1048,2026-06-24,12:16,カップ麺,食事,220
4099,1048,2026-06-24,12:16,チョコレート,菓子,120
4100,1013,2026-06-24,12:27,サンドイッチ,食事,320
4100,1013,2026-06-24,12:27,チョコレート,菓子,120
4101,1008,2026-06-24,12:29,おにぎり,食事,150
4101,1008,2026-06-24,12:29,お茶,飲料,130
4101,1008,2026-06-24,12:29,パン,食事,180
4102,1060,2026-06-24,12:30,お茶,飲料,130
4102,1060,2026-06-24,12:30,弁当,食事,500
4103,1029,2026-06-24,12:31,弁当,食事,500
4104,1012,2026-06-24,12:35,弁当,食事,500
4105,1064,2026-06-24,12:42,ジュース,飲料,140
4105,1064,2026-06-24,12:42,弁当,食事,500
4106,1043,2026-06-24,12:43,お茶,飲料,130
4106,1043,2026-06-24,12:43,弁当,食事,500
4107,1020,2026-06-24,12:56,お茶,飲料,130
4107,1020,2026-06-24,12:56,弁当,食事,500
4108,1038,2026-06-24,12:58,弁当,食事,500
4109,1044,2026-06-24,13:03,お茶,飲料,130
4109,1044,2026-06-24,13:03,弁当,食事,500
4110,1036,2026-06-24,13:04,お茶,飲料,130
4110,1036,2026-06-24,13:04,弁当,食事,500
4111,1027,2026-06-24,13:10,おにぎり,食事,150
4111,1027,2026-06-24,13:10,お茶,飲料,130
4111,1027,2026-06-24,13:10,チョコレート,菓子,120
4112,1065,2026-06-24,13:10,お茶,飲料,130
4112,1065,2026-06-24,13:10,弁当,食事,500
4113,1006,2026-06-24,13:21,お茶,飲料,130
4113,1006,2026-06-24,13:21,サンドイッチ,食事,320
4114,1010,2026-06-24,13:24,お茶,飲料,130
4114,1010,2026-06-24,13:24,カップ麺,食事,220
4115,1003,2026-06-24,13:26,カップ麺,食事,220
4116,1026,2026-06-24,13:31,ジュース,飲料,140
4116,1026,2026-06-24,13:31,弁当,食事,500
4117,1024,2026-06-24,13:35,お茶,飲料,130
4117,1024,2026-06-24,13:35,弁当,食事,500
4118,1053,2026-06-24,13:36,おにぎり,食事,150
4118,1053,2026-06-24,13:36,お茶,飲料,130
4119,1001,2026-06-24,13:47,弁当,食事,500
4120,1005,2026-06-24,13:48,お茶,飲料,130
4120,1005,2026-06-24,13:48,弁当,食事,500
4121,1014,2026-06-24,13:49,サンドイッチ,食事,320
4122,1030,2026-06-24,13:51,お茶,飲料,130
4122,1030,2026-06-24,13:51,サンドイッチ,食事,320
4123,1078,2026-06-24,14:18,コーヒー,飲料,160
4124,1089,2026-06-24,14:22,クッキー,菓子,180
4124,1089,2026-06-24,14:22,コーヒー,飲料,160
4125,1110,2026-06-24,14:22,ガム,菓子,110
4125,1110,2026-06-24,14:22,クッキー,菓子,180
4125,1110,2026-06-24,14:22,コーヒー,飲料,160
4126,1086,2026-06-24,14:32,クッキー,菓子,180
4126,1086,2026-06-24,14:32,コーヒー,飲料,160
4127,1108,2026-06-24,14:33,クッキー,菓子,180
4127,1108,2026-06-24,14:33,コーヒー,飲料,160
4128,1122,2026-06-24,14:52,コーヒー,飲料,160
4128,1122,2026-06-24,14:52,パン,食事,180
4129,1087,2026-06-24,14:58,クッキー,菓子,180
4129,1087,2026-06-24,14:58,コーヒー,飲料,160
4130,1124,2026-06-24,15:02,ジュース,飲料,140
4130,1124,2026-06-24,15:02,チョコレート,菓子,120
4130,1124,2026-06-24,15:02,パン,食事,180
4131,1119,2026-06-24,15:03,クッキー,菓子,180
4131,1119,2026-06-24,15:03,コーヒー,飲料,160
4132,1079,2026-06-24,15:12,コーヒー,飲料,160
4132,1079,2026-06-24,15:12,パン,食事,180
4133,1085,2026-06-24,15:12,コーヒー,飲料,160
4134,1076,2026-06-24,15:32,クッキー,菓子,180
4134,1076,2026-06-24,15:32,コーヒー,飲料,160
4135,1106,2026-06-24,15:34,ガム,菓子,110
4135,1106,2026-06-24,15:34,クッキー,菓子,180
4135,1106,2026-06-24,15:34,コーヒー,飲料,160
4136,1097,2026-06-24,15:35,コーヒー,飲料,160
4136,1097,2026-06-24,15:35,チョコレート,菓子,120
4137,1120,2026-06-24,15:37,クッキー,菓子,180
4137,1120,2026-06-24,15:37,コーヒー,飲料,160
4138,1090,2026-06-24,15:47,コーヒー,飲料,160
4138,1090,2026-06-24,15:47,チョコレート,菓子,120
4139,1114,2026-06-24,15:51,クッキー,菓子,180
4139,1114,2026-06-24,15:51,コーヒー,飲料,160
4140,1158,2026-06-24,15:54,ルーズリーフ,文具,350
4141,1075,2026-06-24,15:59,コーヒー,飲料,160
4142,1113,2026-06-24,16:01,コーヒー,飲料,160
4143,1188,2026-06-24,16:05,お茶,飲料,130
4143,1188,2026-06-24,16:05,カップ麺,食事,220
4143,1188,2026-06-24,16:05,クッキー,菓子,180
4143,1188,2026-06-24,16:05,コーヒー,飲料,160
4143,1188,2026-06-24,16:05,サンドイッチ,食事,320
4143,1188,2026-06-24,16:05,ジュース,飲料,140
4143,1188,2026-06-24,16:05,パン,食事,180
4143,1188,2026-06-24,16:05,ルーズリーフ,文具,350
4143,1188,2026-06-24,16:05,弁当,食事,500
4144,1098,2026-06-24,16:16,ガム,菓子,110
4144,1098,2026-06-24,16:16,クッキー,菓子,180
4144,1098,2026-06-24,16:16,コーヒー,飲料,160
4145,1099,2026-06-24,16:32,クッキー,菓子,180
4145,1099,2026-06-24,16:32,コーヒー,飲料,160
4146,1095,2026-06-24,16:41,クッキー,菓子,180
4146,1095,2026-06-24,16:41,コーヒー,飲料,160
4147,1088,2026-06-24,16:42,コーヒー,飲料,160
4148,1080,2026-06-24,16:43,クッキー,菓子,180
4148,1080,2026-06-24,16:43,コーヒー,飲料,160
4149,1100,2026-06-24,16:43,クッキー,菓子,180
4149,1100,2026-06-24,16:43,コーヒー,飲料,160
4150,1118,2026-06-24,16:50,クッキー,菓子,180
4150,1118,2026-06-24,16:50,コーヒー,飲料,160
4151,1092,2026-06-24,17:15,お茶,飲料,130
4152,1105,2026-06-24,17:16,ジュース,飲料,140
4152,1105,2026-06-24,17:16,パン,食事,180
4153,1107,2026-06-24,17:16,クッキー,菓子,180
4153,1107,2026-06-24,17:16,コーヒー,飲料,160
4153,1107,2026-06-24,17:16,パン,食事,180
4154,1102,2026-06-24,17:20,コーヒー,飲料,160
4155,1077,2026-06-24,17:21,クッキー,菓子,180
4155,1077,2026-06-24,17:21,コーヒー,飲料,160
4156,1112,2026-06-24,17:33,ガム,菓子,110
4156,1112,2026-06-24,17:33,ジュース,飲料,140
4157,1195,2026-06-24,17:38,お茶,飲料,130
4157,1195,2026-06-24,17:38,カップ麺,食事,220
4157,1195,2026-06-24,17:38,ガム,菓子,110
4157,1195,2026-06-24,17:38,サンドイッチ,食事,320
4157,1195,2026-06-24,17:38,チョコレート,菓子,120
4157,1195,2026-06-24,17:38,ノート,文具,200
4157,1195,2026-06-24,17:38,弁当,食事,500
4158,1072,2026-06-24,17:46,コーヒー,飲料,160
4159,1140,2026-06-24,17:49,お茶,飲料,130
4159,1140,2026-06-24,17:49,ノート,文具,200
4159,1140,2026-06-24,17:49,ボールペン,文具,120
4159,1140,2026-06-24,17:49,ルーズリーフ,文具,350
4160,1104,2026-06-24,17:55,クッキー,菓子,180
4160,1104,2026-06-24,17:55,コーヒー,飲料,160
4161,1081,2026-06-24,17:56,ガム,菓子,110
4161,1081,2026-06-24,17:56,クッキー,菓子,180
4161,1081,2026-06-24,17:56,コーヒー,飲料,160
4162,1128,2026-06-25,09:14,お茶,飲料,130
4162,1128,2026-06-25,09:14,ノート,文具,200
4162,1128,2026-06-25,09:14,ルーズリーフ,文具,350
4163,1135,2026-06-25,09:59,お茶,飲料,130
4163,1135,2026-06-25,09:59,ノート,文具,200
4164,1029,2026-06-25,11:04,弁当,食事,500
4165,1050,2026-06-25,11:07,サンドイッチ,食事,320
4165,1050,2026-06-25,11:07,ジュース,飲料,140
4166,1019,2026-06-25,11:13,おにぎり,食事,150
4167,1022,2026-06-25,11:19,おにぎり,食事,150
4167,1022,2026-06-25,11:19,お茶,飲料,130
4168,1007,2026-06-25,11:21,おにぎり,食事,150
4168,1007,2026-06-25,11:21,お茶,飲料,130
4168,1007,2026-06-25,11:21,パン,食事,180
4169,1067,2026-06-25,11:31,おにぎり,食事,150
4169,1067,2026-06-25,11:31,お茶,飲料,130
4170,1060,2026-06-25,11:37,おにぎり,食事,150
4170,1060,2026-06-25,11:37,お茶,飲料,130
4171,1056,2026-06-25,11:38,ジュース,飲料,140
4171,1056,2026-06-25,11:38,弁当,食事,500
4172,1010,2026-06-25,11:40,おにぎり,食事,150
4172,1010,2026-06-25,11:40,お茶,飲料,130
4172,1010,2026-06-25,11:40,パン,食事,180
4173,1058,2026-06-25,11:44,ジュース,飲料,140
4173,1058,2026-06-25,11:44,弁当,食事,500
4174,1011,2026-06-25,11:50,サンドイッチ,食事,320
4174,1011,2026-06-25,11:50,ジュース,飲料,140
4175,1023,2026-06-25,11:56,おにぎり,食事,150
4175,1023,2026-06-25,11:56,パン,食事,180
4176,1054,2026-06-25,12:00,おにぎり,食事,150
4176,1054,2026-06-25,12:00,お茶,飲料,130
4177,1008,2026-06-25,12:02,お茶,飲料,130
4177,1008,2026-06-25,12:02,弁当,食事,500
4178,1041,2026-06-25,12:02,おにぎり,食事,150
4178,1041,2026-06-25,12:02,お茶,飲料,130
4178,1041,2026-06-25,12:02,パン,食事,180
4179,1036,2026-06-25,12:07,お茶,飲料,130
4179,1036,2026-06-25,12:07,弁当,食事,500
4180,1196,2026-06-25,12:10,おにぎり,食事,150
4180,1196,2026-06-25,12:10,お茶,飲料,130
4180,1196,2026-06-25,12:10,コーヒー,飲料,160
4180,1196,2026-06-25,12:10,パン,食事,180
4181,1062,2026-06-25,12:24,おにぎり,食事,150
4181,1062,2026-06-25,12:24,お茶,飲料,130
4182,1061,2026-06-25,12:25,お茶,飲料,130
4182,1061,2026-06-25,12:25,サンドイッチ,食事,320
4183,1049,2026-06-25,12:30,カップ麺,食事,220
4184,1001,2026-06-25,12:35,ジュース,飲料,140
4184,1001,2026-06-25,12:35,弁当,食事,500
4185,1034,2026-06-25,12:37,お茶,飲料,130
4185,1034,2026-06-25,12:37,サンドイッチ,食事,320
4186,1043,2026-06-25,12:54,カップ麺,食事,220
4187,1042,2026-06-25,13:03,カップ麺,食事,220
4188,1006,2026-06-25,13:12,お茶,飲料,130
4188,1006,2026-06-25,13:12,チョコレート,菓子,120
4188,1006,2026-06-25,13:12,弁当,食事,500
4189,1037,2026-06-25,13:12,カップ麺,食事,220
4190,1047,2026-06-25,13:16,お茶,飲料,130
4190,1047,2026-06-25,13:16,カップ麺,食事,220
4191,1012,2026-06-25,13:21,おにぎり,食事,150
4191,1012,2026-06-25,13:21,チョコレート,菓子,120
4191,1012,2026-06-25,13:21,パン,食事,180
4192,1048,2026-06-25,13:24,おにぎり,食事,150
4192,1048,2026-06-25,13:24,お茶,飲料,130
4193,1028,2026-06-25,13:30,おにぎり,食事,150
4194,1002,2026-06-25,13:31,サンドイッチ,食事,320
4194,1002,2026-06-25,13:31,ジュース,飲料,140
4195,1051,2026-06-25,13:32,おにぎり,食事,150
4195,1051,2026-06-25,13:32,お茶,飲料,130
4196,1031,2026-06-25,13:33,弁当,食事,500
4197,1033,2026-06-25,13:36,弁当,食事,500
4198,1025,2026-06-25,13:40,お茶,飲料,130
4198,1025,2026-06-25,13:40,チョコレート,菓子,120
4198,1025,2026-06-25,13:40,弁当,食事,500
4199,1063,2026-06-25,13:46,弁当,食事,500
4200,1004,2026-06-25,13:47,お茶,飲料,130
4200,1004,2026-06-25,13:47,カップ麺,食事,220
4201,1088,2026-06-25,14:00,お茶,飲料,130
4201,1088,2026-06-25,14:00,チョコレート,菓子,120
4202,1072,2026-06-25,14:03,クッキー,菓子,180
4202,1072,2026-06-25,14:03,コーヒー,飲料,160
4203,1123,2026-06-25,14:09,クッキー,菓子,180
4203,1123,2026-06-25,14:09,コーヒー,飲料,160
4204,1083,2026-06-25,14:23,クッキー,菓子,180
4204,1083,2026-06-25,14:23,コーヒー,飲料,160
4205,1122,2026-06-25,14:24,コーヒー,飲料,160
4206,1161,2026-06-25,14:31,ノート,文具,200
4207,1086,2026-06-25,14:36,お茶,飲料,130
4207,1086,2026-06-25,14:36,チョコレート,菓子,120
4207,1086,2026-06-25,14:36,パン,食事,180
4208,1109,2026-06-25,14:38,クッキー,菓子,180
4208,1109,2026-06-25,14:38,コーヒー,飲料,160
4209,1162,2026-06-25,14:44,お茶,飲料,130
4209,1162,2026-06-25,14:44,ノート,文具,200
4209,1162,2026-06-25,14:44,ボールペン,文具,120
4209,1162,2026-06-25,14:44,ルーズリーフ,文具,350
4209,1162,2026-06-25,14:44,消しゴム,文具,100
4210,1110,2026-06-25,14:45,コーヒー,飲料,160
4210,1110,2026-06-25,14:45,チョコレート,菓子,120
4211,1114,2026-06-25,14:45,クッキー,菓子,180
4211,1114,2026-06-25,14:45,コーヒー,飲料,160
4212,1102,2026-06-25,14:49,クッキー,菓子,180
4212,1102,2026-06-25,14:49,コーヒー,飲料,160
4213,1095,2026-06-25,15:02,クッキー,菓子,180
4213,1095,2026-06-25,15:02,コーヒー,飲料,160
4214,1093,2026-06-25,15:08,ガム,菓子,110
4214,1093,2026-06-25,15:08,コーヒー,飲料,160
4214,1093,2026-06-25,15:08,チョコレート,菓子,120
4215,1125,2026-06-25,15:16,クッキー,菓子,180
4215,1125,2026-06-25,15:16,コーヒー,飲料,160
4216,1165,2026-06-25,15:16,お茶,飲料,130
4216,1165,2026-06-25,15:16,ノート,文具,200
4216,1165,2026-06-25,15:16,ボールペン,文具,120
4217,1096,2026-06-25,15:37,クッキー,菓子,180
4217,1096,2026-06-25,15:37,コーヒー,飲料,160
4218,1121,2026-06-25,15:37,クッキー,菓子,180
4218,1121,2026-06-25,15:37,コーヒー,飲料,160
4219,1091,2026-06-25,15:48,ジュース,飲料,140
4219,1091,2026-06-25,15:48,チョコレート,菓子,120
4220,1119,2026-06-25,15:49,お茶,飲料,130
4220,1119,2026-06-25,15:49,ガム,菓子,110
4221,1113,2026-06-25,16:02,コーヒー,飲料,160
4222,1101,2026-06-25,16:04,クッキー,菓子,180
4222,1101,2026-06-25,16:04,コーヒー,飲料,160
4223,1117,2026-06-25,16:09,ガム,菓子,110
4223,1117,2026-06-25,16:09,コーヒー,飲料,160
4224,1094,2026-06-25,16:21,お茶,飲料,130
4224,1094,2026-06-25,16:21,チョコレート,菓子,120
4225,1106,2026-06-25,16:24,ジュース,飲料,140
4225,1106,2026-06-25,16:24,チョコレート,菓子,120
4226,1081,2026-06-25,16:25,ガム,菓子,110
4226,1081,2026-06-25,16:25,ジュース,飲料,140
4227,1075,2026-06-25,16:29,クッキー,菓子,180
4227,1075,2026-06-25,16:29,コーヒー,飲料,160
4228,1111,2026-06-25,16:29,クッキー,菓子,180
4228,1111,2026-06-25,16:29,コーヒー,飲料,160
4229,1073,2026-06-25,16:33,クッキー,菓子,180
4229,1073,2026-06-25,16:33,コーヒー,飲料,160
4230,1074,2026-06-25,16:50,コーヒー,飲料,160
4231,1100,2026-06-25,17:05,ジュース,飲料,140
4232,1108,2026-06-25,17:05,クッキー,菓子,180
4232,1108,2026-06-25,17:05,コーヒー,飲料,160
4233,1076,2026-06-25,17:11,ガム,菓子,110
4233,1076,2026-06-25,17:11,クッキー,菓子,180
4233,1076,2026-06-25,17:11,コーヒー,飲料,160
4234,1080,2026-06-25,17:18,コーヒー,飲料,160
4235,1077,2026-06-25,17:32,ガム,菓子,110
4235,1077,2026-06-25,17:32,コーヒー,飲料,160
4236,1104,2026-06-25,17:33,ガム,菓子,110
4236,1104,2026-06-25,17:33,クッキー,菓子,180
4236,1104,2026-06-25,17:33,コーヒー,飲料,160
4237,1107,2026-06-25,17:35,ガム,菓子,110
4237,1107,2026-06-25,17:35,クッキー,菓子,180
4237,1107,2026-06-25,17:35,コーヒー,飲料,160
4238,1120,2026-06-25,17:35,クッキー,菓子,180
4238,1120,2026-06-25,17:35,コーヒー,飲料,160
4239,1092,2026-06-25,17:41,ガム,菓子,110
4239,1092,2026-06-25,17:41,クッキー,菓子,180
4239,1092,2026-06-25,17:41,コーヒー,飲料,160
4240,1115,2026-06-25,17:41,ジュース,飲料,140
4241,1079,2026-06-25,17:43,コーヒー,飲料,160
4242,1103,2026-06-25,17:54,コーヒー,飲料,160
4242,1103,2026-06-25,17:54,チョコレート,菓子,120
4243,1185,2026-06-25,18:11,お茶,飲料,130
4243,1185,2026-06-25,18:11,カップ麺,食事,220
4243,1185,2026-06-25,18:11,ジュース,飲料,140
4243,1185,2026-06-25,18:11,パン,食事,180
4243,1185,2026-06-25,18:11,弁当,食事,500
4244,1179,2026-06-26,10:18,クッキー,菓子,180
4244,1179,2026-06-26,10:18,コーヒー,飲料,160
4244,1179,2026-06-26,10:18,ノート,文具,200
4244,1179,2026-06-26,10:18,ルーズリーフ,文具,350
4244,1179,2026-06-26,10:18,弁当,食事,500
4245,1174,2026-06-26,10:30,おにぎり,食事,150
4245,1174,2026-06-26,10:30,お茶,飲料,130
4245,1174,2026-06-26,10:30,カップ麺,食事,220
4245,1174,2026-06-26,10:30,クッキー,菓子,180
4245,1174,2026-06-26,10:30,コーヒー,飲料,160
4245,1174,2026-06-26,10:30,ジュース,飲料,140
4245,1174,2026-06-26,10:30,パン,食事,180
4245,1174,2026-06-26,10:30,ボールペン,文具,120
4245,1174,2026-06-26,10:30,弁当,食事,500
4246,1006,2026-06-26,11:03,弁当,食事,500
4247,1041,2026-06-26,11:13,おにぎり,食事,150
4247,1041,2026-06-26,11:13,お茶,飲料,130
4247,1041,2026-06-26,11:13,パン,食事,180
4248,1046,2026-06-26,11:14,お茶,飲料,130
4248,1046,2026-06-26,11:14,弁当,食事,500
4249,1013,2026-06-26,11:15,カップ麺,食事,220
4250,1033,2026-06-26,11:15,お茶,飲料,130
4250,1033,2026-06-26,11:15,弁当,食事,500
4251,1016,2026-06-26,11:16,おにぎり,食事,150
4251,1016,2026-06-26,11:16,お茶,飲料,130
4251,1016,2026-06-26,11:16,パン,食事,180
4252,1044,2026-06-26,11:25,お茶,飲料,130
4252,1044,2026-06-26,11:25,弁当,食事,500
4253,1042,2026-06-26,11:29,ジュース,飲料,140
4253,1042,2026-06-26,11:29,弁当,食事,500
4254,1047,2026-06-26,11:29,お茶,飲料,130
4254,1047,2026-06-26,11:29,サンドイッチ,食事,320
4254,1047,2026-06-26,11:29,チョコレート,菓子,120
4255,1008,2026-06-26,11:39,お茶,飲料,130
4255,1008,2026-06-26,11:39,弁当,食事,500
4256,1048,2026-06-26,11:40,お茶,飲料,130
4256,1048,2026-06-26,11:40,弁当,食事,500
4257,1036,2026-06-26,11:41,お茶,飲料,130
4257,1036,2026-06-26,11:41,カップ麺,食事,220
4258,1012,2026-06-26,11:49,ジュース,飲料,140
4258,1012,2026-06-26,11:49,弁当,食事,500
4259,1056,2026-06-26,11:54,おにぎり,食事,150
4260,1061,2026-06-26,11:56,弁当,食事,500
4261,1027,2026-06-26,11:57,おにぎり,食事,150
4261,1027,2026-06-26,11:57,お茶,飲料,130
4262,1021,2026-06-26,12:03,おにぎり,食事,150
4262,1021,2026-06-26,12:03,お茶,飲料,130
4262,1021,2026-06-26,12:03,パン,食事,180
4263,1037,2026-06-26,12:07,お茶,飲料,130
4263,1037,2026-06-26,12:07,カップ麺,食事,220
4264,1009,2026-06-26,12:09,弁当,食事,500
4265,1023,2026-06-26,12:09,カップ麺,食事,220
4265,1023,2026-06-26,12:09,チョコレート,菓子,120
4266,1017,2026-06-26,12:15,お茶,飲料,130
4266,1017,2026-06-26,12:15,弁当,食事,500
4267,1019,2026-06-26,12:15,弁当,食事,500
4268,1070,2026-06-26,12:15,おにぎり,食事,150
4268,1070,2026-06-26,12:15,お茶,飲料,130
4269,1030,2026-06-26,12:18,弁当,食事,500
4270,1018,2026-06-26,12:44,弁当,食事,500
4271,1053,2026-06-26,12:48,弁当,食事,500
4272,1065,2026-06-26,12:57,お茶,飲料,130
4272,1065,2026-06-26,12:57,弁当,食事,500
4273,1003,2026-06-26,13:04,お茶,飲料,130
4273,1003,2026-06-26,13:04,カップ麺,食事,220
4274,1020,2026-06-26,13:06,お茶,飲料,130
4274,1020,2026-06-26,13:06,サンドイッチ,食事,320
4275,1010,2026-06-26,13:14,カップ麺,食事,220
4276,1043,2026-06-26,13:17,おにぎり,食事,150
4276,1043,2026-06-26,13:17,お茶,飲料,130
4276,1043,2026-06-26,13:17,パン,食事,180
4277,1029,2026-06-26,13:32,おにぎり,食事,150
4278,1001,2026-06-26,13:33,おにぎり,食事,150
4278,1001,2026-06-26,13:33,お茶,飲料,130
4278,1001,2026-06-26,13:33,パン,食事,180
4279,1038,2026-06-26,13:42,弁当,食事,500
4280,1024,2026-06-26,13:54,お茶,飲料,130
4280,1024,2026-06-26,13:54,弁当,食事,500
4281,1034,2026-06-26,13:56,お茶,飲料,130
4281,1034,2026-06-26,13:56,カップ麺,食事,220
4282,1080,2026-06-26,14:02,ジュース,飲料,140
4282,1080,2026-06-26,14:02,チョコレート,菓子,120
4283,1098,2026-06-26,14:08,クッキー,菓子,180
4283,1098,2026-06-26,14:08,コーヒー,飲料,160
4284,1100,2026-06-26,14:08,ジュース,飲料,140
4285,1114,2026-06-26,14:18,クッキー,菓子,180
4285,1114,2026-06-26,14:18,コーヒー,飲料,160
4286,1112,2026-06-26,14:27,クッキー,菓子,180
4286,1112,2026-06-26,14:27,コーヒー,飲料,160
4287,1124,2026-06-26,14:39,ジュース,飲料,140
4288,1106,2026-06-26,14:40,クッキー,菓子,180
4288,1106,2026-06-26,14:40,コーヒー,飲料,160
4289,1110,2026-06-26,14:40,クッキー,菓子,180
4289,1110,2026-06-26,14:40,コーヒー,飲料,160
4289,1110,2026-06-26,14:40,パン,食事,180
4290,1076,2026-06-26,14:42,クッキー,菓子,180
4290,1076,2026-06-26,14:42,コーヒー,飲料,160
4291,1117,2026-06-26,14:42,ガム,菓子,110
4291,1117,2026-06-26,14:42,コーヒー,飲料,160
4291,1117,2026-06-26,14:42,チョコレート,菓子,120
4292,1118,2026-06-26,14:47,クッキー,菓子,180
4292,1118,2026-06-26,14:47,コーヒー,飲料,160
4293,1073,2026-06-26,14:51,ガム,菓子,110
4293,1073,2026-06-26,14:51,クッキー,菓子,180
4293,1073,2026-06-26,14:51,コーヒー,飲料,160
4293,1073,2026-06-26,14:51,パン,食事,180
4294,1089,2026-06-26,14:56,クッキー,菓子,180
4294,1089,2026-06-26,14:56,コーヒー,飲料,160
4295,1149,2026-06-26,14:58,消しゴム,文具,100
4296,1109,2026-06-26,15:10,コーヒー,飲料,160
4297,1082,2026-06-26,15:20,クッキー,菓子,180
4297,1082,2026-06-26,15:20,コーヒー,飲料,160
4297,1082,2026-06-26,15:20,パン,食事,180
4298,1115,2026-06-26,15:21,コーヒー,飲料,160
4298,1115,2026-06-26,15:21,チョコレート,菓子,120
4299,1086,2026-06-26,15:30,クッキー,菓子,180
4299,1086,2026-06-26,15:30,コーヒー,飲料,160
4300,1099,2026-06-26,15:39,クッキー,菓子,180
4300,1099,2026-06-26,15:39,コーヒー,飲料,160
4301,1122,2026-06-26,15:41,クッキー,菓子,180
4301,1122,2026-06-26,15:41,コーヒー,飲料,160
4302,1116,2026-06-26,15:46,クッキー,菓子,180
4302,1116,2026-06-26,15:46,コーヒー,飲料,160
4302,1116,2026-06-26,15:46,パン,食事,180
4303,1087,2026-06-26,15:48,コーヒー,飲料,160
4304,1077,2026-06-26,15:59,クッキー,菓子,180
4304,1077,2026-06-26,15:59,コーヒー,飲料,160
4305,1120,2026-06-26,16:00,クッキー,菓子,180
4305,1120,2026-06-26,16:00,コーヒー,飲料,160
4306,1078,2026-06-26,16:04,お茶,飲料,130
4307,1181,2026-06-26,16:16,お茶,飲料,130
4307,1181,2026-06-26,16:16,カップ麺,食事,220
4307,1181,2026-06-26,16:16,ジュース,飲料,140
4307,1181,2026-06-26,16:16,チョコレート,菓子,120
4307,1181,2026-06-26,16:16,パン,食事,180
4307,1181,2026-06-26,16:16,ボールペン,文具,120
4307,1181,2026-06-26,16:16,ルーズリーフ,文具,350
4307,1181,2026-06-26,16:16,弁当,食事,500
4307,1181,2026-06-26,16:16,消しゴム,文具,100
4308,1107,2026-06-26,16:17,コーヒー,飲料,160
4308,1107,2026-06-26,16:17,チョコレート,菓子,120
4309,1092,2026-06-26,16:25,クッキー,菓子,180
4309,1092,2026-06-26,16:25,コーヒー,飲料,160
4310,1071,2026-06-26,16:28,コーヒー,飲料,160
4311,1075,2026-06-26,16:28,ジュース,飲料,140
4312,1101,2026-06-26,16:28,クッキー,菓子,180
4312,1101,2026-06-26,16:28,コーヒー,飲料,160
4313,1074,2026-06-26,16:30,クッキー,菓子,180
4313,1074,2026-06-26,16:30,コーヒー,飲料,160
4314,1123,2026-06-26,16:49,コーヒー,飲料,160
4315,1095,2026-06-26,17:21,コーヒー,飲料,160
4315,1095,2026-06-26,17:21,チョコレート,菓子,120
4316,1119,2026-06-26,17:29,クッキー,菓子,180
4316,1119,2026-06-26,17:29,コーヒー,飲料,160
4317,1097,2026-06-26,17:34,コーヒー,飲料,160
4317,1097,2026-06-26,17:34,チョコレート,菓子,120
4318,1121,2026-06-26,17:38,ガム,菓子,110
4318,1121,2026-06-26,17:38,クッキー,菓子,180
4318,1121,2026-06-26,17:38,コーヒー,飲料,160
4319,1094,2026-06-26,17:39,クッキー,菓子,180
4319,1094,2026-06-26,17:39,コーヒー,飲料,160
4320,1088,2026-06-26,17:40,ガム,菓子,110
4320,1088,2026-06-26,17:40,ジュース,飲料,140
4320,1088,2026-06-26,17:40,チョコレート,菓子,120
4321,1108,2026-06-26,17:47,お茶,飲料,130
4321,1108,2026-06-26,17:47,チョコレート,菓子,120
4322,1103,2026-06-26,17:48,お茶,飲料,130
4323,1104,2026-06-26,17:58,コーヒー,飲料,160
4323,1104,2026-06-26,17:58,チョコレート,菓子,120
4324,1182,2026-06-29,10:45,ガム,菓子,110
4324,1182,2026-06-29,10:45,クッキー,菓子,180
4324,1182,2026-06-29,10:45,パン,食事,180
4324,1182,2026-06-29,10:45,ボールペン,文具,120
4324,1182,2026-06-29,10:45,ルーズリーフ,文具,350
4324,1182,2026-06-29,10:45,弁当,食事,500
4324,1182,2026-06-29,10:45,消しゴム,文具,100
4325,1009,2026-06-29,11:07,お茶,飲料,130
4325,1009,2026-06-29,11:07,弁当,食事,500
4326,1013,2026-06-29,11:09,おにぎり,食事,150
4326,1013,2026-06-29,11:09,お茶,飲料,130
4326,1013,2026-06-29,11:09,パン,食事,180
4327,1065,2026-06-29,11:16,お茶,飲料,130
4327,1065,2026-06-29,11:16,弁当,食事,500
4328,1053,2026-06-29,11:19,弁当,食事,500
4329,1049,2026-06-29,11:23,おにぎり,食事,150
4330,1069,2026-06-29,11:26,おにぎり,食事,150
4330,1069,2026-06-29,11:26,お茶,飲料,130
4330,1069,2026-06-29,11:26,パン,食事,180
4331,1042,2026-06-29,11:37,おにぎり,食事,150
4331,1042,2026-06-29,11:37,お茶,飲料,130
4332,1008,2026-06-29,11:39,おにぎり,食事,150
4332,1008,2026-06-29,11:39,お茶,飲料,130
4333,1026,2026-06-29,11:57,ジュース,飲料,140
4333,1026,2026-06-29,11:57,チョコレート,菓子,120
4333,1026,2026-06-29,11:57,弁当,食事,500
4334,1030,2026-06-29,11:58,おにぎり,食事,150
4334,1030,2026-06-29,11:58,お茶,飲料,130
4335,1017,2026-06-29,12:01,おにぎり,食事,150
4336,1037,2026-06-29,12:12,サンドイッチ,食事,320
4336,1037,2026-06-29,12:12,チョコレート,菓子,120
4337,1066,2026-06-29,12:20,おにぎり,食事,150
4337,1066,2026-06-29,12:20,お茶,飲料,130
4338,1028,2026-06-29,12:25,サンドイッチ,食事,320
4338,1028,2026-06-29,12:25,ジュース,飲料,140
4339,1023,2026-06-29,12:27,おにぎり,食事,150
4339,1023,2026-06-29,12:27,お茶,飲料,130
4340,1021,2026-06-29,12:30,おにぎり,食事,150
4340,1021,2026-06-29,12:30,お茶,飲料,130
4340,1021,2026-06-29,12:30,パン,食事,180
4341,1016,2026-06-29,12:32,サンドイッチ,食事,320
4341,1016,2026-06-29,12:32,ジュース,飲料,140
4342,1063,2026-06-29,12:35,おにぎり,食事,150
4342,1063,2026-06-29,12:35,ジュース,飲料,140
4342,1063,2026-06-29,12:35,パン,食事,180
4343,1061,2026-06-29,12:44,お茶,飲料,130
4343,1061,2026-06-29,12:44,弁当,食事,500
4344,1058,2026-06-29,12:45,弁当,食事,500
4345,1034,2026-06-29,12:50,おにぎり,食事,150
4345,1034,2026-06-29,12:50,お茶,飲料,130
4345,1034,2026-06-29,12:50,パン,食事,180
4346,1022,2026-06-29,12:53,お茶,飲料,130
4346,1022,2026-06-29,12:53,弁当,食事,500
4347,1196,2026-06-29,12:55,ガム,菓子,110
4347,1196,2026-06-29,12:55,コーヒー,飲料,160
4347,1196,2026-06-29,12:55,ジュース,飲料,140
4347,1196,2026-06-29,12:55,チョコレート,菓子,120
4347,1196,2026-06-29,12:55,弁当,食事,500
4348,1051,2026-06-29,13:01,お茶,飲料,130
4348,1051,2026-06-29,13:01,弁当,食事,500
4349,1007,2026-06-29,13:04,おにぎり,食事,150
4349,1007,2026-06-29,13:04,お茶,飲料,130
4349,1007,2026-06-29,13:04,チョコレート,菓子,120
4349,1007,2026-06-29,13:04,パン,食事,180
4350,1031,2026-06-29,13:16,お茶,飲料,130
4350,1031,2026-06-29,13:16,弁当,食事,500
4351,1041,2026-06-29,13:29,お茶,飲料,130
4351,1041,2026-06-29,13:29,サンドイッチ,食事,320
4352,1070,2026-06-29,13:29,おにぎり,食事,150
4352,1070,2026-06-29,13:29,お茶,飲料,130
4352,1070,2026-06-29,13:29,パン,食事,180
4353,1052,2026-06-29,13:36,おにぎり,食事,150
4353,1052,2026-06-29,13:36,お茶,飲料,130
4354,1014,2026-06-29,13:39,おにぎり,食事,150
4354,1014,2026-06-29,13:39,お茶,飲料,130
4355,1129,2026-06-29,13:47,ボールペン,文具,120
4355,1129,2026-06-29,13:47,消しゴム,文具,100
4356,1002,2026-06-29,13:49,お茶,飲料,130
4356,1002,2026-06-29,13:49,弁当,食事,500
4357,1068,2026-06-29,13:49,おにぎり,食事,150
4357,1068,2026-06-29,13:49,お茶,飲料,130
4358,1038,2026-06-29,13:50,お茶,飲料,130
4358,1038,2026-06-29,13:50,カップ麺,食事,220
4358,1038,2026-06-29,13:50,チョコレート,菓子,120
4359,1035,2026-06-29,13:52,お茶,飲料,130
4359,1035,2026-06-29,13:52,弁当,食事,500
4360,1112,2026-06-29,14:01,クッキー,菓子,180
4360,1112,2026-06-29,14:01,コーヒー,飲料,160
4361,1081,2026-06-29,14:03,コーヒー,飲料,160
4362,1091,2026-06-29,14:06,コーヒー,飲料,160
4363,1088,2026-06-29,14:14,クッキー,菓子,180
4363,1088,2026-06-29,14:14,コーヒー,飲料,160
4364,1086,2026-06-29,14:18,ガム,菓子,110
4364,1086,2026-06-29,14:18,クッキー,菓子,180
4364,1086,2026-06-29,14:18,コーヒー,飲料,160
4365,1108,2026-06-29,14:25,コーヒー,飲料,160
4366,1105,2026-06-29,14:34,ガム,菓子,110
4366,1105,2026-06-29,14:34,クッキー,菓子,180
4366,1105,2026-06-29,14:34,コーヒー,飲料,160
4367,1119,2026-06-29,14:50,ガム,菓子,110
4367,1119,2026-06-29,14:50,コーヒー,飲料,160
4368,1154,2026-06-29,14:50,ルーズリーフ,文具,350
4368,1154,2026-06-29,14:50,消しゴム,文具,100
4369,1184,2026-06-29,14:59,お茶,飲料,130
4369,1184,2026-06-29,14:59,ガム,菓子,110
4369,1184,2026-06-29,14:59,コーヒー,飲料,160
4369,1184,2026-06-29,14:59,ジュース,飲料,140
4369,1184,2026-06-29,14:59,ルーズリーフ,文具,350
4370,1084,2026-06-29,15:02,ガム,菓子,110
4370,1084,2026-06-29,15:02,クッキー,菓子,180
4370,1084,2026-06-29,15:02,コーヒー,飲料,160
4371,1124,2026-06-29,15:04,ガム,菓子,110
4371,1124,2026-06-29,15:04,クッキー,菓子,180
4371,1124,2026-06-29,15:04,コーヒー,飲料,160
4371,1124,2026-06-29,15:04,パン,食事,180
4372,1106,2026-06-29,15:06,クッキー,菓子,180
4372,1106,2026-06-29,15:06,コーヒー,飲料,160
4373,1115,2026-06-29,15:10,コーヒー,飲料,160
4373,1115,2026-06-29,15:10,チョコレート,菓子,120
4374,1122,2026-06-29,15:11,クッキー,菓子,180
4374,1122,2026-06-29,15:11,コーヒー,飲料,160
4375,1114,2026-06-29,15:14,お茶,飲料,130
4375,1114,2026-06-29,15:14,チョコレート,菓子,120
4376,1087,2026-06-29,15:23,コーヒー,飲料,160
4377,1109,2026-06-29,15:24,コーヒー,飲料,160
4377,1109,2026-06-29,15:24,チョコレート,菓子,120
4378,1079,2026-06-29,15:39,コーヒー,飲料,160
4379,1093,2026-06-29,15:40,クッキー,菓子,180
4379,1093,2026-06-29,15:40,コーヒー,飲料,160
4380,1077,2026-06-29,15:42,お茶,飲料,130
4380,1077,2026-06-29,15:42,ガム,菓子,110
4381,1194,2026-06-29,15:44,おにぎり,食事,150
4381,1194,2026-06-29,15:44,お茶,飲料,130
4381,1194,2026-06-29,15:44,カップ麺,食事,220
4381,1194,2026-06-29,15:44,コーヒー,飲料,160
4381,1194,2026-06-29,15:44,チョコレート,菓子,120
4381,1194,2026-06-29,15:44,パン,食事,180
4381,1194,2026-06-29,15:44,ボールペン,文具,120
4381,1194,2026-06-29,15:44,弁当,食事,500
4381,1194,2026-06-29,15:44,消しゴム,文具,100
4382,1099,2026-06-29,15:54,コーヒー,飲料,160
4383,1113,2026-06-29,15:54,ガム,菓子,110
4383,1113,2026-06-29,15:54,コーヒー,飲料,160
4383,1113,2026-06-29,15:54,チョコレート,菓子,120
4384,1082,2026-06-29,16:03,ガム,菓子,110
4384,1082,2026-06-29,16:03,クッキー,菓子,180
4384,1082,2026-06-29,16:03,コーヒー,飲料,160
4385,1123,2026-06-29,16:13,クッキー,菓子,180
4385,1123,2026-06-29,16:13,コーヒー,飲料,160
4386,1198,2026-06-29,16:21,おにぎり,食事,150
4386,1198,2026-06-29,16:21,お茶,飲料,130
4386,1198,2026-06-29,16:21,ルーズリーフ,文具,350
4387,1078,2026-06-29,16:30,コーヒー,飲料,160
4387,1078,2026-06-29,16:30,チョコレート,菓子,120
4388,1098,2026-06-29,16:30,ガム,菓子,110
4388,1098,2026-06-29,16:30,クッキー,菓子,180
4388,1098,2026-06-29,16:30,コーヒー,飲料,160
4389,1118,2026-06-29,16:31,クッキー,菓子,180
4389,1118,2026-06-29,16:31,コーヒー,飲料,160
4389,1118,2026-06-29,16:31,パン,食事,180
4390,1117,2026-06-29,16:49,コーヒー,飲料,160
4391,1097,2026-06-29,17:11,クッキー,菓子,180
4391,1097,2026-06-29,17:11,コーヒー,飲料,160
4392,1102,2026-06-29,17:14,クッキー,菓子,180
4392,1102,2026-06-29,17:14,コーヒー,飲料,160
4393,1110,2026-06-29,17:14,お茶,飲料,130
4394,1100,2026-06-29,17:25,コーヒー,飲料,160
4395,1172,2026-06-29,17:42,お茶,飲料,130
4395,1172,2026-06-29,17:42,カップ麺,食事,220
4395,1172,2026-06-29,17:42,サンドイッチ,食事,320
4395,1172,2026-06-29,17:42,チョコレート,菓子,120
4395,1172,2026-06-29,17:42,消しゴム,文具,100
4396,1095,2026-06-29,17:46,クッキー,菓子,180
4396,1095,2026-06-29,17:46,コーヒー,飲料,160
4397,1080,2026-06-29,17:47,クッキー,菓子,180
4397,1080,2026-06-29,17:47,コーヒー,飲料,160
4398,1116,2026-06-29,17:47,クッキー,菓子,180
4398,1116,2026-06-29,17:47,コーヒー,飲料,160
4399,1101,2026-06-29,17:51,クッキー,菓子,180
4399,1101,2026-06-29,17:51,コーヒー,飲料,160
4400,1094,2026-06-29,17:57,コーヒー,飲料,160
4400,1094,2026-06-29,17:57,チョコレート,菓子,120
4401,1156,2026-06-30,09:01,ノート,文具,200
4401,1156,2026-06-30,09:01,ボールペン,文具,120
4401,1156,2026-06-30,09:01,ルーズリーフ,文具,350
4402,1134,2026-06-30,10:59,お茶,飲料,130
4402,1134,2026-06-30,10:59,ボールペン,文具,120
4402,1134,2026-06-30,10:59,ルーズリーフ,文具,350
4402,1134,2026-06-30,10:59,消しゴム,文具,100
4403,1035,2026-06-30,11:12,お茶,飲料,130
4403,1035,2026-06-30,11:12,サンドイッチ,食事,320
4403,1035,2026-06-30,11:12,チョコレート,菓子,120
4404,1067,2026-06-30,11:26,お茶,飲料,130
4404,1067,2026-06-30,11:26,弁当,食事,500
4405,1066,2026-06-30,11:40,お茶,飲料,130
4405,1066,2026-06-30,11:40,カップ麺,食事,220
4406,1068,2026-06-30,11:43,おにぎり,食事,150
4406,1068,2026-06-30,11:43,お茶,飲料,130
4407,1063,2026-06-30,11:50,お茶,飲料,130
4407,1063,2026-06-30,11:50,カップ麺,食事,220
4408,1012,2026-06-30,12:00,お茶,飲料,130
4408,1012,2026-06-30,12:00,サンドイッチ,食事,320
4409,1038,2026-06-30,12:01,お茶,飲料,130
4409,1038,2026-06-30,12:01,弁当,食事,500
4410,1062,2026-06-30,12:01,弁当,食事,500
4411,1005,2026-06-30,12:03,おにぎり,食事,150
4411,1005,2026-06-30,12:03,お茶,飲料,130
4412,1015,2026-06-30,12:05,お茶,飲料,130
4412,1015,2026-06-30,12:05,弁当,食事,500
4413,1052,2026-06-30,12:09,お茶,飲料,130
4413,1052,2026-06-30,12:09,弁当,食事,500
4414,1023,2026-06-30,12:13,お茶,飲料,130
4414,1023,2026-06-30,12:13,弁当,食事,500
4415,1014,2026-06-30,12:15,お茶,飲料,130
4415,1014,2026-06-30,12:15,弁当,食事,500
4416,1002,2026-06-30,12:18,弁当,食事,500
4417,1017,2026-06-30,12:19,お茶,飲料,130
4417,1017,2026-06-30,12:19,弁当,食事,500
4418,1026,2026-06-30,12:20,弁当,食事,500
4419,1055,2026-06-30,12:26,ジュース,飲料,140
4419,1055,2026-06-30,12:26,弁当,食事,500
4420,1019,2026-06-30,12:33,ジュース,飲料,140
4420,1019,2026-06-30,12:33,弁当,食事,500
4421,1060,2026-06-30,12:35,おにぎり,食事,150
4421,1060,2026-06-30,12:35,お茶,飲料,130
4422,1004,2026-06-30,12:38,おにぎり,食事,150
4422,1004,2026-06-30,12:38,お茶,飲料,130
4423,1043,2026-06-30,12:41,おにぎり,食事,150
4423,1043,2026-06-30,12:41,お茶,飲料,130
4424,1020,2026-06-30,12:43,おにぎり,食事,150
4424,1020,2026-06-30,12:43,パン,食事,180
4425,1058,2026-06-30,12:51,お茶,飲料,130
4425,1058,2026-06-30,12:51,弁当,食事,500
4426,1030,2026-06-30,12:57,カップ麺,食事,220
4427,1018,2026-06-30,13:03,サンドイッチ,食事,320
4428,1047,2026-06-30,13:06,おにぎり,食事,150
4428,1047,2026-06-30,13:06,お茶,飲料,130
4429,1003,2026-06-30,13:08,お茶,飲料,130
4429,1003,2026-06-30,13:08,サンドイッチ,食事,320
4430,1031,2026-06-30,13:12,おにぎり,食事,150
4430,1031,2026-06-30,13:12,お茶,飲料,130
4431,1034,2026-06-30,13:21,おにぎり,食事,150
4431,1034,2026-06-30,13:21,お茶,飲料,130
4432,1024,2026-06-30,13:23,おにぎり,食事,150
4432,1024,2026-06-30,13:23,お茶,飲料,130
4433,1069,2026-06-30,13:28,弁当,食事,500
4434,1044,2026-06-30,13:31,お茶,飲料,130
4434,1044,2026-06-30,13:31,弁当,食事,500
4435,1013,2026-06-30,13:40,おにぎり,食事,150
4435,1013,2026-06-30,13:40,お茶,飲料,130
4436,1113,2026-06-30,14:07,コーヒー,飲料,160
4437,1124,2026-06-30,14:10,クッキー,菓子,180
4437,1124,2026-06-30,14:10,コーヒー,飲料,160
4437,1124,2026-06-30,14:10,パン,食事,180
4438,1084,2026-06-30,14:12,クッキー,菓子,180
4438,1084,2026-06-30,14:12,コーヒー,飲料,160
4439,1086,2026-06-30,14:12,コーヒー,飲料,160
4440,1110,2026-06-30,14:20,クッキー,菓子,180
4440,1110,2026-06-30,14:20,コーヒー,飲料,160
4441,1199,2026-06-30,14:28,お茶,飲料,130
4441,1199,2026-06-30,14:28,ノート,文具,200
4441,1199,2026-06-30,14:28,弁当,食事,500
4442,1074,2026-06-30,14:44,クッキー,菓子,180
4442,1074,2026-06-30,14:44,コーヒー,飲料,160
4443,1106,2026-06-30,14:50,クッキー,菓子,180
4443,1106,2026-06-30,14:50,コーヒー,飲料,160
4444,1076,2026-06-30,14:55,お茶,飲料,130
4445,1096,2026-06-30,14:58,コーヒー,飲料,160
4446,1083,2026-06-30,14:59,コーヒー,飲料,160
4446,1083,2026-06-30,14:59,チョコレート,菓子,120
4447,1102,2026-06-30,15:02,クッキー,菓子,180
4447,1102,2026-06-30,15:02,コーヒー,飲料,160
4448,1122,2026-06-30,15:03,クッキー,菓子,180
4448,1122,2026-06-30,15:03,コーヒー,飲料,160
4449,1111,2026-06-30,15:04,クッキー,菓子,180
4449,1111,2026-06-30,15:04,コーヒー,飲料,160
4450,1087,2026-06-30,15:11,ガム,菓子,110
4450,1087,2026-06-30,15:11,クッキー,菓子,180
4450,1087,2026-06-30,15:11,コーヒー,飲料,160
4451,1108,2026-06-30,15:15,お茶,飲料,130
4451,1108,2026-06-30,15:15,ガム,菓子,110
4451,1108,2026-06-30,15:15,チョコレート,菓子,120
4451,1108,2026-06-30,15:15,パン,食事,180
4452,1116,2026-06-30,15:22,クッキー,菓子,180
4452,1116,2026-06-30,15:22,コーヒー,飲料,160
4453,1091,2026-06-30,15:24,クッキー,菓子,180
4453,1091,2026-06-30,15:24,コーヒー,飲料,160
4454,1075,2026-06-30,15:25,クッキー,菓子,180
4454,1075,2026-06-30,15:25,コーヒー,飲料,160
4455,1114,2026-06-30,15:35,ジュース,飲料,140
4456,1080,2026-06-30,15:50,ジュース,飲料,140
4457,1094,2026-06-30,15:51,お茶,飲料,130
4457,1094,2026-06-30,15:51,チョコレート,菓子,120
4458,1093,2026-06-30,15:54,コーヒー,飲料,160
4459,1090,2026-06-30,16:06,クッキー,菓子,180
4459,1090,2026-06-30,16:06,コーヒー,飲料,160
4459,1090,2026-06-30,16:06,パン,食事,180
4460,1077,2026-06-30,16:13,クッキー,菓子,180
4460,1077,2026-06-30,16:13,コーヒー,飲料,160
4461,1092,2026-06-30,16:17,コーヒー,飲料,160
4461,1092,2026-06-30,16:17,チョコレート,菓子,120
4462,1101,2026-06-30,16:21,お茶,飲料,130
4463,1120,2026-06-30,16:23,ガム,菓子,110
4463,1120,2026-06-30,16:23,コーヒー,飲料,160
4464,1105,2026-06-30,16:28,クッキー,菓子,180
4464,1105,2026-06-30,16:28,コーヒー,飲料,160
4465,1112,2026-06-30,16:30,ガム,菓子,110
4465,1112,2026-06-30,16:30,クッキー,菓子,180
4465,1112,2026-06-30,16:30,コーヒー,飲料,160
4466,1107,2026-06-30,16:34,クッキー,菓子,180
4466,1107,2026-06-30,16:34,コーヒー,飲料,160
4467,1119,2026-06-30,16:39,コーヒー,飲料,160
4468,1098,2026-06-30,16:47,クッキー,菓子,180
4468,1098,2026-06-30,16:47,コーヒー,飲料,160
4469,1123,2026-06-30,16:50,クッキー,菓子,180
4469,1123,2026-06-30,16:50,コーヒー,飲料,160
4470,1085,2026-06-30,16:51,クッキー,菓子,180
4470,1085,2026-06-30,16:51,コーヒー,飲料,160
4471,1082,2026-06-30,16:52,クッキー,菓子,180
4471,1082,2026-06-30,16:52,コーヒー,飲料,160
4472,1121,2026-06-30,17:01,コーヒー,飲料,160
4472,1121,2026-06-30,17:01,チョコレート,菓子,120
4473,1125,2026-06-30,17:04,コーヒー,飲料,160
4474,1104,2026-06-30,17:14,ジュース,飲料,140
4475,1073,2026-06-30,17:22,コーヒー,飲料,160
4475,1073,2026-06-30,17:22,チョコレート,菓子,120
4476,1089,2026-06-30,17:24,クッキー,菓子,180
4476,1089,2026-06-30,17:24,コーヒー,飲料,160
4477,1103,2026-06-30,17:29,コーヒー,飲料,160
4477,1103,2026-06-30,17:29,チョコレート,菓子,120
4478,1097,2026-06-30,17:34,コーヒー,飲料,160
4478,1097,2026-06-30,17:34,チョコレート,菓子,120
4479,1099,2026-06-30,17:42,お茶,飲料,130
4480,1081,2026-06-30,17:49,コーヒー,飲料,160
4481,1185,2026-06-30,17:50,お茶,飲料,130
4481,1185,2026-06-30,17:50,クッキー,菓子,180
4481,1185,2026-06-30,17:50,コーヒー,飲料,160
4481,1185,2026-06-30,17:50,サンドイッチ,食事,320
4481,1185,2026-06-30,17:50,ジュース,飲料,140
4481,1185,2026-06-30,17:50,ノート,文具,200
4481,1185,2026-06-30,17:50,パン,食事,180
4481,1185,2026-06-30,17:50,弁当,食事,500
4482,1072,2026-06-30,17:52,ガム,菓子,110
4482,1072,2026-06-30,17:52,クッキー,菓子,180
4482,1072,2026-06-30,17:52,コーヒー,飲料,160
4482,1072,2026-06-30,17:52,パン,食事,180
4483,1168,2026-06-30,18:08,おにぎり,食事,150
4483,1168,2026-06-30,18:08,お茶,飲料,130
4483,1168,2026-06-30,18:08,カップ麺,食事,220
4483,1168,2026-06-30,18:08,コーヒー,飲料,160
4483,1168,2026-06-30,18:08,サンドイッチ,食事,320
4483,1168,2026-06-30,18:08,ジュース,飲料,140
4483,1168,2026-06-30,18:08,ルーズリーフ,文具,350
4483,1168,2026-06-30,18:08,弁当,食事,500
4484,1135,2026-07-01,09:07,お茶,飲料,130
4484,1135,2026-07-01,09:07,ノート,文具,200
4484,1135,2026-07-01,09:07,ボールペン,文具,120
4484,1135,2026-07-01,09:07,ルーズリーフ,文具,350
4485,1162,2026-07-01,09:49,ノート,文具,200
4486,1008,2026-07-01,11:03,弁当,食事,500
4487,1042,2026-07-01,11:03,おにぎり,食事,150
4487,1042,2026-07-01,11:03,ジュース,飲料,140
4487,1042,2026-07-01,11:03,パン,食事,180
4488,1047,2026-07-01,11:14,おにぎり,食事,150
4488,1047,2026-07-01,11:14,お茶,飲料,130
4489,1055,2026-07-01,11:21,お茶,飲料,130
4489,1055,2026-07-01,11:21,弁当,食事,500
4490,1041,2026-07-01,11:24,おにぎり,食事,150
4490,1041,2026-07-01,11:24,お茶,飲料,130
4490,1041,2026-07-01,11:24,チョコレート,菓子,120
4490,1041,2026-07-01,11:24,パン,食事,180
4491,1035,2026-07-01,11:32,お茶,飲料,130
4491,1035,2026-07-01,11:32,カップ麺,食事,220
4492,1023,2026-07-01,11:52,おにぎり,食事,150
4493,1058,2026-07-01,11:58,チョコレート,菓子,120
4493,1058,2026-07-01,11:58,弁当,食事,500
4494,1196,2026-07-01,12:00,おにぎり,食事,150
4494,1196,2026-07-01,12:00,お茶,飲料,130
4494,1196,2026-07-01,12:00,クッキー,菓子,180
4494,1196,2026-07-01,12:00,コーヒー,飲料,160
4495,1033,2026-07-01,12:34,ジュース,飲料,140
4495,1033,2026-07-01,12:34,弁当,食事,500
4496,1007,2026-07-01,12:36,カップ麺,食事,220
4497,1026,2026-07-01,12:45,お茶,飲料,130
4497,1026,2026-07-01,12:45,弁当,食事,500
4498,1028,2026-07-01,12:45,弁当,食事,500
4499,1051,2026-07-01,12:46,カップ麺,食事,220
4500,1045,2026-07-01,12:51,チョコレート,菓子,120
4500,1045,2026-07-01,12:51,弁当,食事,500
4501,1021,2026-07-01,12:58,おにぎり,食事,150
4501,1021,2026-07-01,12:58,お茶,飲料,130
4501,1021,2026-07-01,12:58,パン,食事,180
4502,1063,2026-07-01,13:08,お茶,飲料,130
4502,1063,2026-07-01,13:08,カップ麺,食事,220
4503,1037,2026-07-01,13:11,おにぎり,食事,150
4503,1037,2026-07-01,13:11,お茶,飲料,130
4503,1037,2026-07-01,13:11,パン,食事,180
4504,1069,2026-07-01,13:12,おにぎり,食事,150
4504,1069,2026-07-01,13:12,お茶,飲料,130
4505,1029,2026-07-01,13:17,弁当,食事,500
4506,1056,2026-07-01,13:26,おにぎり,食事,150
4506,1056,2026-07-01,13:26,お茶,飲料,130
4506,1056,2026-07-01,13:26,パン,食事,180
4507,1061,2026-07-01,13:40,弁当,食事,500
4508,1034,2026-07-01,13:45,おにぎり,食事,150
4508,1034,2026-07-01,13:45,パン,食事,180
4509,1048,2026-07-01,13:53,チョコレート,菓子,120
4509,1048,2026-07-01,13:53,弁当,食事,500
4510,1066,2026-07-01,13:59,おにぎり,食事,150
4510,1066,2026-07-01,13:59,お茶,飲料,130
4510,1066,2026-07-01,13:59,チョコレート,菓子,120
4511,1105,2026-07-01,14:07,コーヒー,飲料,160
4512,1123,2026-07-01,14:09,クッキー,菓子,180
4512,1123,2026-07-01,14:09,コーヒー,飲料,160
4513,1091,2026-07-01,14:12,クッキー,菓子,180
4513,1091,2026-07-01,14:12,コーヒー,飲料,160
4514,1168,2026-07-01,14:22,お茶,飲料,130
4514,1168,2026-07-01,14:22,カップ麺,食事,220
4514,1168,2026-07-01,14:22,クッキー,菓子,180
4514,1168,2026-07-01,14:22,コーヒー,飲料,160
4514,1168,2026-07-01,14:22,サンドイッチ,食事,320
4514,1168,2026-07-01,14:22,ジュース,飲料,140
4514,1168,2026-07-01,14:22,ノート,文具,200
4514,1168,2026-07-01,14:22,弁当,食事,500
4514,1168,2026-07-01,14:22,消しゴム,文具,100
4515,1081,2026-07-01,14:28,クッキー,菓子,180
4515,1081,2026-07-01,14:28,コーヒー,飲料,160
4516,1078,2026-07-01,14:29,ジュース,飲料,140
4517,1106,2026-07-01,14:37,クッキー,菓子,180
4517,1106,2026-07-01,14:37,コーヒー,飲料,160
4518,1079,2026-07-01,14:39,クッキー,菓子,180
4518,1079,2026-07-01,14:39,コーヒー,飲料,160
4519,1099,2026-07-01,15:12,クッキー,菓子,180
4519,1099,2026-07-01,15:12,コーヒー,飲料,160
4520,1104,2026-07-01,15:17,クッキー,菓子,180
4520,1104,2026-07-01,15:17,コーヒー,飲料,160
4520,1104,2026-07-01,15:17,パン,食事,180
4521,1092,2026-07-01,15:18,ガム,菓子,110
4521,1092,2026-07-01,15:18,コーヒー,飲料,160
4522,1076,2026-07-01,15:33,ジュース,飲料,140
4523,1088,2026-07-01,15:34,コーヒー,飲料,160
4524,1097,2026-07-01,15:35,ガム,菓子,110
4524,1097,2026-07-01,15:35,ジュース,飲料,140
4525,1071,2026-07-01,15:38,クッキー,菓子,180
4525,1071,2026-07-01,15:38,コーヒー,飲料,160
4526,1080,2026-07-01,15:39,コーヒー,飲料,160
4526,1080,2026-07-01,15:39,チョコレート,菓子,120
4527,1112,2026-07-01,15:43,コーヒー,飲料,160
4527,1112,2026-07-01,15:43,チョコレート,菓子,120
4528,1090,2026-07-01,15:49,クッキー,菓子,180
4528,1090,2026-07-01,15:49,コーヒー,飲料,160
4529,1077,2026-07-01,16:04,クッキー,菓子,180
4529,1077,2026-07-01,16:04,コーヒー,飲料,160
4529,1077,2026-07-01,16:04,パン,食事,180
4530,1119,2026-07-01,16:06,クッキー,菓子,180
4530,1119,2026-07-01,16:06,コーヒー,飲料,160
4531,1096,2026-07-01,16:11,コーヒー,飲料,160
4532,1117,2026-07-01,16:14,コーヒー,飲料,160
4533,1108,2026-07-01,16:18,コーヒー,飲料,160
4534,1124,2026-07-01,16:33,コーヒー,飲料,160
4534,1124,2026-07-01,16:33,チョコレート,菓子,120
4535,1110,2026-07-01,16:53,クッキー,菓子,180
4535,1110,2026-07-01,16:53,コーヒー,飲料,160
4536,1073,2026-07-01,16:59,コーヒー,飲料,160
4536,1073,2026-07-01,16:59,チョコレート,菓子,120
4537,1075,2026-07-01,17:16,クッキー,菓子,180
4537,1075,2026-07-01,17:16,コーヒー,飲料,160
4538,1102,2026-07-01,17:17,クッキー,菓子,180
4538,1102,2026-07-01,17:17,コーヒー,飲料,160
4538,1102,2026-07-01,17:17,パン,食事,180
4539,1098,2026-07-01,17:20,クッキー,菓子,180
4539,1098,2026-07-01,17:20,コーヒー,飲料,160
4540,1103,2026-07-01,17:21,ガム,菓子,110
4540,1103,2026-07-01,17:21,コーヒー,飲料,160
4541,1100,2026-07-01,17:22,クッキー,菓子,180
4541,1100,2026-07-01,17:22,コーヒー,飲料,160
4542,1082,2026-07-01,17:34,コーヒー,飲料,160
4542,1082,2026-07-01,17:34,パン,食事,180
4543,1157,2026-07-01,17:41,お茶,飲料,130
4543,1157,2026-07-01,17:41,ルーズリーフ,文具,350
4544,1085,2026-07-01,17:43,お茶,飲料,130
4545,1072,2026-07-01,17:50,お茶,飲料,130
4546,1125,2026-07-01,17:54,ジュース,飲料,140
4546,1125,2026-07-01,17:54,チョコレート,菓子,120
4547,1114,2026-07-01,17:57,クッキー,菓子,180
4547,1114,2026-07-01,17:57,コーヒー,飲料,160
4548,1087,2026-07-01,17:58,コーヒー,飲料,160
4549,1166,2026-07-02,10:08,お茶,飲料,130
4549,1166,2026-07-02,10:08,クッキー,菓子,180
4549,1166,2026-07-02,10:08,コーヒー,飲料,160
4549,1166,2026-07-02,10:08,ジュース,飲料,140
4549,1166,2026-07-02,10:08,パン,食事,180
4549,1166,2026-07-02,10:08,消しゴム,文具,100
4550,1057,2026-07-02,11:00,おにぎり,食事,150
4550,1057,2026-07-02,11:00,お茶,飲料,130
4551,1033,2026-07-02,11:01,おにぎり,食事,150
4551,1033,2026-07-02,11:01,お茶,飲料,130
4551,1033,2026-07-02,11:01,パン,食事,180
4552,1066,2026-07-02,11:06,おにぎり,食事,150
4552,1066,2026-07-02,11:06,お茶,飲料,130
4552,1066,2026-07-02,11:06,パン,食事,180
4553,1002,2026-07-02,11:23,おにぎり,食事,150
4554,1035,2026-07-02,11:28,弁当,食事,500
4555,1017,2026-07-02,11:30,サンドイッチ,食事,320
4556,1196,2026-07-02,11:32,お茶,飲料,130
4556,1196,2026-07-02,11:32,クッキー,菓子,180
4556,1196,2026-07-02,11:32,コーヒー,飲料,160
4556,1196,2026-07-02,11:32,弁当,食事,500
4557,1044,2026-07-02,11:38,ジュース,飲料,140
4557,1044,2026-07-02,11:38,チョコレート,菓子,120
4557,1044,2026-07-02,11:38,弁当,食事,500
4558,1021,2026-07-02,11:39,おにぎり,食事,150
4558,1021,2026-07-02,11:39,お茶,飲料,130
4558,1021,2026-07-02,11:39,パン,食事,180
4559,1048,2026-07-02,11:41,弁当,食事,500
4560,1009,2026-07-02,11:42,弁当,食事,500
4561,1061,2026-07-02,11:49,お茶,飲料,130
4561,1061,2026-07-02,11:49,カップ麺,食事,220
4562,1059,2026-07-02,11:54,おにぎり,食事,150
4562,1059,2026-07-02,11:54,お茶,飲料,130
4562,1059,2026-07-02,11:54,パン,食事,180
4563,1054,2026-07-02,11:57,お茶,飲料,130
4563,1054,2026-07-02,11:57,サンドイッチ,食事,320
4564,1067,2026-07-02,11:59,おにぎり,食事,150
4564,1067,2026-07-02,11:59,お茶,飲料,130
4564,1067,2026-07-02,11:59,パン,食事,180
4565,1036,2026-07-02,12:13,お茶,飲料,130
4565,1036,2026-07-02,12:13,弁当,食事,500
4566,1065,2026-07-02,12:18,弁当,食事,500
4567,1051,2026-07-02,12:22,おにぎり,食事,150
4568,1068,2026-07-02,12:25,チョコレート,菓子,120
4568,1068,2026-07-02,12:25,弁当,食事,500
4569,1056,2026-07-02,12:29,ジュース,飲料,140
4569,1056,2026-07-02,12:29,弁当,食事,500
4570,1027,2026-07-02,12:38,カップ麺,食事,220
4570,1027,2026-07-02,12:38,ジュース,飲料,140
4571,1016,2026-07-02,12:41,弁当,食事,500
4572,1182,2026-07-02,12:51,おにぎり,食事,150
4572,1182,2026-07-02,12:51,ガム,菓子,110
4572,1182,2026-07-02,12:51,サンドイッチ,食事,320
4572,1182,2026-07-02,12:51,ジュース,飲料,140
4572,1182,2026-07-02,12:51,チョコレート,菓子,120
4572,1182,2026-07-02,12:51,ノート,文具,200
4572,1182,2026-07-02,12:51,弁当,食事,500
4573,1053,2026-07-02,12:55,おにぎり,食事,150
4573,1053,2026-07-02,12:55,お茶,飲料,130
4573,1053,2026-07-02,12:55,パン,食事,180
4574,1192,2026-07-02,13:02,お茶,飲料,130
4574,1192,2026-07-02,13:02,カップ麺,食事,220
4574,1192,2026-07-02,13:02,サンドイッチ,食事,320
4574,1192,2026-07-02,13:02,ボールペン,文具,120
4574,1192,2026-07-02,13:02,弁当,食事,500
4575,1152,2026-07-02,13:07,ノート,文具,200
4575,1152,2026-07-02,13:07,ボールペン,文具,120
4576,1013,2026-07-02,13:11,おにぎり,食事,150
4576,1013,2026-07-02,13:11,お茶,飲料,130
4577,1022,2026-07-02,13:14,お茶,飲料,130
4577,1022,2026-07-02,13:14,弁当,食事,500
4578,1023,2026-07-02,13:21,弁当,食事,500
4579,1030,2026-07-02,13:25,おにぎり,食事,150
4580,1055,2026-07-02,13:28,おにぎり,食事,150
4580,1055,2026-07-02,13:28,パン,食事,180
4581,1060,2026-07-02,13:35,おにぎり,食事,150
4581,1060,2026-07-02,13:35,お茶,飲料,130
4582,1025,2026-07-02,13:56,お茶,飲料,130
4582,1025,2026-07-02,13:56,弁当,食事,500
4583,1095,2026-07-02,14:07,お茶,飲料,130
4583,1095,2026-07-02,14:07,チョコレート,菓子,120
4583,1095,2026-07-02,14:07,パン,食事,180
4584,1112,2026-07-02,14:12,ガム,菓子,110
4584,1112,2026-07-02,14:12,コーヒー,飲料,160
4584,1112,2026-07-02,14:12,チョコレート,菓子,120
4585,1108,2026-07-02,14:17,コーヒー,飲料,160
4586,1092,2026-07-02,14:19,コーヒー,飲料,160
4587,1093,2026-07-02,14:21,コーヒー,飲料,160
4587,1093,2026-07-02,14:21,チョコレート,菓子,120
4588,1094,2026-07-02,14:23,クッキー,菓子,180
4588,1094,2026-07-02,14:23,コーヒー,飲料,160
4589,1110,2026-07-02,14:24,コーヒー,飲料,160
4590,1122,2026-07-02,14:27,コーヒー,飲料,160
4591,1098,2026-07-02,14:40,クッキー,菓子,180
4591,1098,2026-07-02,14:40,コーヒー,飲料,160
4592,1123,2026-07-02,14:40,クッキー,菓子,180
4592,1123,2026-07-02,14:40,コーヒー,飲料,160
4593,1097,2026-07-02,14:45,コーヒー,飲料,160
4594,1080,2026-07-02,14:51,コーヒー,飲料,160
4594,1080,2026-07-02,14:51,チョコレート,菓子,120
4595,1116,2026-07-02,15:01,コーヒー,飲料,160
4596,1199,2026-07-02,15:05,おにぎり,食事,150
4596,1199,2026-07-02,15:05,お茶,飲料,130
4596,1199,2026-07-02,15:05,ノート,文具,200
4596,1199,2026-07-02,15:05,パン,食事,180
4596,1199,2026-07-02,15:05,ルーズリーフ,文具,350
4597,1072,2026-07-02,15:19,クッキー,菓子,180
4597,1072,2026-07-02,15:19,コーヒー,飲料,160
4597,1072,2026-07-02,15:19,パン,食事,180
4598,1109,2026-07-02,15:21,コーヒー,飲料,160
4599,1076,2026-07-02,15:25,クッキー,菓子,180
4599,1076,2026-07-02,15:25,コーヒー,飲料,160
4600,1106,2026-07-02,15:32,クッキー,菓子,180
4600,1106,2026-07-02,15:32,コーヒー,飲料,160
4601,1096,2026-07-02,16:00,クッキー,菓子,180
4601,1096,2026-07-02,16:00,コーヒー,飲料,160
4602,1074,2026-07-02,16:08,クッキー,菓子,180
4602,1074,2026-07-02,16:08,コーヒー,飲料,160
4603,1100,2026-07-02,16:13,コーヒー,飲料,160
4603,1100,2026-07-02,16:13,チョコレート,菓子,120
4604,1101,2026-07-02,16:30,ガム,菓子,110
4604,1101,2026-07-02,16:30,ジュース,飲料,140
4604,1101,2026-07-02,16:30,パン,食事,180
4605,1077,2026-07-02,16:41,ガム,菓子,110
4605,1077,2026-07-02,16:41,コーヒー,飲料,160
4606,1075,2026-07-02,16:57,コーヒー,飲料,160
4607,1104,2026-07-02,16:59,ガム,菓子,110
4607,1104,2026-07-02,16:59,コーヒー,飲料,160
4607,1104,2026-07-02,16:59,チョコレート,菓子,120
4608,1120,2026-07-02,17:01,コーヒー,飲料,160
4609,1071,2026-07-02,17:02,コーヒー,飲料,160
4610,1078,2026-07-02,17:02,ガム,菓子,110
4610,1078,2026-07-02,17:02,コーヒー,飲料,160
4611,1103,2026-07-02,17:06,クッキー,菓子,180
4611,1103,2026-07-02,17:06,コーヒー,飲料,160
4612,1086,2026-07-02,17:08,お茶,飲料,130
4612,1086,2026-07-02,17:08,チョコレート,菓子,120
4613,1079,2026-07-02,17:13,クッキー,菓子,180
4613,1079,2026-07-02,17:13,コーヒー,飲料,160
4614,1115,2026-07-02,17:20,ガム,菓子,110
4614,1115,2026-07-02,17:20,コーヒー,飲料,160
4615,1084,2026-07-02,17:25,クッキー,菓子,180
4615,1084,2026-07-02,17:25,コーヒー,飲料,160
4616,1091,2026-07-02,17:36,コーヒー,飲料,160
4616,1091,2026-07-02,17:36,パン,食事,180
4617,1107,2026-07-02,17:40,クッキー,菓子,180
4617,1107,2026-07-02,17:40,コーヒー,飲料,160
4617,1107,2026-07-02,17:40,パン,食事,180
4618,1111,2026-07-02,17:41,クッキー,菓子,180
4618,1111,2026-07-02,17:41,コーヒー,飲料,160
4619,1081,2026-07-02,17:42,コーヒー,飲料,160
4620,1088,2026-07-02,17:43,ガム,菓子,110
4620,1088,2026-07-02,17:43,コーヒー,飲料,160
4620,1088,2026-07-02,17:43,チョコレート,菓子,120
4621,1082,2026-07-02,17:47,お茶,飲料,130
4622,1113,2026-07-02,17:56,クッキー,菓子,180
4622,1113,2026-07-02,17:56,コーヒー,飲料,160
4622,1113,2026-07-02,17:56,パン,食事,180
4623,1125,2026-07-02,17:56,コーヒー,飲料,160
4623,1125,2026-07-02,17:56,チョコレート,菓子,120
4624,1062,2026-07-03,11:16,おにぎり,食事,150
4624,1062,2026-07-03,11:16,お茶,飲料,130
4625,1067,2026-07-03,11:26,お茶,飲料,130
4625,1067,2026-07-03,11:26,弁当,食事,500
4626,1021,2026-07-03,11:36,ジュース,飲料,140
4626,1021,2026-07-03,11:36,弁当,食事,500
4627,1197,2026-07-03,11:39,おにぎり,食事,150
4627,1197,2026-07-03,11:39,お茶,飲料,130
4627,1197,2026-07-03,11:39,コーヒー,飲料,160
4627,1197,2026-07-03,11:39,チョコレート,菓子,120
4627,1197,2026-07-03,11:39,パン,食事,180
4628,1010,2026-07-03,11:41,お茶,飲料,130
4628,1010,2026-07-03,11:41,カップ麺,食事,220
4629,1055,2026-07-03,11:41,ジュース,飲料,140
4629,1055,2026-07-03,11:41,弁当,食事,500
4630,1041,2026-07-03,11:51,おにぎり,食事,150
4630,1041,2026-07-03,11:51,お茶,飲料,130
4631,1016,2026-07-03,11:59,ジュース,飲料,140
4631,1016,2026-07-03,11:59,弁当,食事,500
4632,1057,2026-07-03,12:02,お茶,飲料,130
4632,1057,2026-07-03,12:02,弁当,食事,500
4633,1036,2026-07-03,12:09,ジュース,飲料,140
4633,1036,2026-07-03,12:09,弁当,食事,500
4634,1047,2026-07-03,12:22,お茶,飲料,130
4634,1047,2026-07-03,12:22,弁当,食事,500
4635,1196,2026-07-03,12:29,お茶,飲料,130
4635,1196,2026-07-03,12:29,クッキー,菓子,180
4635,1196,2026-07-03,12:29,コーヒー,飲料,160
4635,1196,2026-07-03,12:29,弁当,食事,500
4636,1028,2026-07-03,12:33,サンドイッチ,食事,320
4637,1171,2026-07-03,12:50,おにぎり,食事,150
4637,1171,2026-07-03,12:50,コーヒー,飲料,160
4637,1171,2026-07-03,12:50,サンドイッチ,食事,320
4637,1171,2026-07-03,12:50,ジュース,飲料,140
4637,1171,2026-07-03,12:50,チョコレート,菓子,120
4637,1171,2026-07-03,12:50,パン,食事,180
4637,1171,2026-07-03,12:50,ルーズリーフ,文具,350
4638,1014,2026-07-03,12:55,ジュース,飲料,140
4638,1014,2026-07-03,12:55,チョコレート,菓子,120
4638,1014,2026-07-03,12:55,弁当,食事,500
4639,1063,2026-07-03,12:57,お茶,飲料,130
4639,1063,2026-07-03,12:57,弁当,食事,500
4640,1070,2026-07-03,12:58,おにぎり,食事,150
4640,1070,2026-07-03,12:58,お茶,飲料,130
4641,1026,2026-07-03,12:59,おにぎり,食事,150
4642,1003,2026-07-03,13:02,お茶,飲料,130
4642,1003,2026-07-03,13:02,弁当,食事,500
4643,1042,2026-07-03,13:03,おにぎり,食事,150
4644,1027,2026-07-03,13:04,お茶,飲料,130
4644,1027,2026-07-03,13:04,弁当,食事,500
4645,1065,2026-07-03,13:04,お茶,飲料,130
4645,1065,2026-07-03,13:04,カップ麺,食事,220
4646,1030,2026-07-03,13:15,おにぎり,食事,150
4646,1030,2026-07-03,13:15,お茶,飲料,130
4647,1056,2026-07-03,13:20,お茶,飲料,130
4647,1056,2026-07-03,13:20,カップ麺,食事,220
4648,1034,2026-07-03,13:26,お茶,飲料,130
4648,1034,2026-07-03,13:26,弁当,食事,500
4649,1002,2026-07-03,13:27,おにぎり,食事,150
4649,1002,2026-07-03,13:27,お茶,飲料,130
4650,1033,2026-07-03,13:27,お茶,飲料,130
4650,1033,2026-07-03,13:27,チョコレート,菓子,120
4650,1033,2026-07-03,13:27,弁当,食事,500
4651,1009,2026-07-03,13:28,お茶,飲料,130
4651,1009,2026-07-03,13:28,弁当,食事,500
4652,1054,2026-07-03,13:29,おにぎり,食事,150
4652,1054,2026-07-03,13:29,お茶,飲料,130
4653,1035,2026-07-03,13:30,おにぎり,食事,150
4653,1035,2026-07-03,13:30,お茶,飲料,130
4653,1035,2026-07-03,13:30,パン,食事,180
4654,1044,2026-07-03,13:35,お茶,飲料,130
4654,1044,2026-07-03,13:35,サンドイッチ,食事,320
4655,1040,2026-07-03,13:37,弁当,食事,500
4656,1037,2026-07-03,13:39,ジュース,飲料,140
4656,1037,2026-07-03,13:39,弁当,食事,500
4657,1051,2026-07-03,13:48,お茶,飲料,130
4657,1051,2026-07-03,13:48,カップ麺,食事,220
4658,1031,2026-07-03,13:56,ジュース,飲料,140
4658,1031,2026-07-03,13:56,弁当,食事,500
4659,1059,2026-07-03,13:59,お茶,飲料,130
4659,1059,2026-07-03,13:59,弁当,食事,500
4660,1123,2026-07-03,14:00,ガム,菓子,110
4660,1123,2026-07-03,14:00,コーヒー,飲料,160
4660,1123,2026-07-03,14:00,チョコレート,菓子,120
4661,1094,2026-07-03,14:20,クッキー,菓子,180
4661,1094,2026-07-03,14:20,コーヒー,飲料,160
4662,1087,2026-07-03,14:23,クッキー,菓子,180
4662,1087,2026-07-03,14:23,コーヒー,飲料,160
4663,1077,2026-07-03,14:45,コーヒー,飲料,160
4663,1077,2026-07-03,14:45,チョコレート,菓子,120
4664,1105,2026-07-03,14:58,クッキー,菓子,180
4664,1105,2026-07-03,14:58,コーヒー,飲料,160
4665,1097,2026-07-03,15:01,コーヒー,飲料,160
4665,1097,2026-07-03,15:01,チョコレート,菓子,120
4666,1071,2026-07-03,15:06,クッキー,菓子,180
4666,1071,2026-07-03,15:06,コーヒー,飲料,160
4667,1074,2026-07-03,15:07,クッキー,菓子,180
4667,1074,2026-07-03,15:07,コーヒー,飲料,160
4668,1111,2026-07-03,15:10,お茶,飲料,130
4668,1111,2026-07-03,15:10,チョコレート,菓子,120
4669,1110,2026-07-03,15:14,コーヒー,飲料,160
4669,1110,2026-07-03,15:14,チョコレート,菓子,120
4670,1112,2026-07-03,15:17,コーヒー,飲料,160
4670,1112,2026-07-03,15:17,チョコレート,菓子,120
4671,1101,2026-07-03,15:27,コーヒー,飲料,160
4672,1083,2026-07-03,15:33,お茶,飲料,130
4672,1083,2026-07-03,15:33,ガム,菓子,110
4672,1083,2026-07-03,15:33,チョコレート,菓子,120
4672,1083,2026-07-03,15:33,パン,食事,180
4673,1113,2026-07-03,15:42,クッキー,菓子,180
4673,1113,2026-07-03,15:42,コーヒー,飲料,160
4674,1119,2026-07-03,15:55,ガム,菓子,110
4674,1119,2026-07-03,15:55,コーヒー,飲料,160
4674,1119,2026-07-03,15:55,チョコレート,菓子,120
4675,1115,2026-07-03,16:00,クッキー,菓子,180
4675,1115,2026-07-03,16:00,コーヒー,飲料,160
4676,1076,2026-07-03,16:01,クッキー,菓子,180
4676,1076,2026-07-03,16:01,コーヒー,飲料,160
4677,1109,2026-07-03,16:26,クッキー,菓子,180
4677,1109,2026-07-03,16:26,コーヒー,飲料,160
4678,1107,2026-07-03,16:27,クッキー,菓子,180
4678,1107,2026-07-03,16:27,コーヒー,飲料,160
4679,1078,2026-07-03,16:46,ジュース,飲料,140
4679,1078,2026-07-03,16:46,チョコレート,菓子,120
4680,1082,2026-07-03,16:53,コーヒー,飲料,160
4680,1082,2026-07-03,16:53,チョコレート,菓子,120
4681,1114,2026-07-03,16:54,コーヒー,飲料,160
4681,1114,2026-07-03,16:54,チョコレート,菓子,120
4682,1106,2026-07-03,16:55,クッキー,菓子,180
4682,1106,2026-07-03,16:55,コーヒー,飲料,160
4683,1080,2026-07-03,17:03,ガム,菓子,110
4683,1080,2026-07-03,17:03,クッキー,菓子,180
4683,1080,2026-07-03,17:03,コーヒー,飲料,160
4684,1092,2026-07-03,17:03,コーヒー,飲料,160
4684,1092,2026-07-03,17:03,パン,食事,180
4685,1120,2026-07-03,17:05,コーヒー,飲料,160
4686,1098,2026-07-03,17:08,コーヒー,飲料,160
4686,1098,2026-07-03,17:08,パン,食事,180
4687,1079,2026-07-03,17:18,コーヒー,飲料,160
4687,1079,2026-07-03,17:18,チョコレート,菓子,120
4688,1116,2026-07-03,17:19,お茶,飲料,130
4689,1091,2026-07-03,17:24,クッキー,菓子,180
4689,1091,2026-07-03,17:24,コーヒー,飲料,160
4690,1075,2026-07-03,17:30,クッキー,菓子,180
4690,1075,2026-07-03,17:30,コーヒー,飲料,160
4691,1086,2026-07-03,17:36,クッキー,菓子,180
4691,1086,2026-07-03,17:36,コーヒー,飲料,160
4692,1100,2026-07-03,17:42,クッキー,菓子,180
4692,1100,2026-07-03,17:42,コーヒー,飲料,160
4693,1121,2026-07-03,17:42,ガム,菓子,110
4693,1121,2026-07-03,17:42,クッキー,菓子,180
4693,1121,2026-07-03,17:42,コーヒー,飲料,160
4694,1081,2026-07-03,17:45,コーヒー,飲料,160
4694,1081,2026-07-03,17:45,チョコレート,菓子,120
4695,1088,2026-07-03,17:54,お茶,飲料,130
4696,1154,2026-07-06,09:07,ノート,文具,200
4696,1154,2026-07-06,09:07,ボールペン,文具,120
4696,1154,2026-07-06,09:07,ルーズリーフ,文具,350
4697,1189,2026-07-06,10:52,おにぎり,食事,150
4697,1189,2026-07-06,10:52,お茶,飲料,130
4697,1189,2026-07-06,10:52,カップ麺,食事,220
4697,1189,2026-07-06,10:52,ガム,菓子,110
4697,1189,2026-07-06,10:52,コーヒー,飲料,160
4697,1189,2026-07-06,10:52,ノート,文具,200
4697,1189,2026-07-06,10:52,ボールペン,文具,120
4697,1189,2026-07-06,10:52,弁当,食事,500
4698,1029,2026-07-06,11:08,お茶,飲料,130
4698,1029,2026-07-06,11:08,弁当,食事,500
4699,1055,2026-07-06,11:11,お茶,飲料,130
4699,1055,2026-07-06,11:11,カップ麺,食事,220
4700,1196,2026-07-06,11:13,クッキー,菓子,180
4700,1196,2026-07-06,11:13,コーヒー,飲料,160
4700,1196,2026-07-06,11:13,パン,食事,180
4700,1196,2026-07-06,11:13,弁当,食事,500
4701,1041,2026-07-06,11:15,お茶,飲料,130
4701,1041,2026-07-06,11:15,弁当,食事,500
4702,1044,2026-07-06,11:20,弁当,食事,500
4703,1134,2026-07-06,11:21,ルーズリーフ,文具,350
4703,1134,2026-07-06,11:21,消しゴム,文具,100
4704,1015,2026-07-06,11:34,サンドイッチ,食事,320
4704,1015,2026-07-06,11:34,チョコレート,菓子,120
4705,1022,2026-07-06,11:35,サンドイッチ,食事,320
4706,1170,2026-07-06,11:36,お茶,飲料,130
4706,1170,2026-07-06,11:36,ガム,菓子,110
4706,1170,2026-07-06,11:36,クッキー,菓子,180
4706,1170,2026-07-06,11:36,サンドイッチ,食事,320
4706,1170,2026-07-06,11:36,ジュース,飲料,140
4706,1170,2026-07-06,11:36,チョコレート,菓子,120
4706,1170,2026-07-06,11:36,ルーズリーフ,文具,350
4706,1170,2026-07-06,11:36,弁当,食事,500
4707,1153,2026-07-06,11:40,お茶,飲料,130
4707,1153,2026-07-06,11:40,ノート,文具,200
4708,1014,2026-07-06,11:41,おにぎり,食事,150
4708,1014,2026-07-06,11:41,お茶,飲料,130
4709,1037,2026-07-06,11:43,お茶,飲料,130
4709,1037,2026-07-06,11:43,サンドイッチ,食事,320
4710,1049,2026-07-06,11:51,ジュース,飲料,140
4710,1049,2026-07-06,11:51,弁当,食事,500
4711,1016,2026-07-06,12:05,ジュース,飲料,140
4711,1016,2026-07-06,12:05,弁当,食事,500
4712,1027,2026-07-06,12:06,おにぎり,食事,150
4712,1027,2026-07-06,12:06,ジュース,飲料,140
4712,1027,2026-07-06,12:06,パン,食事,180
4713,1048,2026-07-06,12:06,お茶,飲料,130
4713,1048,2026-07-06,12:06,弁当,食事,500
4714,1050,2026-07-06,12:08,おにぎり,食事,150
4714,1050,2026-07-06,12:08,パン,食事,180
4715,1063,2026-07-06,12:09,おにぎり,食事,150
4715,1063,2026-07-06,12:09,お茶,飲料,130
4715,1063,2026-07-06,12:09,パン,食事,180
4716,1008,2026-07-06,12:26,お茶,飲料,130
4716,1008,2026-07-06,12:26,カップ麺,食事,220
4717,1019,2026-07-06,12:34,おにぎり,食事,150
4718,1043,2026-07-06,12:36,お茶,飲料,130
4718,1043,2026-07-06,12:36,弁当,食事,500
4719,1025,2026-07-06,12:59,お茶,飲料,130
4719,1025,2026-07-06,12:59,弁当,食事,500
4720,1197,2026-07-06,13:01,おにぎり,食事,150
4720,1197,2026-07-06,13:01,クッキー,菓子,180
4720,1197,2026-07-06,13:01,コーヒー,飲料,160
4720,1197,2026-07-06,13:01,ジュース,飲料,140
4721,1059,2026-07-06,13:03,おにぎり,食事,150
4721,1059,2026-07-06,13:03,お茶,飲料,130
4721,1059,2026-07-06,13:03,パン,食事,180
4722,1067,2026-07-06,13:05,弁当,食事,500
4723,1070,2026-07-06,13:05,お茶,飲料,130
4723,1070,2026-07-06,13:05,カップ麺,食事,220
4723,1070,2026-07-06,13:05,チョコレート,菓子,120
4724,1002,2026-07-06,13:08,カップ麺,食事,220
4725,1045,2026-07-06,13:12,サンドイッチ,食事,320
4726,1036,2026-07-06,13:19,おにぎり,食事,150
4726,1036,2026-07-06,13:19,お茶,飲料,130
4727,1007,2026-07-06,13:22,おにぎり,食事,150
4727,1007,2026-07-06,13:22,お茶,飲料,130
4728,1001,2026-07-06,13:25,お茶,飲料,130
4728,1001,2026-07-06,13:25,チョコレート,菓子,120
4728,1001,2026-07-06,13:25,弁当,食事,500
4729,1039,2026-07-06,13:25,おにぎり,食事,150
4730,1057,2026-07-06,13:25,お茶,飲料,130
4730,1057,2026-07-06,13:25,弁当,食事,500
4731,1058,2026-07-06,13:26,お茶,飲料,130
4731,1058,2026-07-06,13:26,サンドイッチ,食事,320
4732,1011,2026-07-06,13:37,おにぎり,食事,150
4732,1011,2026-07-06,13:37,お茶,飲料,130
4732,1011,2026-07-06,13:37,パン,食事,180
4733,1013,2026-07-06,13:49,お茶,飲料,130
4733,1013,2026-07-06,13:49,チョコレート,菓子,120
4733,1013,2026-07-06,13:49,弁当,食事,500
4734,1047,2026-07-06,13:51,おにぎり,食事,150
4734,1047,2026-07-06,13:51,お茶,飲料,130
4735,1018,2026-07-06,13:52,おにぎり,食事,150
4735,1018,2026-07-06,13:52,お茶,飲料,130
4736,1098,2026-07-06,14:03,クッキー,菓子,180
4736,1098,2026-07-06,14:03,コーヒー,飲料,160
4737,1120,2026-07-06,14:03,ガム,菓子,110
4737,1120,2026-07-06,14:03,コーヒー,飲料,160
4737,1120,2026-07-06,14:03,チョコレート,菓子,120
4738,1195,2026-07-06,14:06,おにぎり,食事,150
4738,1195,2026-07-06,14:06,お茶,飲料,130
4738,1195,2026-07-06,14:06,カップ麺,食事,220
4738,1195,2026-07-06,14:06,クッキー,菓子,180
4738,1195,2026-07-06,14:06,コーヒー,飲料,160
4738,1195,2026-07-06,14:06,ジュース,飲料,140
4738,1195,2026-07-06,14:06,ルーズリーフ,文具,350
4738,1195,2026-07-06,14:06,弁当,食事,500
4739,1107,2026-07-06,14:14,クッキー,菓子,180
4739,1107,2026-07-06,14:14,コーヒー,飲料,160
4739,1107,2026-07-06,14:14,パン,食事,180
4740,1123,2026-07-06,14:26,クッキー,菓子,180
4740,1123,2026-07-06,14:26,コーヒー,飲料,160
4741,1102,2026-07-06,14:34,コーヒー,飲料,160
4741,1102,2026-07-06,14:34,チョコレート,菓子,120
4742,1079,2026-07-06,14:35,クッキー,菓子,180
4742,1079,2026-07-06,14:35,コーヒー,飲料,160
4743,1092,2026-07-06,14:36,クッキー,菓子,180
4743,1092,2026-07-06,14:36,コーヒー,飲料,160
4744,1121,2026-07-06,15:06,ガム,菓子,110
4744,1121,2026-07-06,15:06,クッキー,菓子,180
4744,1121,2026-07-06,15:06,コーヒー,飲料,160
4745,1075,2026-07-06,15:10,クッキー,菓子,180
4745,1075,2026-07-06,15:10,コーヒー,飲料,160
4746,1132,2026-07-06,15:15,ノート,文具,200
4747,1077,2026-07-06,15:19,クッキー,菓子,180
4747,1077,2026-07-06,15:19,コーヒー,飲料,160
4748,1091,2026-07-06,15:22,コーヒー,飲料,160
4748,1091,2026-07-06,15:22,チョコレート,菓子,120
4749,1113,2026-07-06,15:29,お茶,飲料,130
4750,1124,2026-07-06,15:34,コーヒー,飲料,160
4751,1122,2026-07-06,15:35,コーヒー,飲料,160
4752,1114,2026-07-06,15:38,コーヒー,飲料,160
4752,1114,2026-07-06,15:38,チョコレート,菓子,120
4753,1125,2026-07-06,15:38,コーヒー,飲料,160
4754,1100,2026-07-06,15:41,ガム,菓子,110
4754,1100,2026-07-06,15:41,コーヒー,飲料,160
4755,1072,2026-07-06,15:47,ジュース,飲料,140
4756,1088,2026-07-06,15:56,クッキー,菓子,180
4756,1088,2026-07-06,15:56,コーヒー,飲料,160
4757,1110,2026-07-06,16:08,コーヒー,飲料,160
4757,1110,2026-07-06,16:08,パン,食事,180
4758,1106,2026-07-06,16:14,クッキー,菓子,180
4758,1106,2026-07-06,16:14,コーヒー,飲料,160
4759,1087,2026-07-06,16:20,ガム,菓子,110
4759,1087,2026-07-06,16:20,コーヒー,飲料,160
4760,1094,2026-07-06,16:21,クッキー,菓子,180
4760,1094,2026-07-06,16:21,コーヒー,飲料,160
4761,1108,2026-07-06,16:22,クッキー,菓子,180
4761,1108,2026-07-06,16:22,コーヒー,飲料,160
4762,1115,2026-07-06,16:37,コーヒー,飲料,160
4762,1115,2026-07-06,16:37,チョコレート,菓子,120
4762,1115,2026-07-06,16:37,パン,食事,180
4763,1109,2026-07-06,16:39,ガム,菓子,110
4763,1109,2026-07-06,16:39,クッキー,菓子,180
4763,1109,2026-07-06,16:39,コーヒー,飲料,160
4763,1109,2026-07-06,16:39,パン,食事,180
4764,1078,2026-07-06,16:45,クッキー,菓子,180
4764,1078,2026-07-06,16:45,コーヒー,飲料,160
4765,1116,2026-07-06,16:45,クッキー,菓子,180
4765,1116,2026-07-06,16:45,コーヒー,飲料,160
4766,1080,2026-07-06,16:59,クッキー,菓子,180
4766,1080,2026-07-06,16:59,コーヒー,飲料,160
4766,1080,2026-07-06,16:59,パン,食事,180
4767,1112,2026-07-06,17:02,コーヒー,飲料,160
4768,1101,2026-07-06,17:05,クッキー,菓子,180
4768,1101,2026-07-06,17:05,コーヒー,飲料,160
4769,1111,2026-07-06,17:10,コーヒー,飲料,160
4770,1117,2026-07-06,17:15,コーヒー,飲料,160
4770,1117,2026-07-06,17:15,チョコレート,菓子,120
4771,1103,2026-07-06,17:22,クッキー,菓子,180
4771,1103,2026-07-06,17:22,コーヒー,飲料,160
4772,1105,2026-07-06,17:31,ガム,菓子,110
4772,1105,2026-07-06,17:31,コーヒー,飲料,160
4773,1082,2026-07-06,17:32,クッキー,菓子,180
4773,1082,2026-07-06,17:32,コーヒー,飲料,160
4774,1076,2026-07-06,17:47,コーヒー,飲料,160
4775,1186,2026-07-07,10:18,おにぎり,食事,150
4775,1186,2026-07-07,10:18,お茶,飲料,130
4775,1186,2026-07-07,10:18,コーヒー,飲料,160
4775,1186,2026-07-07,10:18,サンドイッチ,食事,320
4775,1186,2026-07-07,10:18,ジュース,飲料,140
4775,1186,2026-07-07,10:18,ボールペン,文具,120
4775,1186,2026-07-07,10:18,弁当,食事,500
4776,1046,2026-07-07,11:18,おにぎり,食事,150
4776,1046,2026-07-07,11:18,お茶,飲料,130
4777,1049,2026-07-07,11:28,おにぎり,食事,150
4778,1009,2026-07-07,11:30,弁当,食事,500
4779,1042,2026-07-07,11:31,サンドイッチ,食事,320
4780,1197,2026-07-07,11:38,おにぎり,食事,150
4780,1197,2026-07-07,11:38,お茶,飲料,130
4780,1197,2026-07-07,11:38,クッキー,菓子,180
4780,1197,2026-07-07,11:38,コーヒー,飲料,160
4780,1197,2026-07-07,11:38,チョコレート,菓子,120
4780,1197,2026-07-07,11:38,パン,食事,180
4781,1015,2026-07-07,11:48,弁当,食事,500
4782,1171,2026-07-07,11:49,お茶,飲料,130
4782,1171,2026-07-07,11:49,カップ麺,食事,220
4782,1171,2026-07-07,11:49,クッキー,菓子,180
4782,1171,2026-07-07,11:49,サンドイッチ,食事,320
4782,1171,2026-07-07,11:49,ジュース,飲料,140
4782,1171,2026-07-07,11:49,ボールペン,文具,120
4783,1021,2026-07-07,11:52,カップ麺,食事,220
4784,1001,2026-07-07,11:59,おにぎり,食事,150
4784,1001,2026-07-07,11:59,お茶,飲料,130
4784,1001,2026-07-07,11:59,パン,食事,180
4785,1135,2026-07-07,12:05,ノート,文具,200
4786,1038,2026-07-07,12:09,お茶,飲料,130
4786,1038,2026-07-07,12:09,チョコレート,菓子,120
4786,1038,2026-07-07,12:09,弁当,食事,500
4787,1002,2026-07-07,12:12,おにぎり,食事,150
4787,1002,2026-07-07,12:12,お茶,飲料,130
4788,1051,2026-07-07,12:23,お茶,飲料,130
4788,1051,2026-07-07,12:23,弁当,食事,500
4789,1060,2026-07-07,12:27,おにぎり,食事,150
4789,1060,2026-07-07,12:27,お茶,飲料,130
4790,1035,2026-07-07,12:32,カップ麺,食事,220
4791,1041,2026-07-07,12:35,ジュース,飲料,140
4791,1041,2026-07-07,12:35,弁当,食事,500
4792,1059,2026-07-07,12:41,おにぎり,食事,150
4792,1059,2026-07-07,12:41,お茶,飲料,130
4793,1048,2026-07-07,12:51,おにぎり,食事,150
4793,1048,2026-07-07,12:51,お茶,飲料,130
4793,1048,2026-07-07,12:51,チョコレート,菓子,120
4794,1037,2026-07-07,12:55,弁当,食事,500
4795,1066,2026-07-07,13:00,弁当,食事,500
4796,1198,2026-07-07,13:00,おにぎり,食事,150
4796,1198,2026-07-07,13:00,チョコレート,菓子,120
4796,1198,2026-07-07,13:00,ノート,文具,200
4796,1198,2026-07-07,13:00,パン,食事,180
4796,1198,2026-07-07,13:00,ボールペン,文具,120
4796,1198,2026-07-07,13:00,ルーズリーフ,文具,350
4797,1011,2026-07-07,13:09,弁当,食事,500
4798,1062,2026-07-07,13:11,おにぎり,食事,150
4799,1043,2026-07-07,13:12,弁当,食事,500
4800,1045,2026-07-07,13:13,お茶,飲料,130
4800,1045,2026-07-07,13:13,カップ麺,食事,220
4801,1172,2026-07-07,13:24,お茶,飲料,130
4801,1172,2026-07-07,13:24,クッキー,菓子,180
4801,1172,2026-07-07,13:24,サンドイッチ,食事,320
4801,1172,2026-07-07,13:24,ジュース,飲料,140
4801,1172,2026-07-07,13:24,弁当,食事,500
4802,1039,2026-07-07,13:37,おにぎり,食事,150
4802,1039,2026-07-07,13:37,お茶,飲料,130
4803,1024,2026-07-07,13:45,弁当,食事,500
4804,1050,2026-07-07,13:47,お茶,飲料,130
4804,1050,2026-07-07,13:47,弁当,食事,500
4805,1017,2026-07-07,13:55,おにぎり,食事,150
4806,1018,2026-07-07,13:56,おにぎり,食事,150
4806,1018,2026-07-07,13:56,お茶,飲料,130
4806,1018,2026-07-07,13:56,パン,食事,180
4807,1124,2026-07-07,14:28,クッキー,菓子,180
4807,1124,2026-07-07,14:28,コーヒー,飲料,160
4808,1110,2026-07-07,14:33,クッキー,菓子,180
4808,1110,2026-07-07,14:33,コーヒー,飲料,160
4809,1112,2026-07-07,14:38,クッキー,菓子,180
4809,1112,2026-07-07,14:38,コーヒー,飲料,160
4810,1083,2026-07-07,14:50,クッキー,菓子,180
4810,1083,2026-07-07,14:50,コーヒー,飲料,160
4810,1083,2026-07-07,14:50,パン,食事,180
4811,1116,2026-07-07,14:57,クッキー,菓子,180
4811,1116,2026-07-07,14:57,コーヒー,飲料,160
4812,1073,2026-07-07,14:59,クッキー,菓子,180
4812,1073,2026-07-07,14:59,コーヒー,飲料,160
4813,1093,2026-07-07,14:59,コーヒー,飲料,160
4813,1093,2026-07-07,14:59,パン,食事,180
4814,1122,2026-07-07,15:00,コーヒー,飲料,160
4814,1122,2026-07-07,15:00,チョコレート,菓子,120
4815,1113,2026-07-07,15:03,コーヒー,飲料,160
4816,1191,2026-07-07,15:06,お茶,飲料,130
4816,1191,2026-07-07,15:06,サンドイッチ,食事,320
4816,1191,2026-07-07,15:06,チョコレート,菓子,120
4816,1191,2026-07-07,15:06,パン,食事,180
4816,1191,2026-07-07,15:06,弁当,食事,500
4817,1105,2026-07-07,15:13,クッキー,菓子,180
4817,1105,2026-07-07,15:13,コーヒー,飲料,160
4818,1117,2026-07-07,15:17,コーヒー,飲料,160
4818,1117,2026-07-07,15:17,チョコレート,菓子,120
4818,1117,2026-07-07,15:17,パン,食事,180
4819,1192,2026-07-07,15:21,お茶,飲料,130
4819,1192,2026-07-07,15:21,カップ麺,食事,220
4819,1192,2026-07-07,15:21,クッキー,菓子,180
4819,1192,2026-07-07,15:21,サンドイッチ,食事,320
4819,1192,2026-07-07,15:21,ジュース,飲料,140
4819,1192,2026-07-07,15:21,チョコレート,菓子,120
4819,1192,2026-07-07,15:21,弁当,食事,500
4820,1079,2026-07-07,15:24,コーヒー,飲料,160
4820,1079,2026-07-07,15:24,チョコレート,菓子,120
4821,1071,2026-07-07,15:26,コーヒー,飲料,160
4821,1071,2026-07-07,15:26,チョコレート,菓子,120
4822,1185,2026-07-07,15:27,おにぎり,食事,150
4822,1185,2026-07-07,15:27,お茶,飲料,130
4822,1185,2026-07-07,15:27,カップ麺,食事,220
4822,1185,2026-07-07,15:27,サンドイッチ,食事,320
4822,1185,2026-07-07,15:27,弁当,食事,500
4823,1076,2026-07-07,15:35,ジュース,飲料,140
4823,1076,2026-07-07,15:35,チョコレート,菓子,120
4824,1106,2026-07-07,15:49,クッキー,菓子,180
4824,1106,2026-07-07,15:49,コーヒー,飲料,160
4825,1101,2026-07-07,15:59,クッキー,菓子,180
4825,1101,2026-07-07,15:59,コーヒー,飲料,160
4826,1195,2026-07-07,16:06,おにぎり,食事,150
4826,1195,2026-07-07,16:06,お茶,飲料,130
4826,1195,2026-07-07,16:06,ガム,菓子,110
4826,1195,2026-07-07,16:06,クッキー,菓子,180
4826,1195,2026-07-07,16:06,コーヒー,飲料,160
4826,1195,2026-07-07,16:06,ジュース,飲料,140
4826,1195,2026-07-07,16:06,チョコレート,菓子,120
4826,1195,2026-07-07,16:06,ノート,文具,200
4826,1195,2026-07-07,16:06,弁当,食事,500
4827,1123,2026-07-07,16:20,コーヒー,飲料,160
4827,1123,2026-07-07,16:20,チョコレート,菓子,120
4828,1080,2026-07-07,16:22,コーヒー,飲料,160
4829,1183,2026-07-07,16:31,おにぎり,食事,150
4829,1183,2026-07-07,16:31,お茶,飲料,130
4829,1183,2026-07-07,16:31,カップ麺,食事,220
4829,1183,2026-07-07,16:31,パン,食事,180
4829,1183,2026-07-07,16:31,消しゴム,文具,100
4830,1075,2026-07-07,16:36,クッキー,菓子,180
4830,1075,2026-07-07,16:36,コーヒー,飲料,160
4831,1082,2026-07-07,16:38,クッキー,菓子,180
4831,1082,2026-07-07,16:38,コーヒー,飲料,160
4832,1170,2026-07-07,16:47,カップ麺,食事,220
4832,1170,2026-07-07,16:47,ガム,菓子,110
4832,1170,2026-07-07,16:47,コーヒー,飲料,160
4832,1170,2026-07-07,16:47,パン,食事,180
4832,1170,2026-07-07,16:47,ルーズリーフ,文具,350
4833,1099,2026-07-07,16:49,お茶,飲料,130
4834,1089,2026-07-07,16:51,コーヒー,飲料,160
4835,1094,2026-07-07,16:58,お茶,飲料,130
4836,1109,2026-07-07,17:04,お茶,飲料,130
4837,1102,2026-07-07,17:15,クッキー,菓子,180
4837,1102,2026-07-07,17:15,コーヒー,飲料,160
4838,1097,2026-07-07,17:18,コーヒー,飲料,160
4839,1098,2026-07-07,17:23,ジュース,飲料,140
4840,1120,2026-07-07,17:29,コーヒー,飲料,160
4840,1120,2026-07-07,17:29,チョコレート,菓子,120
4841,1078,2026-07-07,17:36,クッキー,菓子,180
4841,1078,2026-07-07,17:36,コーヒー,飲料,160
4842,1084,2026-07-07,17:36,コーヒー,飲料,160
4843,1108,2026-07-07,17:40,クッキー,菓子,180
4843,1108,2026-07-07,17:40,コーヒー,飲料,160
4844,1103,2026-07-07,17:41,クッキー,菓子,180
4844,1103,2026-07-07,17:41,コーヒー,飲料,160
4844,1103,2026-07-07,17:41,パン,食事,180
4845,1091,2026-07-07,17:46,クッキー,菓子,180
4845,1091,2026-07-07,17:46,コーヒー,飲料,160
4845,1091,2026-07-07,17:46,パン,食事,180
4846,1081,2026-07-07,17:48,クッキー,菓子,180
4846,1081,2026-07-07,17:48,コーヒー,飲料,160
4847,1114,2026-07-07,17:50,お茶,飲料,130
4848,1194,2026-07-07,18:21,おにぎり,食事,150
4848,1194,2026-07-07,18:21,お茶,飲料,130
4848,1194,2026-07-07,18:21,カップ麺,食事,220
4848,1194,2026-07-07,18:21,パン,食事,180
4848,1194,2026-07-07,18:21,ルーズリーフ,文具,350
4849,1070,2026-07-08,11:16,おにぎり,食事,150
4849,1070,2026-07-08,11:16,お茶,飲料,130
4850,1015,2026-07-08,11:21,おにぎり,食事,150
4850,1015,2026-07-08,11:21,お茶,飲料,130
4851,1063,2026-07-08,11:22,おにぎり,食事,150
4851,1063,2026-07-08,11:22,お茶,飲料,130
4852,1069,2026-07-08,11:34,お茶,飲料,130
4852,1069,2026-07-08,11:34,弁当,食事,500
4853,1052,2026-07-08,11:45,サンドイッチ,食事,320
4853,1052,2026-07-08,11:45,ジュース,飲料,140
4854,1190,2026-07-08,11:45,お茶,飲料,130
4854,1190,2026-07-08,11:45,カップ麺,食事,220
4854,1190,2026-07-08,11:45,コーヒー,飲料,160
4854,1190,2026-07-08,11:45,サンドイッチ,食事,320
4854,1190,2026-07-08,11:45,ジュース,飲料,140
4854,1190,2026-07-08,11:45,チョコレート,菓子,120
4854,1190,2026-07-08,11:45,パン,食事,180
4854,1190,2026-07-08,11:45,ルーズリーフ,文具,350
4854,1190,2026-07-08,11:45,弁当,食事,500
4855,1036,2026-07-08,11:46,お茶,飲料,130
4855,1036,2026-07-08,11:46,弁当,食事,500
4856,1067,2026-07-08,11:50,おにぎり,食事,150
4856,1067,2026-07-08,11:50,お茶,飲料,130
4856,1067,2026-07-08,11:50,パン,食事,180
4857,1180,2026-07-08,11:52,おにぎり,食事,150
4857,1180,2026-07-08,11:52,カップ麺,食事,220
4857,1180,2026-07-08,11:52,クッキー,菓子,180
4857,1180,2026-07-08,11:52,コーヒー,飲料,160
4857,1180,2026-07-08,11:52,ジュース,飲料,140
4857,1180,2026-07-08,11:52,チョコレート,菓子,120
4857,1180,2026-07-08,11:52,パン,食事,180
4857,1180,2026-07-08,11:52,ボールペン,文具,120
4857,1180,2026-07-08,11:52,弁当,食事,500
4858,1004,2026-07-08,11:57,カップ麺,食事,220
4859,1044,2026-07-08,12:00,お茶,飲料,130
4859,1044,2026-07-08,12:00,弁当,食事,500
4860,1033,2026-07-08,12:06,おにぎり,食事,150
4860,1033,2026-07-08,12:06,お茶,飲料,130
4861,1013,2026-07-08,12:12,おにぎり,食事,150
4861,1013,2026-07-08,12:12,ジュース,飲料,140
4861,1013,2026-07-08,12:12,パン,食事,180
4862,1058,2026-07-08,12:20,お茶,飲料,130
4862,1058,2026-07-08,12:20,弁当,食事,500
4863,1053,2026-07-08,12:23,お茶,飲料,130
4863,1053,2026-07-08,12:23,弁当,食事,500
4864,1062,2026-07-08,12:31,おにぎり,食事,150
4865,1043,2026-07-08,12:37,おにぎり,食事,150
4865,1043,2026-07-08,12:37,お茶,飲料,130
4866,1009,2026-07-08,12:54,お茶,飲料,130
4866,1009,2026-07-08,12:54,カップ麺,食事,220
4867,1066,2026-07-08,12:56,お茶,飲料,130
4867,1066,2026-07-08,12:56,弁当,食事,500
4868,1064,2026-07-08,12:58,おにぎり,食事,150
4868,1064,2026-07-08,12:58,お茶,飲料,130
4868,1064,2026-07-08,12:58,パン,食事,180
4869,1001,2026-07-08,13:04,お茶,飲料,130
4869,1001,2026-07-08,13:04,弁当,食事,500
4870,1018,2026-07-08,13:08,おにぎり,食事,150
4870,1018,2026-07-08,13:08,お茶,飲料,130
4870,1018,2026-07-08,13:08,パン,食事,180
4871,1025,2026-07-08,13:08,おにぎり,食事,150
4871,1025,2026-07-08,13:08,お茶,飲料,130
4872,1008,2026-07-08,13:23,ジュース,飲料,140
4872,1008,2026-07-08,13:23,弁当,食事,500
4873,1032,2026-07-08,13:26,おにぎり,食事,150
4873,1032,2026-07-08,13:26,お茶,飲料,130
4873,1032,2026-07-08,13:26,パン,食事,180
4874,1031,2026-07-08,13:30,カップ麺,食事,220
4875,1030,2026-07-08,13:43,お茶,飲料,130
4875,1030,2026-07-08,13:43,カップ麺,食事,220
4876,1048,2026-07-08,13:46,おにぎり,食事,150
4876,1048,2026-07-08,13:46,お茶,飲料,130
4877,1035,2026-07-08,13:47,おにぎり,食事,150
4877,1035,2026-07-08,13:47,お茶,飲料,130
4877,1035,2026-07-08,13:47,パン,食事,180
4878,1057,2026-07-08,13:54,お茶,飲料,130
4878,1057,2026-07-08,13:54,弁当,食事,500
4879,1060,2026-07-08,13:57,ジュース,飲料,140
4879,1060,2026-07-08,13:57,弁当,食事,500
4880,1088,2026-07-08,14:02,クッキー,菓子,180
4880,1088,2026-07-08,14:02,コーヒー,飲料,160
4881,1169,2026-07-08,14:11,おにぎり,食事,150
4881,1169,2026-07-08,14:11,お茶,飲料,130
4881,1169,2026-07-08,14:11,カップ麺,食事,220
4881,1169,2026-07-08,14:11,サンドイッチ,食事,320
4881,1169,2026-07-08,14:11,ジュース,飲料,140
4881,1169,2026-07-08,14:11,消しゴム,文具,100
4882,1095,2026-07-08,14:20,ガム,菓子,110
4882,1095,2026-07-08,14:20,コーヒー,飲料,160
4882,1095,2026-07-08,14:20,チョコレート,菓子,120
4883,1093,2026-07-08,14:30,ジュース,飲料,140
4884,1099,2026-07-08,14:35,クッキー,菓子,180
4884,1099,2026-07-08,14:35,コーヒー,飲料,160
4885,1177,2026-07-08,14:35,おにぎり,食事,150
4885,1177,2026-07-08,14:35,お茶,飲料,130
4885,1177,2026-07-08,14:35,カップ麺,食事,220
4885,1177,2026-07-08,14:35,ジュース,飲料,140
4885,1177,2026-07-08,14:35,チョコレート,菓子,120
4885,1177,2026-07-08,14:35,ノート,文具,200
4885,1177,2026-07-08,14:35,ボールペン,文具,120
4885,1177,2026-07-08,14:35,弁当,食事,500
4886,1119,2026-07-08,14:43,お茶,飲料,130
4887,1083,2026-07-08,14:54,クッキー,菓子,180
4887,1083,2026-07-08,14:54,コーヒー,飲料,160
4888,1103,2026-07-08,14:55,コーヒー,飲料,160
4888,1103,2026-07-08,14:55,チョコレート,菓子,120
4889,1111,2026-07-08,15:06,ガム,菓子,110
4889,1111,2026-07-08,15:06,クッキー,菓子,180
4889,1111,2026-07-08,15:06,コーヒー,飲料,160
4890,1123,2026-07-08,15:07,クッキー,菓子,180
4890,1123,2026-07-08,15:07,コーヒー,飲料,160
4891,1109,2026-07-08,15:10,ガム,菓子,110
4891,1109,2026-07-08,15:10,コーヒー,飲料,160
4891,1109,2026-07-08,15:10,チョコレート,菓子,120
4892,1112,2026-07-08,15:14,ガム,菓子,110
4892,1112,2026-07-08,15:14,クッキー,菓子,180
4892,1112,2026-07-08,15:14,コーヒー,飲料,160
4892,1112,2026-07-08,15:14,パン,食事,180
4893,1076,2026-07-08,15:15,コーヒー,飲料,160
4894,1091,2026-07-08,15:17,コーヒー,飲料,160
4895,1072,2026-07-08,15:20,コーヒー,飲料,160
4896,1073,2026-07-08,15:23,クッキー,菓子,180
4896,1073,2026-07-08,15:23,コーヒー,飲料,160
4897,1079,2026-07-08,15:30,コーヒー,飲料,160
4898,1120,2026-07-08,15:34,お茶,飲料,130
4899,1108,2026-07-08,15:35,クッキー,菓子,180
4899,1108,2026-07-08,15:35,コーヒー,飲料,160
4900,1124,2026-07-08,15:35,コーヒー,飲料,160
4900,1124,2026-07-08,15:35,チョコレート,菓子,120
4901,1101,2026-07-08,15:44,クッキー,菓子,180
4901,1101,2026-07-08,15:44,コーヒー,飲料,160
4902,1105,2026-07-08,15:45,コーヒー,飲料,160
4902,1105,2026-07-08,15:45,チョコレート,菓子,120
4903,1116,2026-07-08,15:46,コーヒー,飲料,160
4904,1098,2026-07-08,15:50,コーヒー,飲料,160
4905,1087,2026-07-08,15:58,クッキー,菓子,180
4905,1087,2026-07-08,15:58,コーヒー,飲料,160
4905,1087,2026-07-08,15:58,パン,食事,180
4906,1173,2026-07-08,15:58,おにぎり,食事,150
4906,1173,2026-07-08,15:58,お茶,飲料,130
4906,1173,2026-07-08,15:58,クッキー,菓子,180
4906,1173,2026-07-08,15:58,サンドイッチ,食事,320
4906,1173,2026-07-08,15:58,ジュース,飲料,140
4906,1173,2026-07-08,15:58,チョコレート,菓子,120
4906,1173,2026-07-08,15:58,ボールペン,文具,120
4906,1173,2026-07-08,15:58,ルーズリーフ,文具,350
4907,1106,2026-07-08,16:07,コーヒー,飲料,160
4908,1104,2026-07-08,16:12,コーヒー,飲料,160
4909,1075,2026-07-08,16:13,コーヒー,飲料,160
4909,1075,2026-07-08,16:13,チョコレート,菓子,120
4910,1078,2026-07-08,16:16,クッキー,菓子,180
4910,1078,2026-07-08,16:16,コーヒー,飲料,160
4911,1084,2026-07-08,16:17,クッキー,菓子,180
4911,1084,2026-07-08,16:17,コーヒー,飲料,160
4912,1113,2026-07-08,16:34,コーヒー,飲料,160
4913,1077,2026-07-08,16:39,コーヒー,飲料,160
4914,1100,2026-07-08,16:39,クッキー,菓子,180
4914,1100,2026-07-08,16:39,コーヒー,飲料,160
4915,1090,2026-07-08,16:42,クッキー,菓子,180
4915,1090,2026-07-08,16:42,コーヒー,飲料,160
4916,1097,2026-07-08,16:44,ジュース,飲料,140
4917,1121,2026-07-08,16:44,コーヒー,飲料,160
4918,1092,2026-07-08,16:46,コーヒー,飲料,160
4918,1092,2026-07-08,16:46,チョコレート,菓子,120
4919,1085,2026-07-08,16:53,ガム,菓子,110
4919,1085,2026-07-08,16:53,クッキー,菓子,180
4919,1085,2026-07-08,16:53,コーヒー,飲料,160
4920,1086,2026-07-08,16:53,コーヒー,飲料,160
4921,1102,2026-07-08,16:54,コーヒー,飲料,160
4921,1102,2026-07-08,16:54,チョコレート,菓子,120
4922,1118,2026-07-08,16:54,ジュース,飲料,140
4923,1080,2026-07-08,17:00,クッキー,菓子,180
4923,1080,2026-07-08,17:00,コーヒー,飲料,160
4924,1122,2026-07-08,17:06,ジュース,飲料,140
4924,1122,2026-07-08,17:06,チョコレート,菓子,120
4925,1082,2026-07-08,17:15,ガム,菓子,110
4925,1082,2026-07-08,17:15,コーヒー,飲料,160
4925,1082,2026-07-08,17:15,パン,食事,180
4926,1107,2026-07-08,17:31,クッキー,菓子,180
4926,1107,2026-07-08,17:31,コーヒー,飲料,160
4927,1081,2026-07-08,17:36,クッキー,菓子,180
4927,1081,2026-07-08,17:36,コーヒー,飲料,160
4928,1117,2026-07-08,17:45,ガム,菓子,110
4928,1117,2026-07-08,17:45,クッキー,菓子,180
4928,1117,2026-07-08,17:45,コーヒー,飲料,160
4929,1125,2026-07-08,17:47,お茶,飲料,130
4930,1152,2026-07-08,17:52,お茶,飲料,130
4930,1152,2026-07-08,17:52,ノート,文具,200
4931,1110,2026-07-08,17:53,コーヒー,飲料,160
4931,1110,2026-07-08,17:53,チョコレート,菓子,120
4932,1050,2026-07-09,11:02,お茶,飲料,130
4932,1050,2026-07-09,11:02,サンドイッチ,食事,320
4933,1166,2026-07-09,11:03,カップ麺,食事,220
4933,1166,2026-07-09,11:03,コーヒー,飲料,160
4933,1166,2026-07-09,11:03,ボールペン,文具,120
4933,1166,2026-07-09,11:03,弁当,食事,500
4933,1166,2026-07-09,11:03,消しゴム,文具,100
4934,1001,2026-07-09,11:11,おにぎり,食事,150
4934,1001,2026-07-09,11:11,お茶,飲料,130
4935,1061,2026-07-09,11:17,おにぎり,食事,150
4935,1061,2026-07-09,11:17,お茶,飲料,130
4936,1033,2026-07-09,11:26,お茶,飲料,130
4936,1033,2026-07-09,11:26,カップ麺,食事,220
4937,1022,2026-07-09,11:27,おにぎり,食事,150
4938,1062,2026-07-09,11:36,ジュース,飲料,140
4938,1062,2026-07-09,11:36,弁当,食事,500
4939,1011,2026-07-09,11:37,お茶,飲料,130
4939,1011,2026-07-09,11:37,弁当,食事,500
4940,1054,2026-07-09,11:39,お茶,飲料,130
4940,1054,2026-07-09,11:39,弁当,食事,500
4941,1019,2026-07-09,11:41,おにぎり,食事,150
4941,1019,2026-07-09,11:41,お茶,飲料,130
4942,1028,2026-07-09,11:42,弁当,食事,500
4943,1069,2026-07-09,11:45,おにぎり,食事,150
4943,1069,2026-07-09,11:45,お茶,飲料,130
4944,1023,2026-07-09,11:56,おにぎり,食事,150
4944,1023,2026-07-09,11:56,お茶,飲料,130
4945,1070,2026-07-09,11:57,おにぎり,食事,150
4945,1070,2026-07-09,11:57,パン,食事,180
4946,1029,2026-07-09,12:00,お茶,飲料,130
4946,1029,2026-07-09,12:00,チョコレート,菓子,120
4946,1029,2026-07-09,12:00,弁当,食事,500
4947,1006,2026-07-09,12:09,弁当,食事,500
4948,1051,2026-07-09,12:14,カップ麺,食事,220
4948,1051,2026-07-09,12:14,ジュース,飲料,140
4949,1044,2026-07-09,12:18,おにぎり,食事,150
4949,1044,2026-07-09,12:18,お茶,飲料,130
4949,1044,2026-07-09,12:18,パン,食事,180
4950,1016,2026-07-09,12:21,お茶,飲料,130
4950,1016,2026-07-09,12:21,弁当,食事,500
4951,1065,2026-07-09,12:24,おにぎり,食事,150
4952,1005,2026-07-09,12:36,サンドイッチ,食事,320
4953,1056,2026-07-09,12:39,弁当,食事,500
4954,1059,2026-07-09,12:45,お茶,飲料,130
4954,1059,2026-07-09,12:45,サンドイッチ,食事,320
4955,1049,2026-07-09,12:53,お茶,飲料,130
4955,1049,2026-07-09,12:53,カップ麺,食事,220
4956,1048,2026-07-09,12:54,お茶,飲料,130
4956,1048,2026-07-09,12:54,弁当,食事,500
4957,1064,2026-07-09,12:57,お茶,飲料,130
4957,1064,2026-07-09,12:57,カップ麺,食事,220
4958,1010,2026-07-09,13:01,お茶,飲料,130
4958,1010,2026-07-09,13:01,弁当,食事,500
4959,1039,2026-07-09,13:03,カップ麺,食事,220
4960,1068,2026-07-09,13:07,おにぎり,食事,150
4960,1068,2026-07-09,13:07,お茶,飲料,130
4961,1034,2026-07-09,13:08,お茶,飲料,130
4961,1034,2026-07-09,13:08,弁当,食事,500
4962,1067,2026-07-09,13:15,ジュース,飲料,140
4962,1067,2026-07-09,13:15,弁当,食事,500
4963,1032,2026-07-09,13:29,おにぎり,食事,150
4963,1032,2026-07-09,13:29,お茶,飲料,130
4963,1032,2026-07-09,13:29,パン,食事,180
4964,1060,2026-07-09,13:30,おにぎり,食事,150
4964,1060,2026-07-09,13:30,お茶,飲料,130
4965,1027,2026-07-09,13:32,弁当,食事,500
4966,1197,2026-07-09,13:39,コーヒー,飲料,160
4966,1197,2026-07-09,13:39,ジュース,飲料,140
4966,1197,2026-07-09,13:39,チョコレート,菓子,120
4966,1197,2026-07-09,13:39,弁当,食事,500
4967,1045,2026-07-09,13:40,おにぎり,食事,150
4967,1045,2026-07-09,13:40,お茶,飲料,130
4967,1045,2026-07-09,13:40,チョコレート,菓子,120
4968,1055,2026-07-09,13:54,お茶,飲料,130
4968,1055,2026-07-09,13:54,弁当,食事,500
4969,1012,2026-07-09,13:59,おにぎり,食事,150
4969,1012,2026-07-09,13:59,お茶,飲料,130
4969,1012,2026-07-09,13:59,パン,食事,180
4970,1187,2026-07-09,14:04,おにぎり,食事,150
4970,1187,2026-07-09,14:04,ガム,菓子,110
4970,1187,2026-07-09,14:04,クッキー,菓子,180
4970,1187,2026-07-09,14:04,コーヒー,飲料,160
4970,1187,2026-07-09,14:04,サンドイッチ,食事,320
4970,1187,2026-07-09,14:04,ジュース,飲料,140
4971,1098,2026-07-09,14:10,ガム,菓子,110
4971,1098,2026-07-09,14:10,クッキー,菓子,180
4971,1098,2026-07-09,14:10,コーヒー,飲料,160
4972,1124,2026-07-09,14:10,クッキー,菓子,180
4972,1124,2026-07-09,14:10,コーヒー,飲料,160
4973,1104,2026-07-09,14:30,コーヒー,飲料,160
4974,1083,2026-07-09,14:38,クッキー,菓子,180
4974,1083,2026-07-09,14:38,コーヒー,飲料,160
4975,1158,2026-07-09,14:38,ノート,文具,200
4976,1073,2026-07-09,14:40,お茶,飲料,130
4976,1073,2026-07-09,14:40,ガム,菓子,110
4977,1116,2026-07-09,14:41,ジュース,飲料,140
4978,1084,2026-07-09,14:50,ガム,菓子,110
4978,1084,2026-07-09,14:50,コーヒー,飲料,160
4978,1084,2026-07-09,14:50,チョコレート,菓子,120
4979,1119,2026-07-09,14:53,コーヒー,飲料,160
4979,1119,2026-07-09,14:53,チョコレート,菓子,120
4980,1086,2026-07-09,15:05,コーヒー,飲料,160
4980,1086,2026-07-09,15:05,パン,食事,180
4981,1112,2026-07-09,15:13,クッキー,菓子,180
4981,1112,2026-07-09,15:13,コーヒー,飲料,160
4982,1094,2026-07-09,15:15,コーヒー,飲料,160
4983,1079,2026-07-09,15:20,クッキー,菓子,180
4983,1079,2026-07-09,15:20,コーヒー,飲料,160
4984,1111,2026-07-09,15:29,コーヒー,飲料,160
4985,1167,2026-07-09,15:39,カップ麺,食事,220
4985,1167,2026-07-09,15:39,クッキー,菓子,180
4985,1167,2026-07-09,15:39,チョコレート,菓子,120
4985,1167,2026-07-09,15:39,ノート,文具,200
4985,1167,2026-07-09,15:39,パン,食事,180
4985,1167,2026-07-09,15:39,ボールペン,文具,120
4985,1167,2026-07-09,15:39,弁当,食事,500
4985,1167,2026-07-09,15:39,消しゴム,文具,100
4986,1108,2026-07-09,15:42,コーヒー,飲料,160
4987,1122,2026-07-09,15:42,クッキー,菓子,180
4987,1122,2026-07-09,15:42,コーヒー,飲料,160
4988,1076,2026-07-09,15:43,ガム,菓子,110
4988,1076,2026-07-09,15:43,クッキー,菓子,180
4988,1076,2026-07-09,15:43,コーヒー,飲料,160
4989,1091,2026-07-09,15:43,クッキー,菓子,180
4989,1091,2026-07-09,15:43,コーヒー,飲料,160
4990,1118,2026-07-09,16:06,コーヒー,飲料,160
4990,1118,2026-07-09,16:06,チョコレート,菓子,120
4991,1080,2026-07-09,16:14,ガム,菓子,110
4991,1080,2026-07-09,16:14,コーヒー,飲料,160
4991,1080,2026-07-09,16:14,チョコレート,菓子,120
4992,1102,2026-07-09,16:15,ジュース,飲料,140
4993,1121,2026-07-09,16:26,クッキー,菓子,180
4993,1121,2026-07-09,16:26,コーヒー,飲料,160
4994,1093,2026-07-09,16:28,クッキー,菓子,180
4994,1093,2026-07-09,16:28,コーヒー,飲料,160
4995,1123,2026-07-09,16:36,クッキー,菓子,180
4995,1123,2026-07-09,16:36,コーヒー,飲料,160
4996,1071,2026-07-09,16:43,コーヒー,飲料,160
4996,1071,2026-07-09,16:43,チョコレート,菓子,120
4997,1095,2026-07-09,16:45,コーヒー,飲料,160
4998,1103,2026-07-09,16:58,コーヒー,飲料,160
4999,1115,2026-07-09,16:58,クッキー,菓子,180
4999,1115,2026-07-09,16:58,コーヒー,飲料,160
5000,1078,2026-07-09,17:09,クッキー,菓子,180
5000,1078,2026-07-09,17:09,コーヒー,飲料,160
5001,1114,2026-07-09,17:14,クッキー,菓子,180
5001,1114,2026-07-09,17:14,コーヒー,飲料,160
5002,1120,2026-07-09,17:19,ガム,菓子,110
5002,1120,2026-07-09,17:19,コーヒー,飲料,160
5003,1099,2026-07-09,17:20,クッキー,菓子,180
5003,1099,2026-07-09,17:20,コーヒー,飲料,160
5004,1081,2026-07-09,17:24,クッキー,菓子,180
5004,1081,2026-07-09,17:24,コーヒー,飲料,160
5005,1092,2026-07-09,17:29,クッキー,菓子,180
5005,1092,2026-07-09,17:29,コーヒー,飲料,160
5006,1075,2026-07-09,17:31,コーヒー,飲料,160
5007,1087,2026-07-09,17:35,ジュース,飲料,140
5008,1089,2026-07-09,17:41,コーヒー,飲料,160
5008,1089,2026-07-09,17:41,チョコレート,菓子,120
5009,1142,2026-07-09,17:48,ルーズリーフ,文具,350
5009,1142,2026-07-09,17:48,消しゴム,文具,100
5010,1183,2026-07-10,10:22,おにぎり,食事,150
5010,1183,2026-07-10,10:22,お茶,飲料,130
5010,1183,2026-07-10,10:22,コーヒー,飲料,160
5010,1183,2026-07-10,10:22,サンドイッチ,食事,320
5010,1183,2026-07-10,10:22,ジュース,飲料,140
5010,1183,2026-07-10,10:22,ノート,文具,200
5010,1183,2026-07-10,10:22,弁当,食事,500
5011,1002,2026-07-10,11:04,ジュース,飲料,140
5011,1002,2026-07-10,11:04,弁当,食事,500
5012,1062,2026-07-10,11:08,おにぎり,食事,150
5012,1062,2026-07-10,11:08,お茶,飲料,130
5012,1062,2026-07-10,11:08,パン,食事,180
5013,1006,2026-07-10,11:17,おにぎり,食事,150
5013,1006,2026-07-10,11:17,お茶,飲料,130
5014,1007,2026-07-10,11:19,お茶,飲料,130
5014,1007,2026-07-10,11:19,弁当,食事,500
5015,1036,2026-07-10,11:20,サンドイッチ,食事,320
5015,1036,2026-07-10,11:20,ジュース,飲料,140
5016,1046,2026-07-10,11:28,カップ麺,食事,220
5016,1046,2026-07-10,11:28,チョコレート,菓子,120
5017,1064,2026-07-10,11:30,ジュース,飲料,140
5017,1064,2026-07-10,11:30,弁当,食事,500
5018,1004,2026-07-10,11:38,おにぎり,食事,150
5018,1004,2026-07-10,11:38,お茶,飲料,130
5019,1031,2026-07-10,11:57,お茶,飲料,130
5019,1031,2026-07-10,11:57,弁当,食事,500
5020,1066,2026-07-10,12:13,弁当,食事,500
5021,1035,2026-07-10,12:19,おにぎり,食事,150
5021,1035,2026-07-10,12:19,ジュース,飲料,140
5021,1035,2026-07-10,12:19,パン,食事,180
5022,1196,2026-07-10,12:34,お茶,飲料,130
5022,1196,2026-07-10,12:34,クッキー,菓子,180
5022,1196,2026-07-10,12:34,コーヒー,飲料,160
5022,1196,2026-07-10,12:34,弁当,食事,500
5023,1165,2026-07-10,12:36,お茶,飲料,130
5023,1165,2026-07-10,12:36,ボールペン,文具,120
5024,1051,2026-07-10,12:41,お茶,飲料,130
5024,1051,2026-07-10,12:41,弁当,食事,500
5025,1019,2026-07-10,12:50,おにぎり,食事,150
5025,1019,2026-07-10,12:50,お茶,飲料,130
5026,1056,2026-07-10,12:57,お茶,飲料,130
5026,1056,2026-07-10,12:57,チョコレート,菓子,120
5026,1056,2026-07-10,12:57,弁当,食事,500
5027,1065,2026-07-10,12:58,おにぎり,食事,150
5027,1065,2026-07-10,12:58,お茶,飲料,130
5028,1138,2026-07-10,13:00,お茶,飲料,130
5028,1138,2026-07-10,13:00,ノート,文具,200
5028,1138,2026-07-10,13:00,ボールペン,文具,120
5028,1138,2026-07-10,13:00,ルーズリーフ,文具,350
5029,1009,2026-07-10,13:06,お茶,飲料,130
5029,1009,2026-07-10,13:06,カップ麺,食事,220
5030,1012,2026-07-10,13:06,おにぎり,食事,150
5031,1027,2026-07-10,13:10,おにぎり,食事,150
5031,1027,2026-07-10,13:10,お茶,飲料,130
5031,1027,2026-07-10,13:10,パン,食事,180
5032,1040,2026-07-10,13:10,おにぎり,食事,150
5032,1040,2026-07-10,13:10,お茶,飲料,130
5032,1040,2026-07-10,13:10,パン,食事,180
5033,1058,2026-07-10,13:11,お茶,飲料,130
5033,1058,2026-07-10,13:11,弁当,食事,500
5034,1180,2026-07-10,13:21,おにぎり,食事,150
5034,1180,2026-07-10,13:21,お茶,飲料,130
5034,1180,2026-07-10,13:21,ノート,文具,200
5034,1180,2026-07-10,13:21,パン,食事,180
5034,1180,2026-07-10,13:21,弁当,食事,500
5035,1013,2026-07-10,13:23,おにぎり,食事,150
5036,1026,2026-07-10,13:35,おにぎり,食事,150
5036,1026,2026-07-10,13:35,お茶,飲料,130
5037,1034,2026-07-10,13:40,お茶,飲料,130
5037,1034,2026-07-10,13:40,弁当,食事,500
5038,1070,2026-07-10,13:40,おにぎり,食事,150
5038,1070,2026-07-10,13:40,パン,食事,180
5039,1001,2026-07-10,13:42,おにぎり,食事,150
5039,1001,2026-07-10,13:42,ジュース,飲料,140
5040,1050,2026-07-10,13:45,お茶,飲料,130
5040,1050,2026-07-10,13:45,弁当,食事,500
5041,1170,2026-07-10,13:45,お茶,飲料,130
5041,1170,2026-07-10,13:45,ガム,菓子,110
5041,1170,2026-07-10,13:45,クッキー,菓子,180
5041,1170,2026-07-10,13:45,コーヒー,飲料,160
5041,1170,2026-07-10,13:45,弁当,食事,500
5041,1170,2026-07-10,13:45,消しゴム,文具,100
5042,1029,2026-07-10,13:54,おにぎり,食事,150
5042,1029,2026-07-10,13:54,お茶,飲料,130
5042,1029,2026-07-10,13:54,チョコレート,菓子,120
5042,1029,2026-07-10,13:54,パン,食事,180
5043,1055,2026-07-10,13:54,ジュース,飲料,140
5043,1055,2026-07-10,13:54,弁当,食事,500
5044,1008,2026-07-10,13:56,おにぎり,食事,150
5044,1008,2026-07-10,13:56,お茶,飲料,130
5044,1008,2026-07-10,13:56,パン,食事,180
5045,1038,2026-07-10,13:57,おにぎり,食事,150
5045,1038,2026-07-10,13:57,お茶,飲料,130
5046,1043,2026-07-10,13:59,おにぎり,食事,150
5046,1043,2026-07-10,13:59,お茶,飲料,130
5047,1125,2026-07-10,14:04,ジュース,飲料,140
5048,1075,2026-07-10,14:07,お茶,飲料,130
5049,1108,2026-07-10,14:08,クッキー,菓子,180
5049,1108,2026-07-10,14:08,コーヒー,飲料,160
5050,1072,2026-07-10,14:14,クッキー,菓子,180
5050,1072,2026-07-10,14:14,コーヒー,飲料,160
5051,1124,2026-07-10,14:16,ガム,菓子,110
5051,1124,2026-07-10,14:16,クッキー,菓子,180
5051,1124,2026-07-10,14:16,コーヒー,飲料,160
5052,1074,2026-07-10,14:18,コーヒー,飲料,160
5053,1077,2026-07-10,14:24,ガム,菓子,110
5053,1077,2026-07-10,14:24,コーヒー,飲料,160
5053,1077,2026-07-10,14:24,チョコレート,菓子,120
5054,1091,2026-07-10,14:44,ガム,菓子,110
5054,1091,2026-07-10,14:44,クッキー,菓子,180
5054,1091,2026-07-10,14:44,コーヒー,飲料,160
5054,1091,2026-07-10,14:44,パン,食事,180
5055,1121,2026-07-10,14:47,クッキー,菓子,180
5055,1121,2026-07-10,14:47,コーヒー,飲料,160
5056,1103,2026-07-10,14:48,クッキー,菓子,180
5056,1103,2026-07-10,14:48,コーヒー,飲料,160
5057,1086,2026-07-10,14:51,コーヒー,飲料,160
5058,1096,2026-07-10,14:52,ジュース,飲料,140
5059,1120,2026-07-10,14:58,ガム,菓子,110
5059,1120,2026-07-10,14:58,コーヒー,飲料,160
5059,1120,2026-07-10,14:58,チョコレート,菓子,120
5060,1087,2026-07-10,14:59,クッキー,菓子,180
5060,1087,2026-07-10,14:59,コーヒー,飲料,160
5061,1094,2026-07-10,15:00,ガム,菓子,110
5061,1094,2026-07-10,15:00,コーヒー,飲料,160
5062,1116,2026-07-10,15:04,クッキー,菓子,180
5062,1116,2026-07-10,15:04,コーヒー,飲料,160
5063,1115,2026-07-10,15:07,コーヒー,飲料,160
5063,1115,2026-07-10,15:07,チョコレート,菓子,120
5064,1200,2026-07-10,15:08,おにぎり,食事,150
5064,1200,2026-07-10,15:08,お茶,飲料,130
5064,1200,2026-07-10,15:08,カップ麺,食事,220
5064,1200,2026-07-10,15:08,クッキー,菓子,180
5064,1200,2026-07-10,15:08,コーヒー,飲料,160
5064,1200,2026-07-10,15:08,サンドイッチ,食事,320
5064,1200,2026-07-10,15:08,チョコレート,菓子,120
5064,1200,2026-07-10,15:08,パン,食事,180
5064,1200,2026-07-10,15:08,ボールペン,文具,120
5064,1200,2026-07-10,15:08,ルーズリーフ,文具,350
5064,1200,2026-07-10,15:08,弁当,食事,500
5065,1166,2026-07-10,15:10,おにぎり,食事,150
5065,1166,2026-07-10,15:10,お茶,飲料,130
5065,1166,2026-07-10,15:10,カップ麺,食事,220
5065,1166,2026-07-10,15:10,クッキー,菓子,180
5065,1166,2026-07-10,15:10,サンドイッチ,食事,320
5065,1166,2026-07-10,15:10,ジュース,飲料,140
5065,1166,2026-07-10,15:10,チョコレート,菓子,120
5065,1166,2026-07-10,15:10,パン,食事,180
5065,1166,2026-07-10,15:10,ボールペン,文具,120
5066,1079,2026-07-10,15:15,コーヒー,飲料,160
5066,1079,2026-07-10,15:15,チョコレート,菓子,120
5067,1107,2026-07-10,15:22,クッキー,菓子,180
5067,1107,2026-07-10,15:22,コーヒー,飲料,160
5067,1107,2026-07-10,15:22,パン,食事,180
5068,1117,2026-07-10,15:41,コーヒー,飲料,160
5068,1117,2026-07-10,15:41,チョコレート,菓子,120
5069,1102,2026-07-10,15:47,クッキー,菓子,180
5069,1102,2026-07-10,15:47,コーヒー,飲料,160
5070,1083,2026-07-10,15:53,クッキー,菓子,180
5070,1083,2026-07-10,15:53,コーヒー,飲料,160
5071,1123,2026-07-10,15:59,コーヒー,飲料,160
5071,1123,2026-07-10,15:59,チョコレート,菓子,120
5072,1085,2026-07-10,16:01,コーヒー,飲料,160
5073,1113,2026-07-10,16:01,コーヒー,飲料,160
5073,1113,2026-07-10,16:01,チョコレート,菓子,120
5074,1110,2026-07-10,16:13,コーヒー,飲料,160
5075,1099,2026-07-10,16:19,クッキー,菓子,180
5075,1099,2026-07-10,16:19,コーヒー,飲料,160
5076,1076,2026-07-10,16:32,クッキー,菓子,180
5076,1076,2026-07-10,16:32,コーヒー,飲料,160
5077,1119,2026-07-10,16:33,ガム,菓子,110
5077,1119,2026-07-10,16:33,クッキー,菓子,180
5077,1119,2026-07-10,16:33,コーヒー,飲料,160
5078,1095,2026-07-10,16:38,コーヒー,飲料,160
5078,1095,2026-07-10,16:38,パン,食事,180
5079,1089,2026-07-10,16:43,クッキー,菓子,180
5079,1089,2026-07-10,16:43,コーヒー,飲料,160
5079,1089,2026-07-10,16:43,パン,食事,180
5080,1122,2026-07-10,16:52,コーヒー,飲料,160
5081,1082,2026-07-10,16:57,ガム,菓子,110
5081,1082,2026-07-10,16:57,ジュース,飲料,140
5081,1082,2026-07-10,16:57,チョコレート,菓子,120
5082,1092,2026-07-10,16:57,クッキー,菓子,180
5082,1092,2026-07-10,16:57,コーヒー,飲料,160
5083,1098,2026-07-10,17:04,お茶,飲料,130
5083,1098,2026-07-10,17:04,ガム,菓子,110
5083,1098,2026-07-10,17:04,パン,食事,180
5084,1105,2026-07-10,17:06,ガム,菓子,110
5084,1105,2026-07-10,17:06,クッキー,菓子,180
5084,1105,2026-07-10,17:06,コーヒー,飲料,160
5085,1080,2026-07-10,17:14,コーヒー,飲料,160
5086,1084,2026-07-10,17:17,クッキー,菓子,180
5086,1084,2026-07-10,17:17,コーヒー,飲料,160
5087,1146,2026-07-10,17:25,ノート,文具,200
5088,1078,2026-07-10,17:37,コーヒー,飲料,160
5089,1114,2026-07-10,17:37,クッキー,菓子,180
5089,1114,2026-07-10,17:37,コーヒー,飲料,160
5090,1100,2026-07-10,17:45,クッキー,菓子,180
5090,1100,2026-07-10,17:45,コーヒー,飲料,160
5091,1101,2026-07-10,17:48,クッキー,菓子,180
5091,1101,2026-07-10,17:48,コーヒー,飲料,160
5092,1081,2026-07-10,17:53,クッキー,菓子,180
5092,1081,2026-07-10,17:53,コーヒー,飲料,160
5092,1081,2026-07-10,17:53,パン,食事,180
5093,1112,2026-07-10,17:54,コーヒー,飲料,160
5094,1191,2026-07-10,18:11,お茶,飲料,130
5094,1191,2026-07-10,18:11,コーヒー,飲料,160
5094,1191,2026-07-10,18:11,ジュース,飲料,140
5094,1191,2026-07-10,18:11,チョコレート,菓子,120
5094,1191,2026-07-10,18:11,パン,食事,180
5094,1191,2026-07-10,18:11,ボールペン,文具,120
5094,1191,2026-07-10,18:11,弁当,食事,500
5095,1044,2026-07-13,11:03,おにぎり,食事,150
5095,1044,2026-07-13,11:03,パン,食事,180
5096,1062,2026-07-13,11:03,お茶,飲料,130
5096,1062,2026-07-13,11:03,弁当,食事,500
5097,1067,2026-07-13,11:08,お茶,飲料,130
5097,1067,2026-07-13,11:08,弁当,食事,500
5098,1009,2026-07-13,11:16,お茶,飲料,130
5098,1009,2026-07-13,11:16,カップ麺,食事,220
5099,1004,2026-07-13,11:17,おにぎり,食事,150
5099,1004,2026-07-13,11:17,お茶,飲料,130
5099,1004,2026-07-13,11:17,パン,食事,180
5100,1052,2026-07-13,11:19,サンドイッチ,食事,320
5101,1015,2026-07-13,11:21,お茶,飲料,130
5101,1015,2026-07-13,11:21,弁当,食事,500
5102,1038,2026-07-13,11:37,お茶,飲料,130
5102,1038,2026-07-13,11:37,サンドイッチ,食事,320
5103,1046,2026-07-13,11:46,おにぎり,食事,150
5104,1053,2026-07-13,11:57,お茶,飲料,130
5104,1053,2026-07-13,11:57,弁当,食事,500
5105,1060,2026-07-13,11:57,おにぎり,食事,150
5105,1060,2026-07-13,11:57,お茶,飲料,130
5106,1056,2026-07-13,12:00,おにぎり,食事,150
5106,1056,2026-07-13,12:00,お茶,飲料,130
5107,1051,2026-07-13,12:07,お茶,飲料,130
5107,1051,2026-07-13,12:07,弁当,食事,500
5108,1036,2026-07-13,12:12,お茶,飲料,130
5108,1036,2026-07-13,12:12,カップ麺,食事,220
5109,1002,2026-07-13,12:17,お茶,飲料,130
5109,1002,2026-07-13,12:17,弁当,食事,500
5110,1017,2026-07-13,12:22,おにぎり,食事,150
5110,1017,2026-07-13,12:22,お茶,飲料,130
5111,1026,2026-07-13,12:34,おにぎり,食事,150
5111,1026,2026-07-13,12:34,お茶,飲料,130
5112,1055,2026-07-13,12:34,弁当,食事,500
5113,1064,2026-07-13,12:35,お茶,飲料,130
5113,1064,2026-07-13,12:35,弁当,食事,500
5114,1033,2026-07-13,12:38,弁当,食事,500
5115,1050,2026-07-13,12:55,サンドイッチ,食事,320
5116,1037,2026-07-13,13:13,おにぎり,食事,150
5116,1037,2026-07-13,13:13,お茶,飲料,130
5116,1037,2026-07-13,13:13,パン,食事,180
5117,1058,2026-07-13,13:13,弁当,食事,500
5118,1063,2026-07-13,13:13,おにぎり,食事,150
5118,1063,2026-07-13,13:13,お茶,飲料,130
5118,1063,2026-07-13,13:13,パン,食事,180
5119,1042,2026-07-13,13:16,お茶,飲料,130
5119,1042,2026-07-13,13:16,弁当,食事,500
5120,1061,2026-07-13,13:20,お茶,飲料,130
5120,1061,2026-07-13,13:20,カップ麺,食事,220
5121,1045,2026-07-13,13:31,お茶,飲料,130
5121,1045,2026-07-13,13:31,弁当,食事,500
5122,1039,2026-07-13,13:33,お茶,飲料,130
5122,1039,2026-07-13,13:33,カップ麺,食事,220
5123,1001,2026-07-13,13:36,お茶,飲料,130
5123,1001,2026-07-13,13:36,サンドイッチ,食事,320
5124,1054,2026-07-13,13:36,おにぎり,食事,150
5124,1054,2026-07-13,13:36,お茶,飲料,130
5124,1054,2026-07-13,13:36,パン,食事,180
5125,1025,2026-07-13,13:47,サンドイッチ,食事,320
5126,1029,2026-07-13,13:51,お茶,飲料,130
5126,1029,2026-07-13,13:51,弁当,食事,500
5127,1003,2026-07-13,13:54,おにぎり,食事,150
5128,1057,2026-07-13,13:56,お茶,飲料,130
5128,1057,2026-07-13,13:56,サンドイッチ,食事,320
5129,1197,2026-07-13,13:59,コーヒー,飲料,160
5129,1197,2026-07-13,13:59,サンドイッチ,食事,320
5129,1197,2026-07-13,13:59,ジュース,飲料,140
5129,1197,2026-07-13,13:59,チョコレート,菓子,120
5130,1104,2026-07-13,14:18,クッキー,菓子,180
5130,1104,2026-07-13,14:18,コーヒー,飲料,160
5131,1117,2026-07-13,14:24,クッキー,菓子,180
5131,1117,2026-07-13,14:24,コーヒー,飲料,160
5131,1117,2026-07-13,14:24,パン,食事,180
5132,1081,2026-07-13,14:35,ジュース,飲料,140
5133,1077,2026-07-13,14:36,コーヒー,飲料,160
5133,1077,2026-07-13,14:36,チョコレート,菓子,120
5134,1122,2026-07-13,14:46,コーヒー,飲料,160
5134,1122,2026-07-13,14:46,チョコレート,菓子,120
5135,1073,2026-07-13,14:55,ジュース,飲料,140
5135,1073,2026-07-13,14:55,パン,食事,180
5136,1101,2026-07-13,14:55,クッキー,菓子,180
5136,1101,2026-07-13,14:55,コーヒー,飲料,160
5136,1101,2026-07-13,14:55,パン,食事,180
5137,1080,2026-07-13,14:57,クッキー,菓子,180
5137,1080,2026-07-13,14:57,コーヒー,飲料,160
5138,1095,2026-07-13,14:57,クッキー,菓子,180
5138,1095,2026-07-13,14:57,コーヒー,飲料,160
5139,1082,2026-07-13,15:18,コーヒー,飲料,160
5140,1123,2026-07-13,15:24,コーヒー,飲料,160
5140,1123,2026-07-13,15:24,チョコレート,菓子,120
5141,1083,2026-07-13,15:28,コーヒー,飲料,160
5141,1083,2026-07-13,15:28,パン,食事,180
5142,1119,2026-07-13,15:42,ガム,菓子,110
5142,1119,2026-07-13,15:42,ジュース,飲料,140
5143,1074,2026-07-13,15:46,コーヒー,飲料,160
5143,1074,2026-07-13,15:46,パン,食事,180
5144,1098,2026-07-13,15:49,クッキー,菓子,180
5144,1098,2026-07-13,15:49,コーヒー,飲料,160
5145,1100,2026-07-13,16:01,ガム,菓子,110
5145,1100,2026-07-13,16:01,ジュース,飲料,140
5145,1100,2026-07-13,16:01,チョコレート,菓子,120
5146,1116,2026-07-13,16:07,コーヒー,飲料,160
5146,1116,2026-07-13,16:07,チョコレート,菓子,120
5147,1114,2026-07-13,16:20,コーヒー,飲料,160
5148,1108,2026-07-13,16:29,クッキー,菓子,180
5148,1108,2026-07-13,16:29,コーヒー,飲料,160
5149,1163,2026-07-13,16:30,ルーズリーフ,文具,350
5149,1163,2026-07-13,16:30,消しゴム,文具,100
5150,1109,2026-07-13,16:34,コーヒー,飲料,160
5151,1112,2026-07-13,16:34,クッキー,菓子,180
5151,1112,2026-07-13,16:34,コーヒー,飲料,160
5151,1112,2026-07-13,16:34,パン,食事,180
5152,1078,2026-07-13,16:40,コーヒー,飲料,160
5153,1079,2026-07-13,16:40,クッキー,菓子,180
5153,1079,2026-07-13,16:40,コーヒー,飲料,160
5154,1129,2026-07-13,16:41,ノート,文具,200
5154,1129,2026-07-13,16:41,ルーズリーフ,文具,350
5155,1106,2026-07-13,16:46,コーヒー,飲料,160
5155,1106,2026-07-13,16:46,チョコレート,菓子,120
5156,1102,2026-07-13,16:55,ジュース,飲料,140
5156,1102,2026-07-13,16:55,チョコレート,菓子,120
5157,1097,2026-07-13,16:59,ガム,菓子,110
5157,1097,2026-07-13,16:59,コーヒー,飲料,160
5158,1120,2026-07-13,17:01,お茶,飲料,130
5159,1072,2026-07-13,17:02,コーヒー,飲料,160
5160,1084,2026-07-13,17:02,クッキー,菓子,180
5160,1084,2026-07-13,17:02,コーヒー,飲料,160
5161,1093,2026-07-13,17:08,お茶,飲料,130
5162,1090,2026-07-13,17:09,お茶,飲料,130
5162,1090,2026-07-13,17:09,チョコレート,菓子,120
5163,1118,2026-07-13,17:10,クッキー,菓子,180
5163,1118,2026-07-13,17:10,コーヒー,飲料,160
5164,1091,2026-07-13,17:14,コーヒー,飲料,160
5165,1103,2026-07-13,17:19,コーヒー,飲料,160
5165,1103,2026-07-13,17:19,チョコレート,菓子,120
5166,1124,2026-07-13,17:20,クッキー,菓子,180
5166,1124,2026-07-13,17:20,コーヒー,飲料,160
5166,1124,2026-07-13,17:20,パン,食事,180
5167,1075,2026-07-13,17:22,コーヒー,飲料,160
5168,1113,2026-07-13,17:26,コーヒー,飲料,160
5169,1107,2026-07-13,17:30,クッキー,菓子,180
5169,1107,2026-07-13,17:30,コーヒー,飲料,160
5170,1111,2026-07-13,17:34,コーヒー,飲料,160
5171,1092,2026-07-13,17:35,コーヒー,飲料,160
5171,1092,2026-07-13,17:35,チョコレート,菓子,120
5172,1089,2026-07-13,17:41,ガム,菓子,110
5172,1089,2026-07-13,17:41,コーヒー,飲料,160
5173,1088,2026-07-13,17:45,クッキー,菓子,180
5173,1088,2026-07-13,17:45,コーヒー,飲料,160
5174,1085,2026-07-13,17:48,クッキー,菓子,180
5174,1085,2026-07-13,17:48,コーヒー,飲料,160
5175,1171,2026-07-13,17:51,お茶,飲料,130
5175,1171,2026-07-13,17:51,ガム,菓子,110
5175,1171,2026-07-13,17:51,ジュース,飲料,140
5175,1171,2026-07-13,17:51,チョコレート,菓子,120
5175,1171,2026-07-13,17:51,ノート,文具,200
5175,1171,2026-07-13,17:51,パン,食事,180
5175,1171,2026-07-13,17:51,ボールペン,文具,120
5175,1171,2026-07-13,17:51,ルーズリーフ,文具,350
5176,1125,2026-07-13,17:58,コーヒー,飲料,160
5177,1199,2026-07-14,10:34,おにぎり,食事,150
5177,1199,2026-07-14,10:34,お茶,飲料,130
5177,1199,2026-07-14,10:34,パン,食事,180
5177,1199,2026-07-14,10:34,ルーズリーフ,文具,350
5178,1014,2026-07-14,11:05,おにぎり,食事,150
5178,1014,2026-07-14,11:05,お茶,飲料,130
5178,1014,2026-07-14,11:05,パン,食事,180
5179,1031,2026-07-14,11:07,お茶,飲料,130
5179,1031,2026-07-14,11:07,弁当,食事,500
5180,1068,2026-07-14,11:08,お茶,飲料,130
5180,1068,2026-07-14,11:08,弁当,食事,500
5181,1011,2026-07-14,11:11,お茶,飲料,130
5181,1011,2026-07-14,11:11,弁当,食事,500
5182,1056,2026-07-14,11:11,お茶,飲料,130
5182,1056,2026-07-14,11:11,弁当,食事,500
5183,1051,2026-07-14,11:28,サンドイッチ,食事,320
5183,1051,2026-07-14,11:28,ジュース,飲料,140
5184,1030,2026-07-14,11:31,お茶,飲料,130
5184,1030,2026-07-14,11:31,サンドイッチ,食事,320
5185,1042,2026-07-14,11:40,おにぎり,食事,150
5185,1042,2026-07-14,11:40,お茶,飲料,130
5186,1038,2026-07-14,11:44,おにぎり,食事,150
5186,1038,2026-07-14,11:44,お茶,飲料,130
5187,1066,2026-07-14,11:44,サンドイッチ,食事,320
5188,1069,2026-07-14,11:44,おにぎり,食事,150
5188,1069,2026-07-14,11:44,お茶,飲料,130
5189,1061,2026-07-14,11:47,お茶,飲料,130
5189,1061,2026-07-14,11:47,弁当,食事,500
5190,1023,2026-07-14,11:54,ジュース,飲料,140
5190,1023,2026-07-14,11:54,弁当,食事,500
5191,1184,2026-07-14,11:58,クッキー,菓子,180
5191,1184,2026-07-14,11:58,ジュース,飲料,140
5191,1184,2026-07-14,11:58,ボールペン,文具,120
5191,1184,2026-07-14,11:58,ルーズリーフ,文具,350
5191,1184,2026-07-14,11:58,弁当,食事,500
5192,1006,2026-07-14,12:05,お茶,飲料,130
5192,1006,2026-07-14,12:05,弁当,食事,500
5193,1048,2026-07-14,12:30,おにぎり,食事,150
5193,1048,2026-07-14,12:30,お茶,飲料,130
5193,1048,2026-07-14,12:30,パン,食事,180
5194,1044,2026-07-14,12:37,おにぎり,食事,150
5194,1044,2026-07-14,12:37,お茶,飲料,130
5195,1032,2026-07-14,12:44,おにぎり,食事,150
5195,1032,2026-07-14,12:44,お茶,飲料,130
5196,1047,2026-07-14,12:44,お茶,飲料,130
5196,1047,2026-07-14,12:44,弁当,食事,500
5197,1033,2026-07-14,12:51,おにぎり,食事,150
5197,1033,2026-07-14,12:51,お茶,飲料,130
5198,1062,2026-07-14,12:54,おにぎり,食事,150
5198,1062,2026-07-14,12:54,お茶,飲料,130
5199,1064,2026-07-14,13:14,お茶,飲料,130
5199,1064,2026-07-14,13:14,弁当,食事,500
5200,1059,2026-07-14,13:23,おにぎり,食事,150
5200,1059,2026-07-14,13:23,お茶,飲料,130
5200,1059,2026-07-14,13:23,パン,食事,180
5201,1016,2026-07-14,13:34,弁当,食事,500
5202,1170,2026-07-14,13:41,おにぎり,食事,150
5202,1170,2026-07-14,13:41,お茶,飲料,130
5202,1170,2026-07-14,13:41,クッキー,菓子,180
5202,1170,2026-07-14,13:41,コーヒー,飲料,160
5202,1170,2026-07-14,13:41,ジュース,飲料,140
5202,1170,2026-07-14,13:41,チョコレート,菓子,120
5202,1170,2026-07-14,13:41,ノート,文具,200
5202,1170,2026-07-14,13:41,パン,食事,180
5202,1170,2026-07-14,13:41,弁当,食事,500
5203,1022,2026-07-14,13:54,お茶,飲料,130
5203,1022,2026-07-14,13:54,カップ麺,食事,220
5204,1015,2026-07-14,13:57,ジュース,飲料,140
5204,1015,2026-07-14,13:57,弁当,食事,500
5205,1005,2026-07-14,13:59,おにぎり,食事,150
5205,1005,2026-07-14,13:59,お茶,飲料,130
5206,1109,2026-07-14,14:07,クッキー,菓子,180
5206,1109,2026-07-14,14:07,コーヒー,飲料,160
5207,1091,2026-07-14,14:16,コーヒー,飲料,160
5207,1091,2026-07-14,14:16,チョコレート,菓子,120
5208,1087,2026-07-14,14:18,クッキー,菓子,180
5208,1087,2026-07-14,14:18,コーヒー,飲料,160
5209,1100,2026-07-14,14:18,コーヒー,飲料,160
5210,1095,2026-07-14,14:19,クッキー,菓子,180
5210,1095,2026-07-14,14:19,コーヒー,飲料,160
5211,1079,2026-07-14,14:21,クッキー,菓子,180
5211,1079,2026-07-14,14:21,コーヒー,飲料,160
5212,1123,2026-07-14,14:23,クッキー,菓子,180
5212,1123,2026-07-14,14:23,コーヒー,飲料,160
5213,1078,2026-07-14,14:27,クッキー,菓子,180
5213,1078,2026-07-14,14:27,コーヒー,飲料,160
5214,1092,2026-07-14,14:27,クッキー,菓子,180
5214,1092,2026-07-14,14:27,コーヒー,飲料,160
5215,1072,2026-07-14,14:34,コーヒー,飲料,160
5216,1113,2026-07-14,14:38,クッキー,菓子,180
5216,1113,2026-07-14,14:38,コーヒー,飲料,160
5217,1111,2026-07-14,14:43,お茶,飲料,130
5217,1111,2026-07-14,14:43,チョコレート,菓子,120
5218,1103,2026-07-14,14:44,クッキー,菓子,180
5218,1103,2026-07-14,14:44,コーヒー,飲料,160
5219,1125,2026-07-14,14:51,クッキー,菓子,180
5219,1125,2026-07-14,14:51,コーヒー,飲料,160
5220,1075,2026-07-14,15:05,クッキー,菓子,180
5220,1075,2026-07-14,15:05,コーヒー,飲料,160
5221,1099,2026-07-14,15:05,コーヒー,飲料,160
5222,1086,2026-07-14,15:12,クッキー,菓子,180
5222,1086,2026-07-14,15:12,コーヒー,飲料,160
5222,1086,2026-07-14,15:12,パン,食事,180
5223,1080,2026-07-14,15:21,クッキー,菓子,180
5223,1080,2026-07-14,15:21,コーヒー,飲料,160
5224,1093,2026-07-14,15:25,コーヒー,飲料,160
5225,1108,2026-07-14,15:31,お茶,飲料,130
5225,1108,2026-07-14,15:31,ガム,菓子,110
5226,1085,2026-07-14,15:51,コーヒー,飲料,160
5227,1096,2026-07-14,15:51,ガム,菓子,110
5227,1096,2026-07-14,15:51,クッキー,菓子,180
5227,1096,2026-07-14,15:51,コーヒー,飲料,160
5228,1166,2026-07-14,15:57,おにぎり,食事,150
5228,1166,2026-07-14,15:57,お茶,飲料,130
5228,1166,2026-07-14,15:57,カップ麺,食事,220
5228,1166,2026-07-14,15:57,クッキー,菓子,180
5228,1166,2026-07-14,15:57,コーヒー,飲料,160
5228,1166,2026-07-14,15:57,弁当,食事,500
5229,1082,2026-07-14,16:01,コーヒー,飲料,160
5230,1198,2026-07-14,16:11,ノート,文具,200
5230,1198,2026-07-14,16:11,ルーズリーフ,文具,350
5230,1198,2026-07-14,16:11,弁当,食事,500
5230,1198,2026-07-14,16:11,消しゴム,文具,100
5231,1074,2026-07-14,16:15,コーヒー,飲料,160
5232,1081,2026-07-14,16:19,クッキー,菓子,180
5232,1081,2026-07-14,16:19,コーヒー,飲料,160
5233,1083,2026-07-14,16:25,コーヒー,飲料,160
5233,1083,2026-07-14,16:25,チョコレート,菓子,120
5234,1115,2026-07-14,16:53,ジュース,飲料,140
5234,1115,2026-07-14,16:53,チョコレート,菓子,120
5235,1088,2026-07-14,16:54,クッキー,菓子,180
5235,1088,2026-07-14,16:54,コーヒー,飲料,160
5236,1076,2026-07-14,17:13,ジュース,飲料,140
5237,1112,2026-07-14,17:18,クッキー,菓子,180
5237,1112,2026-07-14,17:18,コーヒー,飲料,160
5238,1107,2026-07-14,17:21,クッキー,菓子,180
5238,1107,2026-07-14,17:21,コーヒー,飲料,160
5238,1107,2026-07-14,17:21,パン,食事,180
5239,1106,2026-07-14,17:22,クッキー,菓子,180
5239,1106,2026-07-14,17:22,コーヒー,飲料,160
5240,1077,2026-07-14,17:24,コーヒー,飲料,160
5241,1090,2026-07-14,17:24,クッキー,菓子,180
5241,1090,2026-07-14,17:24,コーヒー,飲料,160
5242,1122,2026-07-14,17:24,コーヒー,飲料,160
5242,1122,2026-07-14,17:24,チョコレート,菓子,120
5243,1119,2026-07-14,17:26,コーヒー,飲料,160
5243,1119,2026-07-14,17:26,チョコレート,菓子,120
5244,1105,2026-07-14,17:34,クッキー,菓子,180
5244,1105,2026-07-14,17:34,コーヒー,飲料,160
5245,1116,2026-07-14,17:41,コーヒー,飲料,160
5246,1114,2026-07-14,17:45,ジュース,飲料,140
5246,1114,2026-07-14,17:45,チョコレート,菓子,120
5247,1073,2026-07-14,17:49,コーヒー,飲料,160
5248,1118,2026-07-14,17:58,クッキー,菓子,180
5248,1118,2026-07-14,17:58,コーヒー,飲料,160
5249,1176,2026-07-15,10:41,お茶,飲料,130
5249,1176,2026-07-15,10:41,カップ麺,食事,220
5249,1176,2026-07-15,10:41,ガム,菓子,110
5249,1176,2026-07-15,10:41,サンドイッチ,食事,320
5249,1176,2026-07-15,10:41,チョコレート,菓子,120
5249,1176,2026-07-15,10:41,ノート,文具,200
5249,1176,2026-07-15,10:41,消しゴム,文具,100
5250,1059,2026-07-15,11:15,お茶,飲料,130
5250,1059,2026-07-15,11:15,サンドイッチ,食事,320
5251,1048,2026-07-15,11:18,お茶,飲料,130
5251,1048,2026-07-15,11:18,弁当,食事,500
5252,1070,2026-07-15,11:18,おにぎり,食事,150
5252,1070,2026-07-15,11:18,お茶,飲料,130
5253,1004,2026-07-15,11:22,おにぎり,食事,150
5253,1004,2026-07-15,11:22,お茶,飲料,130
5254,1033,2026-07-15,11:23,おにぎり,食事,150
5254,1033,2026-07-15,11:23,お茶,飲料,130
5255,1028,2026-07-15,11:29,おにぎり,食事,150
5255,1028,2026-07-15,11:29,お茶,飲料,130
5256,1056,2026-07-15,11:43,おにぎり,食事,150
5256,1056,2026-07-15,11:43,お茶,飲料,130
5256,1056,2026-07-15,11:43,パン,食事,180
5257,1196,2026-07-15,11:43,カップ麺,食事,220
5257,1196,2026-07-15,11:43,クッキー,菓子,180
5257,1196,2026-07-15,11:43,コーヒー,飲料,160
5258,1043,2026-07-15,11:44,お茶,飲料,130
5258,1043,2026-07-15,11:44,弁当,食事,500
5259,1006,2026-07-15,11:45,お茶,飲料,130
5259,1006,2026-07-15,11:45,サンドイッチ,食事,320
5260,1015,2026-07-15,11:47,弁当,食事,500
5261,1023,2026-07-15,11:52,おにぎり,食事,150
5261,1023,2026-07-15,11:52,お茶,飲料,130
5262,1041,2026-07-15,11:54,おにぎり,食事,150
5262,1041,2026-07-15,11:54,お茶,飲料,130
5263,1013,2026-07-15,12:08,お茶,飲料,130
5263,1013,2026-07-15,12:08,弁当,食事,500
5264,1008,2026-07-15,12:09,弁当,食事,500
5265,1026,2026-07-15,12:10,チョコレート,菓子,120
5265,1026,2026-07-15,12:10,弁当,食事,500
5266,1060,2026-07-15,12:19,弁当,食事,500
5267,1055,2026-07-15,12:25,おにぎり,食事,150
5268,1044,2026-07-15,12:45,おにぎり,食事,150
5268,1044,2026-07-15,12:45,お茶,飲料,130
5268,1044,2026-07-15,12:45,パン,食事,180
5269,1042,2026-07-15,12:59,おにぎり,食事,150
5269,1042,2026-07-15,12:59,お茶,飲料,130
5270,1018,2026-07-15,13:01,お茶,飲料,130
5270,1018,2026-07-15,13:01,カップ麺,食事,220
5270,1018,2026-07-15,13:01,チョコレート,菓子,120
5271,1010,2026-07-15,13:02,おにぎり,食事,150
5271,1010,2026-07-15,13:02,お茶,飲料,130
5272,1025,2026-07-15,13:09,お茶,飲料,130
5272,1025,2026-07-15,13:09,カップ麺,食事,220
5273,1069,2026-07-15,13:13,お茶,飲料,130
5273,1069,2026-07-15,13:13,カップ麺,食事,220
5274,1064,2026-07-15,13:16,お茶,飲料,130
5274,1064,2026-07-15,13:16,弁当,食事,500
5275,1016,2026-07-15,13:24,おにぎり,食事,150
5276,1068,2026-07-15,13:46,お茶,飲料,130
5276,1068,2026-07-15,13:46,弁当,食事,500
5277,1146,2026-07-15,13:50,お茶,飲料,130
5277,1146,2026-07-15,13:50,ルーズリーフ,文具,350
5278,1024,2026-07-15,13:51,お茶,飲料,130
5278,1024,2026-07-15,13:51,弁当,食事,500
5279,1022,2026-07-15,13:54,お茶,飲料,130
5279,1022,2026-07-15,13:54,弁当,食事,500
5280,1052,2026-07-15,13:57,お茶,飲料,130
5280,1052,2026-07-15,13:57,弁当,食事,500
5281,1031,2026-07-15,13:58,お茶,飲料,130
5281,1031,2026-07-15,13:58,弁当,食事,500
5282,1095,2026-07-15,14:00,クッキー,菓子,180
5282,1095,2026-07-15,14:00,コーヒー,飲料,160
5283,1167,2026-07-15,14:09,お茶,飲料,130
5283,1167,2026-07-15,14:09,カップ麺,食事,220
5283,1167,2026-07-15,14:09,ガム,菓子,110
5283,1167,2026-07-15,14:09,サンドイッチ,食事,320
5283,1167,2026-07-15,14:09,ボールペン,文具,120
5283,1167,2026-07-15,14:09,弁当,食事,500
5284,1098,2026-07-15,14:12,コーヒー,飲料,160
5284,1098,2026-07-15,14:12,チョコレート,菓子,120
5285,1126,2026-07-15,14:13,ボールペン,文具,120
5285,1126,2026-07-15,14:13,消しゴム,文具,100
5286,1120,2026-07-15,14:14,クッキー,菓子,180
5286,1120,2026-07-15,14:14,コーヒー,飲料,160
5287,1111,2026-07-15,14:17,コーヒー,飲料,160
5287,1111,2026-07-15,14:17,チョコレート,菓子,120
5288,1122,2026-07-15,14:17,クッキー,菓子,180
5288,1122,2026-07-15,14:17,コーヒー,飲料,160
5289,1104,2026-07-15,14:18,コーヒー,飲料,160
5289,1104,2026-07-15,14:18,チョコレート,菓子,120
5290,1091,2026-07-15,14:23,お茶,飲料,130
5290,1091,2026-07-15,14:23,チョコレート,菓子,120
5291,1108,2026-07-15,14:27,コーヒー,飲料,160
5292,1124,2026-07-15,14:30,お茶,飲料,130
5293,1123,2026-07-15,14:42,クッキー,菓子,180
5293,1123,2026-07-15,14:42,コーヒー,飲料,160
5293,1123,2026-07-15,14:42,パン,食事,180
5294,1092,2026-07-15,14:51,クッキー,菓子,180
5294,1092,2026-07-15,14:51,コーヒー,飲料,160
5295,1097,2026-07-15,14:58,コーヒー,飲料,160
5296,1081,2026-07-15,15:01,コーヒー,飲料,160
5297,1115,2026-07-15,15:04,ジュース,飲料,140
5298,1087,2026-07-15,15:07,お茶,飲料,130
5299,1088,2026-07-15,15:11,コーヒー,飲料,160
5300,1129,2026-07-15,15:12,ノート,文具,200
5301,1076,2026-07-15,15:22,クッキー,菓子,180
5301,1076,2026-07-15,15:22,コーヒー,飲料,160
5301,1076,2026-07-15,15:22,パン,食事,180
5302,1085,2026-07-15,15:23,コーヒー,飲料,160
5303,1083,2026-07-15,15:31,ガム,菓子,110
5303,1083,2026-07-15,15:31,クッキー,菓子,180
5303,1083,2026-07-15,15:31,コーヒー,飲料,160
5304,1084,2026-07-15,15:43,クッキー,菓子,180
5304,1084,2026-07-15,15:43,コーヒー,飲料,160
5305,1118,2026-07-15,15:45,コーヒー,飲料,160
5306,1078,2026-07-15,15:46,コーヒー,飲料,160
5307,1079,2026-07-15,16:01,クッキー,菓子,180
5307,1079,2026-07-15,16:01,コーヒー,飲料,160
5308,1102,2026-07-15,16:15,ガム,菓子,110
5308,1102,2026-07-15,16:15,クッキー,菓子,180
5308,1102,2026-07-15,16:15,コーヒー,飲料,160
5309,1114,2026-07-15,16:19,クッキー,菓子,180
5309,1114,2026-07-15,16:19,コーヒー,飲料,160
5310,1107,2026-07-15,16:28,コーヒー,飲料,160
5310,1107,2026-07-15,16:28,チョコレート,菓子,120
5311,1103,2026-07-15,16:31,コーヒー,飲料,160
5312,1109,2026-07-15,16:31,クッキー,菓子,180
5312,1109,2026-07-15,16:31,コーヒー,飲料,160
5313,1121,2026-07-15,16:31,クッキー,菓子,180
5313,1121,2026-07-15,16:31,コーヒー,飲料,160
5314,1125,2026-07-15,16:33,クッキー,菓子,180
5314,1125,2026-07-15,16:33,コーヒー,飲料,160
5315,1117,2026-07-15,16:35,コーヒー,飲料,160
5316,1077,2026-07-15,16:36,ガム,菓子,110
5316,1077,2026-07-15,16:36,コーヒー,飲料,160
5316,1077,2026-07-15,16:36,チョコレート,菓子,120
5317,1075,2026-07-15,16:50,お茶,飲料,130
5317,1075,2026-07-15,16:50,チョコレート,菓子,120
5318,1071,2026-07-15,17:08,ガム,菓子,110
5318,1071,2026-07-15,17:08,クッキー,菓子,180
5318,1071,2026-07-15,17:08,コーヒー,飲料,160
5319,1090,2026-07-15,17:11,クッキー,菓子,180
5319,1090,2026-07-15,17:11,コーヒー,飲料,160
5320,1105,2026-07-15,17:11,クッキー,菓子,180
5320,1105,2026-07-15,17:11,コーヒー,飲料,160
5321,1112,2026-07-15,17:11,クッキー,菓子,180
5321,1112,2026-07-15,17:11,コーヒー,飲料,160
5322,1080,2026-07-15,17:16,コーヒー,飲料,160
5322,1080,2026-07-15,17:16,チョコレート,菓子,120
5323,1082,2026-07-15,17:16,クッキー,菓子,180
5323,1082,2026-07-15,17:16,コーヒー,飲料,160
5324,1116,2026-07-15,17:24,クッキー,菓子,180
5324,1116,2026-07-15,17:24,コーヒー,飲料,160
5325,1171,2026-07-15,17:42,おにぎり,食事,150
5325,1171,2026-07-15,17:42,お茶,飲料,130
5325,1171,2026-07-15,17:42,カップ麺,食事,220
5325,1171,2026-07-15,17:42,コーヒー,飲料,160
5325,1171,2026-07-15,17:42,ジュース,飲料,140
5326,1110,2026-07-15,17:47,クッキー,菓子,180
5326,1110,2026-07-15,17:47,コーヒー,飲料,160
5327,1099,2026-07-15,17:49,ジュース,飲料,140
5328,1119,2026-07-15,17:49,クッキー,菓子,180
5328,1119,2026-07-15,17:49,コーヒー,飲料,160
5328,1119,2026-07-15,17:49,パン,食事,180
5329,1106,2026-07-15,17:54,クッキー,菓子,180
5329,1106,2026-07-15,17:54,コーヒー,飲料,160
5330,1010,2026-07-16,11:07,弁当,食事,500
5331,1054,2026-07-16,11:09,お茶,飲料,130
5331,1054,2026-07-16,11:09,弁当,食事,500
5332,1002,2026-07-16,11:10,おにぎり,食事,150
5332,1002,2026-07-16,11:10,お茶,飲料,130
5332,1002,2026-07-16,11:10,パン,食事,180
5333,1041,2026-07-16,11:10,お茶,飲料,130
5333,1041,2026-07-16,11:10,弁当,食事,500
5334,1058,2026-07-16,11:10,カップ麺,食事,220
5335,1039,2026-07-16,11:32,おにぎり,食事,150
5335,1039,2026-07-16,11:32,お茶,飲料,130
5335,1039,2026-07-16,11:32,パン,食事,180
5336,1026,2026-07-16,11:35,お茶,飲料,130
5336,1026,2026-07-16,11:35,カップ麺,食事,220
5337,1050,2026-07-16,11:35,おにぎり,食事,150
5337,1050,2026-07-16,11:35,お茶,飲料,130
5338,1162,2026-07-16,11:39,お茶,飲料,130
5338,1162,2026-07-16,11:39,ノート,文具,200
5338,1162,2026-07-16,11:39,ボールペン,文具,120
5338,1162,2026-07-16,11:39,ルーズリーフ,文具,350
5338,1162,2026-07-16,11:39,消しゴム,文具,100
5339,1046,2026-07-16,11:40,ジュース,飲料,140
5339,1046,2026-07-16,11:40,弁当,食事,500
5340,1066,2026-07-16,11:45,お茶,飲料,130
5340,1066,2026-07-16,11:45,サンドイッチ,食事,320
5341,1016,2026-07-16,11:48,弁当,食事,500
5342,1004,2026-07-16,11:49,おにぎり,食事,150
5342,1004,2026-07-16,11:49,お茶,飲料,130
5342,1004,2026-07-16,11:49,パン,食事,180
5343,1014,2026-07-16,12:00,おにぎり,食事,150
5344,1017,2026-07-16,12:03,弁当,食事,500
5345,1037,2026-07-16,12:05,お茶,飲料,130
5345,1037,2026-07-16,12:05,サンドイッチ,食事,320
5346,1032,2026-07-16,12:13,おにぎり,食事,150
5346,1032,2026-07-16,12:13,お茶,飲料,130
5347,1069,2026-07-16,12:15,おにぎり,食事,150
5348,1001,2026-07-16,12:22,お茶,飲料,130
5348,1001,2026-07-16,12:22,弁当,食事,500
5349,1027,2026-07-16,12:22,サンドイッチ,食事,320
5350,1005,2026-07-16,12:24,お茶,飲料,130
5350,1005,2026-07-16,12:24,弁当,食事,500
5351,1044,2026-07-16,12:28,ジュース,飲料,140
5351,1044,2026-07-16,12:28,チョコレート,菓子,120
5351,1044,2026-07-16,12:28,弁当,食事,500
5352,1023,2026-07-16,12:29,弁当,食事,500
5353,1020,2026-07-16,12:31,カップ麺,食事,220
5354,1025,2026-07-16,12:50,おにぎり,食事,150
5354,1025,2026-07-16,12:50,お茶,飲料,130
5355,1063,2026-07-16,12:53,サンドイッチ,食事,320
5355,1063,2026-07-16,12:53,ジュース,飲料,140
5356,1150,2026-07-16,12:56,ルーズリーフ,文具,350
5357,1040,2026-07-16,12:57,お茶,飲料,130
5357,1040,2026-07-16,12:57,カップ麺,食事,220
5358,1036,2026-07-16,13:02,サンドイッチ,食事,320
5359,1070,2026-07-16,13:08,お茶,飲料,130
5359,1070,2026-07-16,13:08,弁当,食事,500
5360,1067,2026-07-16,13:09,おにぎり,食事,150
5360,1067,2026-07-16,13:09,お茶,飲料,130
5361,1042,2026-07-16,13:13,お茶,飲料,130
5361,1042,2026-07-16,13:13,サンドイッチ,食事,320
5362,1062,2026-07-16,13:23,お茶,飲料,130
5362,1062,2026-07-16,13:23,弁当,食事,500
5363,1003,2026-07-16,13:25,おにぎり,食事,150
5363,1003,2026-07-16,13:25,お茶,飲料,130
5363,1003,2026-07-16,13:25,パン,食事,180
5364,1028,2026-07-16,13:26,お茶,飲料,130
5364,1028,2026-07-16,13:26,弁当,食事,500
5365,1029,2026-07-16,13:30,お茶,飲料,130
5365,1029,2026-07-16,13:30,カップ麺,食事,220
5366,1064,2026-07-16,13:30,おにぎり,食事,150
5366,1064,2026-07-16,13:30,お茶,飲料,130
5366,1064,2026-07-16,13:30,パン,食事,180
5367,1065,2026-07-16,13:43,お茶,飲料,130
5367,1065,2026-07-16,13:43,カップ麺,食事,220
5368,1043,2026-07-16,13:53,おにぎり,食事,150
5368,1043,2026-07-16,13:53,お茶,飲料,130
5368,1043,2026-07-16,13:53,パン,食事,180
5369,1011,2026-07-16,13:58,おにぎり,食事,150
5369,1011,2026-07-16,13:58,お茶,飲料,130
5369,1011,2026-07-16,13:58,パン,食事,180
5370,1101,2026-07-16,14:11,クッキー,菓子,180
5370,1101,2026-07-16,14:11,コーヒー,飲料,160
5371,1087,2026-07-16,14:14,コーヒー,飲料,160
5372,1120,2026-07-16,14:18,クッキー,菓子,180
5372,1120,2026-07-16,14:18,コーヒー,飲料,160
5373,1075,2026-07-16,14:25,クッキー,菓子,180
5373,1075,2026-07-16,14:25,コーヒー,飲料,160
5374,1115,2026-07-16,14:37,コーヒー,飲料,160
5375,1114,2026-07-16,14:45,コーヒー,飲料,160
5375,1114,2026-07-16,14:45,チョコレート,菓子,120
5376,1080,2026-07-16,14:48,クッキー,菓子,180
5376,1080,2026-07-16,14:48,コーヒー,飲料,160
5377,1079,2026-07-16,14:50,コーヒー,飲料,160
5377,1079,2026-07-16,14:50,チョコレート,菓子,120
5378,1117,2026-07-16,14:51,クッキー,菓子,180
5378,1117,2026-07-16,14:51,コーヒー,飲料,160
5378,1117,2026-07-16,14:51,パン,食事,180
5379,1078,2026-07-16,14:52,ガム,菓子,110
5379,1078,2026-07-16,14:52,ジュース,飲料,140
5379,1078,2026-07-16,14:52,パン,食事,180
5380,1125,2026-07-16,14:52,クッキー,菓子,180
5380,1125,2026-07-16,14:52,コーヒー,飲料,160
5381,1083,2026-07-16,15:06,コーヒー,飲料,160
5381,1083,2026-07-16,15:06,チョコレート,菓子,120
5382,1086,2026-07-16,15:14,コーヒー,飲料,160
5382,1086,2026-07-16,15:14,チョコレート,菓子,120
5383,1089,2026-07-16,15:19,クッキー,菓子,180
5383,1089,2026-07-16,15:19,コーヒー,飲料,160
5384,1092,2026-07-16,15:22,クッキー,菓子,180
5384,1092,2026-07-16,15:22,コーヒー,飲料,160
5385,1109,2026-07-16,15:31,ジュース,飲料,140
5385,1109,2026-07-16,15:31,チョコレート,菓子,120
5386,1077,2026-07-16,15:35,クッキー,菓子,180
5386,1077,2026-07-16,15:35,コーヒー,飲料,160
5387,1103,2026-07-16,15:36,コーヒー,飲料,160
5387,1103,2026-07-16,15:36,チョコレート,菓子,120
5388,1105,2026-07-16,15:37,コーヒー,飲料,160
5389,1088,2026-07-16,15:40,ジュース,飲料,140
5389,1088,2026-07-16,15:40,チョコレート,菓子,120
5390,1091,2026-07-16,15:40,クッキー,菓子,180
5390,1091,2026-07-16,15:40,コーヒー,飲料,160
5391,1113,2026-07-16,15:50,コーヒー,飲料,160
5392,1123,2026-07-16,15:51,コーヒー,飲料,160
5393,1122,2026-07-16,16:17,クッキー,菓子,180
5393,1122,2026-07-16,16:17,コーヒー,飲料,160
5394,1124,2026-07-16,16:20,コーヒー,飲料,160
5394,1124,2026-07-16,16:20,チョコレート,菓子,120
5395,1098,2026-07-16,16:22,クッキー,菓子,180
5395,1098,2026-07-16,16:22,コーヒー,飲料,160
5395,1098,2026-07-16,16:22,パン,食事,180
5396,1097,2026-07-16,16:31,お茶,飲料,130
5397,1081,2026-07-16,16:36,クッキー,菓子,180
5397,1081,2026-07-16,16:36,コーヒー,飲料,160
5398,1112,2026-07-16,16:39,クッキー,菓子,180
5398,1112,2026-07-16,16:39,コーヒー,飲料,160
5399,1108,2026-07-16,16:51,クッキー,菓子,180
5399,1108,2026-07-16,16:51,コーヒー,飲料,160
5400,1093,2026-07-16,16:55,ジュース,飲料,140
5401,1144,2026-07-16,17:05,お茶,飲料,130
5401,1144,2026-07-16,17:05,ノート,文具,200
5402,1116,2026-07-16,17:17,ガム,菓子,110
5402,1116,2026-07-16,17:17,クッキー,菓子,180
5402,1116,2026-07-16,17:17,コーヒー,飲料,160
5403,1100,2026-07-16,17:20,ガム,菓子,110
5403,1100,2026-07-16,17:20,コーヒー,飲料,160
5404,1099,2026-07-16,17:30,クッキー,菓子,180
5404,1099,2026-07-16,17:30,コーヒー,飲料,160
5405,1110,2026-07-16,17:32,お茶,飲料,130
5406,1073,2026-07-16,17:42,クッキー,菓子,180
5406,1073,2026-07-16,17:42,コーヒー,飲料,160
5406,1073,2026-07-16,17:42,パン,食事,180
5407,1119,2026-07-16,17:47,コーヒー,飲料,160
5407,1119,2026-07-16,17:47,チョコレート,菓子,120
5408,1121,2026-07-16,17:49,お茶,飲料,130
5409,1090,2026-07-16,17:53,コーヒー,飲料,160
5410,1076,2026-07-16,17:54,コーヒー,飲料,160
5411,1085,2026-07-16,17:56,コーヒー,飲料,160
5412,1182,2026-07-17,10:26,お茶,飲料,130
5412,1182,2026-07-17,10:26,クッキー,菓子,180
5412,1182,2026-07-17,10:26,サンドイッチ,食事,320
5412,1182,2026-07-17,10:26,パン,食事,180
5412,1182,2026-07-17,10:26,ボールペン,文具,120
5412,1182,2026-07-17,10:26,弁当,食事,500
5413,1200,2026-07-17,10:45,おにぎり,食事,150
5413,1200,2026-07-17,10:45,お茶,飲料,130
5413,1200,2026-07-17,10:45,カップ麺,食事,220
5413,1200,2026-07-17,10:45,ガム,菓子,110
5413,1200,2026-07-17,10:45,クッキー,菓子,180
5413,1200,2026-07-17,10:45,コーヒー,飲料,160
5413,1200,2026-07-17,10:45,サンドイッチ,食事,320
5413,1200,2026-07-17,10:45,チョコレート,菓子,120
5413,1200,2026-07-17,10:45,パン,食事,180
5413,1200,2026-07-17,10:45,ルーズリーフ,文具,350
5413,1200,2026-07-17,10:45,消しゴム,文具,100
5414,1038,2026-07-17,11:03,おにぎり,食事,150
5414,1038,2026-07-17,11:03,お茶,飲料,130
5415,1051,2026-07-17,11:07,おにぎり,食事,150
5416,1031,2026-07-17,11:14,サンドイッチ,食事,320
5417,1049,2026-07-17,11:20,おにぎり,食事,150
5417,1049,2026-07-17,11:20,お茶,飲料,130
5417,1049,2026-07-17,11:20,パン,食事,180
5418,1030,2026-07-17,11:28,サンドイッチ,食事,320
5418,1030,2026-07-17,11:28,ジュース,飲料,140
5419,1033,2026-07-17,11:38,おにぎり,食事,150
5419,1033,2026-07-17,11:38,お茶,飲料,130
5420,1196,2026-07-17,11:38,おにぎり,食事,150
5420,1196,2026-07-17,11:38,お茶,飲料,130
5420,1196,2026-07-17,11:38,ジュース,飲料,140
5420,1196,2026-07-17,11:38,チョコレート,菓子,120
5421,1069,2026-07-17,11:47,おにぎり,食事,150
5421,1069,2026-07-17,11:47,お茶,飲料,130
5421,1069,2026-07-17,11:47,パン,食事,180
5422,1065,2026-07-17,11:49,おにぎり,食事,150
5422,1065,2026-07-17,11:49,お茶,飲料,130
5423,1013,2026-07-17,11:55,おにぎり,食事,150
5423,1013,2026-07-17,11:55,お茶,飲料,130
5423,1013,2026-07-17,11:55,パン,食事,180
5424,1042,2026-07-17,12:00,弁当,食事,500
5425,1024,2026-07-17,12:03,お茶,飲料,130
5425,1024,2026-07-17,12:03,弁当,食事,500
5426,1002,2026-07-17,12:05,おにぎり,食事,150
5427,1158,2026-07-17,12:07,お茶,飲料,130
5427,1158,2026-07-17,12:07,ノート,文具,200
5427,1158,2026-07-17,12:07,ボールペン,文具,120
5427,1158,2026-07-17,12:07,ルーズリーフ,文具,350
5428,1009,2026-07-17,12:13,お茶,飲料,130
5428,1009,2026-07-17,12:13,サンドイッチ,食事,320
5428,1009,2026-07-17,12:13,チョコレート,菓子,120
5429,1048,2026-07-17,12:14,おにぎり,食事,150
5429,1048,2026-07-17,12:14,お茶,飲料,130
5430,1006,2026-07-17,12:21,弁当,食事,500
5431,1050,2026-07-17,12:21,お茶,飲料,130
5431,1050,2026-07-17,12:21,サンドイッチ,食事,320
5432,1047,2026-07-17,12:37,おにぎり,食事,150
5432,1047,2026-07-17,12:37,お茶,飲料,130
5433,1066,2026-07-17,12:38,お茶,飲料,130
5433,1066,2026-07-17,12:38,弁当,食事,500
5434,1064,2026-07-17,12:40,お茶,飲料,130
5434,1064,2026-07-17,12:40,カップ麺,食事,220
5435,1015,2026-07-17,12:41,お茶,飲料,130
5435,1015,2026-07-17,12:41,弁当,食事,500
5436,1053,2026-07-17,12:42,ジュース,飲料,140
5436,1053,2026-07-17,12:42,弁当,食事,500
5437,1025,2026-07-17,12:44,お茶,飲料,130
5437,1025,2026-07-17,12:44,弁当,食事,500
5438,1056,2026-07-17,12:44,弁当,食事,500
5439,1197,2026-07-17,12:48,お茶,飲料,130
5439,1197,2026-07-17,12:48,カップ麺,食事,220
5439,1197,2026-07-17,12:48,ガム,菓子,110
5440,1054,2026-07-17,12:49,おにぎり,食事,150
5440,1054,2026-07-17,12:49,お茶,飲料,130
5441,1068,2026-07-17,12:57,お茶,飲料,130
5441,1068,2026-07-17,12:57,カップ麺,食事,220
5442,1037,2026-07-17,13:02,お茶,飲料,130
5442,1037,2026-07-17,13:02,弁当,食事,500
5443,1010,2026-07-17,13:20,おにぎり,食事,150
5443,1010,2026-07-17,13:20,お茶,飲料,130
5444,1062,2026-07-17,13:23,ジュース,飲料,140
5444,1062,2026-07-17,13:23,弁当,食事,500
5445,1020,2026-07-17,13:25,ジュース,飲料,140
5445,1020,2026-07-17,13:25,弁当,食事,500
5446,1057,2026-07-17,13:27,ジュース,飲料,140
5446,1057,2026-07-17,13:27,弁当,食事,500
5447,1035,2026-07-17,13:32,おにぎり,食事,150
5447,1035,2026-07-17,13:32,パン,食事,180
5448,1001,2026-07-17,13:37,お茶,飲料,130
5448,1001,2026-07-17,13:37,弁当,食事,500
5449,1070,2026-07-17,13:46,おにぎり,食事,150
5449,1070,2026-07-17,13:46,お茶,飲料,130
5449,1070,2026-07-17,13:46,パン,食事,180
5450,1034,2026-07-17,13:53,お茶,飲料,130
5450,1034,2026-07-17,13:53,弁当,食事,500
5451,1003,2026-07-17,13:58,お茶,飲料,130
5451,1003,2026-07-17,13:58,サンドイッチ,食事,320
5452,1080,2026-07-17,14:00,クッキー,菓子,180
5452,1080,2026-07-17,14:00,コーヒー,飲料,160
5453,1072,2026-07-17,14:08,ガム,菓子,110
5453,1072,2026-07-17,14:08,クッキー,菓子,180
5453,1072,2026-07-17,14:08,コーヒー,飲料,160
5454,1093,2026-07-17,14:28,コーヒー,飲料,160
5455,1110,2026-07-17,14:29,クッキー,菓子,180
5455,1110,2026-07-17,14:29,コーヒー,飲料,160
5456,1122,2026-07-17,14:37,クッキー,菓子,180
5456,1122,2026-07-17,14:37,コーヒー,飲料,160
5456,1122,2026-07-17,14:37,パン,食事,180
5457,1140,2026-07-17,14:38,消しゴム,文具,100
5458,1071,2026-07-17,14:49,コーヒー,飲料,160
5459,1077,2026-07-17,14:54,ガム,菓子,110
5459,1077,2026-07-17,14:54,クッキー,菓子,180
5459,1077,2026-07-17,14:54,コーヒー,飲料,160
5460,1078,2026-07-17,14:57,コーヒー,飲料,160
5461,1081,2026-07-17,14:58,クッキー,菓子,180
5461,1081,2026-07-17,14:58,コーヒー,飲料,160
5461,1081,2026-07-17,14:58,パン,食事,180
5462,1109,2026-07-17,15:04,クッキー,菓子,180
5462,1109,2026-07-17,15:04,コーヒー,飲料,160
5463,1112,2026-07-17,15:09,ガム,菓子,110
5463,1112,2026-07-17,15:09,ジュース,飲料,140
5464,1106,2026-07-17,15:14,ジュース,飲料,140
5465,1095,2026-07-17,15:21,コーヒー,飲料,160
5465,1095,2026-07-17,15:21,チョコレート,菓子,120
5466,1121,2026-07-17,15:26,お茶,飲料,130
5467,1073,2026-07-17,15:28,お茶,飲料,130
5467,1073,2026-07-17,15:28,チョコレート,菓子,120
5468,1102,2026-07-17,15:33,クッキー,菓子,180
5468,1102,2026-07-17,15:33,コーヒー,飲料,160
5469,1117,2026-07-17,15:37,コーヒー,飲料,160
5470,1090,2026-07-17,15:45,コーヒー,飲料,160
5471,1113,2026-07-17,15:45,クッキー,菓子,180
5471,1113,2026-07-17,15:45,コーヒー,飲料,160
5472,1108,2026-07-17,16:01,コーヒー,飲料,160
5472,1108,2026-07-17,16:01,パン,食事,180
5473,1091,2026-07-17,16:02,クッキー,菓子,180
5473,1091,2026-07-17,16:02,コーヒー,飲料,160
5474,1139,2026-07-17,16:16,お茶,飲料,130
5474,1139,2026-07-17,16:16,ノート,文具,200
5474,1139,2026-07-17,16:16,ボールペン,文具,120
5475,1087,2026-07-17,16:19,ジュース,飲料,140
5476,1083,2026-07-17,16:26,コーヒー,飲料,160
5477,1085,2026-07-17,16:26,クッキー,菓子,180
5477,1085,2026-07-17,16:26,コーヒー,飲料,160
5478,1099,2026-07-17,16:28,クッキー,菓子,180
5478,1099,2026-07-17,16:28,コーヒー,飲料,160
5479,1094,2026-07-17,16:41,コーヒー,飲料,160
5480,1120,2026-07-17,16:55,クッキー,菓子,180
5480,1120,2026-07-17,16:55,コーヒー,飲料,160
5481,1116,2026-07-17,16:56,コーヒー,飲料,160
5482,1105,2026-07-17,16:59,コーヒー,飲料,160
5482,1105,2026-07-17,16:59,チョコレート,菓子,120
5483,1119,2026-07-17,16:59,クッキー,菓子,180
5483,1119,2026-07-17,16:59,コーヒー,飲料,160
5484,1082,2026-07-17,17:09,クッキー,菓子,180
5484,1082,2026-07-17,17:09,コーヒー,飲料,160
5485,1114,2026-07-17,17:18,クッキー,菓子,180
5485,1114,2026-07-17,17:18,コーヒー,飲料,160
5486,1124,2026-07-17,17:23,クッキー,菓子,180
5486,1124,2026-07-17,17:23,コーヒー,飲料,160
5487,1103,2026-07-17,17:37,コーヒー,飲料,160
5488,1101,2026-07-17,17:47,ジュース,飲料,140
5489,1118,2026-07-17,17:48,ガム,菓子,110
5489,1118,2026-07-17,17:48,コーヒー,飲料,160
5489,1118,2026-07-17,17:48,チョコレート,菓子,120
5490,1111,2026-07-17,17:59,ガム,菓子,110
5490,1111,2026-07-17,17:59,コーヒー,飲料,160
5491,1002,2026-07-20,11:05,お茶,飲料,130
5491,1002,2026-07-20,11:05,カップ麺,食事,220
5492,1063,2026-07-20,11:09,弁当,食事,500
5493,1001,2026-07-20,11:16,弁当,食事,500
5494,1027,2026-07-20,11:23,おにぎり,食事,150
5494,1027,2026-07-20,11:23,お茶,飲料,130
5494,1027,2026-07-20,11:23,パン,食事,180
5495,1009,2026-07-20,11:24,おにぎり,食事,150
5495,1009,2026-07-20,11:24,お茶,飲料,130
5496,1033,2026-07-20,11:31,弁当,食事,500
5497,1062,2026-07-20,11:31,お茶,飲料,130
5497,1062,2026-07-20,11:31,弁当,食事,500
5498,1036,2026-07-20,11:38,お茶,飲料,130
5498,1036,2026-07-20,11:38,弁当,食事,500
5499,1054,2026-07-20,11:38,ジュース,飲料,140
5499,1054,2026-07-20,11:38,弁当,食事,500
5500,1053,2026-07-20,11:42,おにぎり,食事,150
5500,1053,2026-07-20,11:42,お茶,飲料,130
5500,1053,2026-07-20,11:42,パン,食事,180
5501,1057,2026-07-20,11:49,弁当,食事,500
5502,1022,2026-07-20,11:58,お茶,飲料,130
5502,1022,2026-07-20,11:58,弁当,食事,500
5503,1013,2026-07-20,12:13,おにぎり,食事,150
5503,1013,2026-07-20,12:13,お茶,飲料,130
5503,1013,2026-07-20,12:13,パン,食事,180
5504,1070,2026-07-20,12:17,おにぎり,食事,150
5504,1070,2026-07-20,12:17,お茶,飲料,130
5505,1023,2026-07-20,12:21,おにぎり,食事,150
5505,1023,2026-07-20,12:21,ジュース,飲料,140
5506,1045,2026-07-20,12:22,おにぎり,食事,150
5506,1045,2026-07-20,12:22,パン,食事,180
5507,1060,2026-07-20,12:26,お茶,飲料,130
5507,1060,2026-07-20,12:26,弁当,食事,500
5508,1026,2026-07-20,12:28,お茶,飲料,130
5508,1026,2026-07-20,12:28,カップ麺,食事,220
5509,1061,2026-07-20,12:34,お茶,飲料,130
5509,1061,2026-07-20,12:34,弁当,食事,500
5510,1069,2026-07-20,12:34,お茶,飲料,130
5510,1069,2026-07-20,12:34,チョコレート,菓子,120
5510,1069,2026-07-20,12:34,弁当,食事,500
5511,1021,2026-07-20,12:41,おにぎり,食事,150
5512,1028,2026-07-20,12:42,おにぎり,食事,150
5512,1028,2026-07-20,12:42,お茶,飲料,130
5512,1028,2026-07-20,12:42,パン,食事,180
5513,1130,2026-07-20,12:50,ノート,文具,200
5514,1047,2026-07-20,12:51,おにぎり,食事,150
5514,1047,2026-07-20,12:51,お茶,飲料,130
5514,1047,2026-07-20,12:51,パン,食事,180
5515,1055,2026-07-20,12:51,お茶,飲料,130
5515,1055,2026-07-20,12:51,弁当,食事,500
5516,1058,2026-07-20,12:55,サンドイッチ,食事,320
5517,1041,2026-07-20,13:00,おにぎり,食事,150
5517,1041,2026-07-20,13:00,お茶,飲料,130
5517,1041,2026-07-20,13:00,パン,食事,180
5518,1030,2026-07-20,13:15,弁当,食事,500
5519,1015,2026-07-20,13:27,おにぎり,食事,150
5519,1015,2026-07-20,13:27,お茶,飲料,130
5520,1050,2026-07-20,13:32,弁当,食事,500
5521,1197,2026-07-20,13:34,カップ麺,食事,220
5521,1197,2026-07-20,13:34,ジュース,飲料,140
5522,1037,2026-07-20,13:40,弁当,食事,500
5523,1011,2026-07-20,13:43,カップ麺,食事,220
5524,1034,2026-07-20,13:50,お茶,飲料,130
5524,1034,2026-07-20,13:50,サンドイッチ,食事,320
5525,1048,2026-07-20,13:51,お茶,飲料,130
5525,1048,2026-07-20,13:51,弁当,食事,500
5526,1017,2026-07-20,13:57,弁当,食事,500
5527,1077,2026-07-20,14:01,コーヒー,飲料,160
5527,1077,2026-07-20,14:01,チョコレート,菓子,120
5528,1074,2026-07-20,14:02,お茶,飲料,130
5529,1097,2026-07-20,14:03,クッキー,菓子,180
5529,1097,2026-07-20,14:03,コーヒー,飲料,160
5530,1110,2026-07-20,14:04,ジュース,飲料,140
5530,1110,2026-07-20,14:04,パン,食事,180
5531,1073,2026-07-20,14:06,ガム,菓子,110
5531,1073,2026-07-20,14:06,クッキー,菓子,180
5531,1073,2026-07-20,14:06,コーヒー,飲料,160
5532,1098,2026-07-20,14:07,コーヒー,飲料,160
5532,1098,2026-07-20,14:07,チョコレート,菓子,120
5533,1120,2026-07-20,14:16,クッキー,菓子,180
5533,1120,2026-07-20,14:16,コーヒー,飲料,160
5534,1106,2026-07-20,14:23,コーヒー,飲料,160
5534,1106,2026-07-20,14:23,パン,食事,180
5535,1114,2026-07-20,14:37,お茶,飲料,130
5535,1114,2026-07-20,14:37,チョコレート,菓子,120
5536,1091,2026-07-20,14:59,ジュース,飲料,140
5536,1091,2026-07-20,14:59,チョコレート,菓子,120
5536,1091,2026-07-20,14:59,パン,食事,180
5537,1121,2026-07-20,15:08,お茶,飲料,130
5538,1081,2026-07-20,15:10,お茶,飲料,130
5538,1081,2026-07-20,15:10,チョコレート,菓子,120
5539,1122,2026-07-20,15:18,クッキー,菓子,180
5539,1122,2026-07-20,15:18,コーヒー,飲料,160
5540,1079,2026-07-20,15:36,ガム,菓子,110
5540,1079,2026-07-20,15:36,クッキー,菓子,180
5540,1079,2026-07-20,15:36,コーヒー,飲料,160
5541,1102,2026-07-20,15:39,お茶,飲料,130
5542,1123,2026-07-20,15:39,ガム,菓子,110
5542,1123,2026-07-20,15:39,クッキー,菓子,180
5542,1123,2026-07-20,15:39,コーヒー,飲料,160
5543,1076,2026-07-20,15:54,コーヒー,飲料,160
5544,1092,2026-07-20,15:54,クッキー,菓子,180
5544,1092,2026-07-20,15:54,コーヒー,飲料,160
5545,1108,2026-07-20,15:58,ガム,菓子,110
5545,1108,2026-07-20,15:58,コーヒー,飲料,160
5546,1104,2026-07-20,16:00,ジュース,飲料,140
5547,1099,2026-07-20,16:02,クッキー,菓子,180
5547,1099,2026-07-20,16:02,コーヒー,飲料,160
5548,1089,2026-07-20,16:13,クッキー,菓子,180
5548,1089,2026-07-20,16:13,コーヒー,飲料,160
5548,1089,2026-07-20,16:13,パン,食事,180
5549,1095,2026-07-20,16:31,クッキー,菓子,180
5549,1095,2026-07-20,16:31,コーヒー,飲料,160
5550,1100,2026-07-20,16:39,コーヒー,飲料,160
5551,1086,2026-07-20,16:40,クッキー,菓子,180
5551,1086,2026-07-20,16:40,コーヒー,飲料,160
5552,1124,2026-07-20,16:45,お茶,飲料,130
5553,1082,2026-07-20,17:01,コーヒー,飲料,160
5553,1082,2026-07-20,17:01,パン,食事,180
5554,1093,2026-07-20,17:02,コーヒー,飲料,160
5554,1093,2026-07-20,17:02,チョコレート,菓子,120
5554,1093,2026-07-20,17:02,パン,食事,180
5555,1094,2026-07-20,17:16,クッキー,菓子,180
5555,1094,2026-07-20,17:16,コーヒー,飲料,160
5556,1118,2026-07-20,17:18,コーヒー,飲料,160
5556,1118,2026-07-20,17:18,チョコレート,菓子,120
5557,1107,2026-07-20,17:24,コーヒー,飲料,160
5558,1105,2026-07-20,17:34,お茶,飲料,130
5559,1078,2026-07-20,17:41,クッキー,菓子,180
5559,1078,2026-07-20,17:41,コーヒー,飲料,160
5559,1078,2026-07-20,17:41,パン,食事,180
5560,1071,2026-07-20,17:49,ガム,菓子,110
5560,1071,2026-07-20,17:49,コーヒー,飲料,160
5561,1111,2026-07-20,17:50,クッキー,菓子,180
5561,1111,2026-07-20,17:50,コーヒー,飲料,160
5562,1096,2026-07-20,17:51,クッキー,菓子,180
5562,1096,2026-07-20,17:51,コーヒー,飲料,160
5562,1096,2026-07-20,17:51,パン,食事,180
5563,1116,2026-07-20,17:53,コーヒー,飲料,160
5564,1072,2026-07-20,17:55,お茶,飲料,130
5564,1072,2026-07-20,17:55,チョコレート,菓子,120
5565,1177,2026-07-20,18:28,おにぎり,食事,150
5565,1177,2026-07-20,18:28,お茶,飲料,130
5565,1177,2026-07-20,18:28,クッキー,菓子,180
5565,1177,2026-07-20,18:28,コーヒー,飲料,160
5565,1177,2026-07-20,18:28,サンドイッチ,食事,320
5565,1177,2026-07-20,18:28,ジュース,飲料,140
5565,1177,2026-07-20,18:28,ルーズリーフ,文具,350
5565,1177,2026-07-20,18:28,弁当,食事,500
5566,1010,2026-07-21,11:02,お茶,飲料,130
5566,1010,2026-07-21,11:02,弁当,食事,500
5567,1161,2026-07-21,11:02,ルーズリーフ,文具,350
5567,1161,2026-07-21,11:02,消しゴム,文具,100
5568,1060,2026-07-21,11:08,おにぎり,食事,150
5568,1060,2026-07-21,11:08,お茶,飲料,130
5569,1069,2026-07-21,11:19,お茶,飲料,130
5569,1069,2026-07-21,11:19,弁当,食事,500
5570,1005,2026-07-21,11:25,お茶,飲料,130
5570,1005,2026-07-21,11:25,カップ麺,食事,220
5571,1047,2026-07-21,11:27,おにぎり,食事,150
5571,1047,2026-07-21,11:27,お茶,飲料,130
5572,1046,2026-07-21,11:29,おにぎり,食事,150
5572,1046,2026-07-21,11:29,お茶,飲料,130
5573,1048,2026-07-21,11:36,弁当,食事,500
5574,1032,2026-07-21,11:37,おにぎり,食事,150
5574,1032,2026-07-21,11:37,お茶,飲料,130
5575,1064,2026-07-21,11:44,お茶,飲料,130
5575,1064,2026-07-21,11:44,サンドイッチ,食事,320
5576,1035,2026-07-21,11:45,お茶,飲料,130
5576,1035,2026-07-21,11:45,弁当,食事,500
5577,1055,2026-07-21,11:46,おにぎり,食事,150
5577,1055,2026-07-21,11:46,お茶,飲料,130
5577,1055,2026-07-21,11:46,パン,食事,180
5578,1068,2026-07-21,11:46,おにぎり,食事,150
5578,1068,2026-07-21,11:46,お茶,飲料,130
5578,1068,2026-07-21,11:46,パン,食事,180
5579,1049,2026-07-21,11:47,お茶,飲料,130
5579,1049,2026-07-21,11:47,弁当,食事,500
5580,1058,2026-07-21,11:48,お茶,飲料,130
5580,1058,2026-07-21,11:48,カップ麺,食事,220
5581,1007,2026-07-21,11:53,おにぎり,食事,150
5581,1007,2026-07-21,11:53,お茶,飲料,130
5582,1195,2026-07-21,12:00,おにぎり,食事,150
5582,1195,2026-07-21,12:00,お茶,飲料,130
5582,1195,2026-07-21,12:00,コーヒー,飲料,160
5582,1195,2026-07-21,12:00,サンドイッチ,食事,320
5582,1195,2026-07-21,12:00,ジュース,飲料,140
5582,1195,2026-07-21,12:00,ノート,文具,200
5582,1195,2026-07-21,12:00,パン,食事,180
5583,1062,2026-07-21,12:04,おにぎり,食事,150
5583,1062,2026-07-21,12:04,お茶,飲料,130
5583,1062,2026-07-21,12:04,パン,食事,180
5584,1028,2026-07-21,12:05,お茶,飲料,130
5584,1028,2026-07-21,12:05,サンドイッチ,食事,320
5585,1197,2026-07-21,12:11,お茶,飲料,130
5585,1197,2026-07-21,12:11,コーヒー,飲料,160
5585,1197,2026-07-21,12:11,サンドイッチ,食事,320
5586,1024,2026-07-21,12:13,弁当,食事,500
5587,1061,2026-07-21,12:30,お茶,飲料,130
5587,1061,2026-07-21,12:30,カップ麺,食事,220
5588,1012,2026-07-21,12:43,おにぎり,食事,150
5588,1012,2026-07-21,12:43,お茶,飲料,130
5588,1012,2026-07-21,12:43,パン,食事,180
5589,1045,2026-07-21,12:47,お茶,飲料,130
5589,1045,2026-07-21,12:47,サンドイッチ,食事,320
5590,1015,2026-07-21,13:07,おにぎり,食事,150
5590,1015,2026-07-21,13:07,お茶,飲料,130
5590,1015,2026-07-21,13:07,パン,食事,180
5591,1002,2026-07-21,13:08,お茶,飲料,130
5591,1002,2026-07-21,13:08,サンドイッチ,食事,320
5592,1057,2026-07-21,13:17,お茶,飲料,130
5592,1057,2026-07-21,13:17,弁当,食事,500
5593,1042,2026-07-21,13:36,サンドイッチ,食事,320
5594,1158,2026-07-21,13:48,ノート,文具,200
5594,1158,2026-07-21,13:48,ボールペン,文具,120
5594,1158,2026-07-21,13:48,ルーズリーフ,文具,350
5595,1022,2026-07-21,13:49,おにぎり,食事,150
5595,1022,2026-07-21,13:49,お茶,飲料,130
5596,1098,2026-07-21,14:03,コーヒー,飲料,160
5597,1075,2026-07-21,14:15,コーヒー,飲料,160
5598,1124,2026-07-21,14:18,クッキー,菓子,180
5598,1124,2026-07-21,14:18,コーヒー,飲料,160
5599,1083,2026-07-21,14:19,コーヒー,飲料,160
5600,1092,2026-07-21,14:21,クッキー,菓子,180
5600,1092,2026-07-21,14:21,コーヒー,飲料,160
5601,1120,2026-07-21,14:21,コーヒー,飲料,160
5601,1120,2026-07-21,14:21,チョコレート,菓子,120
5602,1095,2026-07-21,14:24,コーヒー,飲料,160
5603,1076,2026-07-21,14:29,コーヒー,飲料,160
5604,1108,2026-07-21,14:37,ジュース,飲料,140
5604,1108,2026-07-21,14:37,チョコレート,菓子,120
5605,1091,2026-07-21,14:38,コーヒー,飲料,160
5605,1091,2026-07-21,14:38,チョコレート,菓子,120
5606,1111,2026-07-21,14:47,コーヒー,飲料,160
5607,1151,2026-07-21,14:51,ノート,文具,200
5607,1151,2026-07-21,14:51,ボールペン,文具,120
5607,1151,2026-07-21,14:51,ルーズリーフ,文具,350
5608,1102,2026-07-21,14:52,クッキー,菓子,180
5608,1102,2026-07-21,14:52,コーヒー,飲料,160
5608,1102,2026-07-21,14:52,パン,食事,180
5609,1105,2026-07-21,14:54,クッキー,菓子,180
5609,1105,2026-07-21,14:54,コーヒー,飲料,160
5610,1093,2026-07-21,14:58,ガム,菓子,110
5610,1093,2026-07-21,14:58,コーヒー,飲料,160
5611,1084,2026-07-21,15:07,ジュース,飲料,140
5612,1085,2026-07-21,15:11,クッキー,菓子,180
5612,1085,2026-07-21,15:11,コーヒー,飲料,160
5613,1078,2026-07-21,15:17,ガム,菓子,110
5613,1078,2026-07-21,15:17,クッキー,菓子,180
5613,1078,2026-07-21,15:17,コーヒー,飲料,160
5614,1094,2026-07-21,15:21,クッキー,菓子,180
5614,1094,2026-07-21,15:21,コーヒー,飲料,160
5615,1121,2026-07-21,15:29,ガム,菓子,110
5615,1121,2026-07-21,15:29,クッキー,菓子,180
5615,1121,2026-07-21,15:29,コーヒー,飲料,160
5616,1082,2026-07-21,15:35,クッキー,菓子,180
5616,1082,2026-07-21,15:35,コーヒー,飲料,160
5617,1122,2026-07-21,15:43,クッキー,菓子,180
5617,1122,2026-07-21,15:43,コーヒー,飲料,160
5618,1114,2026-07-21,16:00,クッキー,菓子,180
5618,1114,2026-07-21,16:00,コーヒー,飲料,160
5618,1114,2026-07-21,16:00,パン,食事,180
5619,1077,2026-07-21,16:24,コーヒー,飲料,160
5620,1072,2026-07-21,16:25,ガム,菓子,110
5620,1072,2026-07-21,16:25,コーヒー,飲料,160
5620,1072,2026-07-21,16:25,チョコレート,菓子,120
5621,1113,2026-07-21,16:28,コーヒー,飲料,160
5622,1109,2026-07-21,16:30,クッキー,菓子,180
5622,1109,2026-07-21,16:30,コーヒー,飲料,160
5623,1143,2026-07-21,16:31,お茶,飲料,130
5623,1143,2026-07-21,16:31,ノート,文具,200
5623,1143,2026-07-21,16:31,ボールペン,文具,120
5624,1106,2026-07-21,16:42,クッキー,菓子,180
5624,1106,2026-07-21,16:42,コーヒー,飲料,160
5625,1107,2026-07-21,16:44,ガム,菓子,110
5625,1107,2026-07-21,16:44,コーヒー,飲料,160
5626,1110,2026-07-21,16:53,クッキー,菓子,180
5626,1110,2026-07-21,16:53,コーヒー,飲料,160
5626,1110,2026-07-21,16:53,パン,食事,180
5627,1115,2026-07-21,16:53,ジュース,飲料,140
5628,1164,2026-07-21,16:58,ボールペン,文具,120
5628,1164,2026-07-21,16:58,ルーズリーフ,文具,350
5629,1086,2026-07-21,16:59,コーヒー,飲料,160
5630,1118,2026-07-21,17:05,コーヒー,飲料,160
5630,1118,2026-07-21,17:05,チョコレート,菓子,120
5631,1081,2026-07-21,17:15,クッキー,菓子,180
5631,1081,2026-07-21,17:15,コーヒー,飲料,160
5632,1071,2026-07-21,17:17,クッキー,菓子,180
5632,1071,2026-07-21,17:17,コーヒー,飲料,160
5633,1116,2026-07-21,17:21,コーヒー,飲料,160
5633,1116,2026-07-21,17:21,チョコレート,菓子,120
5633,1116,2026-07-21,17:21,パン,食事,180
5634,1097,2026-07-21,17:32,コーヒー,飲料,160
5634,1097,2026-07-21,17:32,チョコレート,菓子,120
5635,1073,2026-07-21,17:35,コーヒー,飲料,160
5636,1080,2026-07-21,17:41,コーヒー,飲料,160
5636,1080,2026-07-21,17:41,チョコレート,菓子,120
5637,1099,2026-07-21,17:58,コーヒー,飲料,160
5637,1099,2026-07-21,17:58,チョコレート,菓子,120
5638,1119,2026-07-21,17:59,クッキー,菓子,180
5638,1119,2026-07-21,17:59,コーヒー,飲料,160
5639,1169,2026-07-21,18:46,おにぎり,食事,150
5639,1169,2026-07-21,18:46,お茶,飲料,130
5639,1169,2026-07-21,18:46,カップ麺,食事,220
5639,1169,2026-07-21,18:46,コーヒー,飲料,160
5639,1169,2026-07-21,18:46,ジュース,飲料,140
5639,1169,2026-07-21,18:46,パン,食事,180
5640,1025,2026-07-22,11:05,おにぎり,食事,150
5640,1025,2026-07-22,11:05,お茶,飲料,130
5640,1025,2026-07-22,11:05,パン,食事,180
5641,1035,2026-07-22,11:09,おにぎり,食事,150
5641,1035,2026-07-22,11:09,お茶,飲料,130
5641,1035,2026-07-22,11:09,パン,食事,180
5642,1058,2026-07-22,11:13,お茶,飲料,130
5642,1058,2026-07-22,11:13,弁当,食事,500
5643,1013,2026-07-22,11:18,お茶,飲料,130
5643,1013,2026-07-22,11:18,弁当,食事,500
5644,1017,2026-07-22,11:22,お茶,飲料,130
5644,1017,2026-07-22,11:22,弁当,食事,500
5645,1051,2026-07-22,11:34,弁当,食事,500
5646,1039,2026-07-22,11:35,おにぎり,食事,150
5646,1039,2026-07-22,11:35,お茶,飲料,130
5646,1039,2026-07-22,11:35,パン,食事,180
5647,1060,2026-07-22,11:39,弁当,食事,500
5648,1010,2026-07-22,11:42,おにぎり,食事,150
5648,1010,2026-07-22,11:42,お茶,飲料,130
5648,1010,2026-07-22,11:42,チョコレート,菓子,120
5649,1069,2026-07-22,11:45,カップ麺,食事,220
5650,1022,2026-07-22,11:51,ジュース,飲料,140
5650,1022,2026-07-22,11:51,弁当,食事,500
5651,1027,2026-07-22,11:55,ジュース,飲料,140
5651,1027,2026-07-22,11:55,弁当,食事,500
5652,1020,2026-07-22,11:57,弁当,食事,500
5653,1015,2026-07-22,12:04,お茶,飲料,130
5653,1015,2026-07-22,12:04,弁当,食事,500
5654,1053,2026-07-22,12:13,おにぎり,食事,150
5654,1053,2026-07-22,12:13,お茶,飲料,130
5654,1053,2026-07-22,12:13,パン,食事,180
5655,1030,2026-07-22,12:22,サンドイッチ,食事,320
5655,1030,2026-07-22,12:22,ジュース,飲料,140
5656,1034,2026-07-22,12:26,弁当,食事,500
5657,1048,2026-07-22,12:38,弁当,食事,500
5658,1045,2026-07-22,12:41,お茶,飲料,130
5658,1045,2026-07-22,12:41,サンドイッチ,食事,320
5659,1009,2026-07-22,12:54,弁当,食事,500
5660,1196,2026-07-22,12:56,コーヒー,飲料,160
5660,1196,2026-07-22,12:56,ジュース,飲料,140
5660,1196,2026-07-22,12:56,弁当,食事,500
5661,1059,2026-07-22,12:57,おにぎり,食事,150
5661,1059,2026-07-22,12:57,お茶,飲料,130
5662,1018,2026-07-22,13:12,おにぎり,食事,150
5662,1018,2026-07-22,13:12,お茶,飲料,130
5663,1046,2026-07-22,13:16,おにぎり,食事,150
5663,1046,2026-07-22,13:16,お茶,飲料,130
5664,1037,2026-07-22,13:25,お茶,飲料,130
5664,1037,2026-07-22,13:25,カップ麺,食事,220
5665,1047,2026-07-22,13:30,お茶,飲料,130
5665,1047,2026-07-22,13:30,弁当,食事,500
5666,1041,2026-07-22,13:36,お茶,飲料,130
5666,1041,2026-07-22,13:36,サンドイッチ,食事,320
5667,1064,2026-07-22,13:37,お茶,飲料,130
5667,1064,2026-07-22,13:37,弁当,食事,500
5668,1003,2026-07-22,13:52,おにぎり,食事,150
5668,1003,2026-07-22,13:52,お茶,飲料,130
5669,1006,2026-07-22,13:52,ジュース,飲料,140
5669,1006,2026-07-22,13:52,弁当,食事,500
5670,1026,2026-07-22,13:53,おにぎり,食事,150
5670,1026,2026-07-22,13:53,お茶,飲料,130
5670,1026,2026-07-22,13:53,パン,食事,180
5671,1062,2026-07-22,13:57,おにぎり,食事,150
5671,1062,2026-07-22,13:57,お茶,飲料,130
5672,1102,2026-07-22,14:01,クッキー,菓子,180
5672,1102,2026-07-22,14:01,コーヒー,飲料,160
5673,1096,2026-07-22,14:05,クッキー,菓子,180
5673,1096,2026-07-22,14:05,コーヒー,飲料,160
5674,1076,2026-07-22,14:08,クッキー,菓子,180
5674,1076,2026-07-22,14:08,コーヒー,飲料,160
5675,1079,2026-07-22,14:15,クッキー,菓子,180
5675,1079,2026-07-22,14:15,コーヒー,飲料,160
5676,1121,2026-07-22,14:23,ジュース,飲料,140
5677,1109,2026-07-22,14:25,クッキー,菓子,180
5677,1109,2026-07-22,14:25,コーヒー,飲料,160
5678,1119,2026-07-22,14:26,コーヒー,飲料,160
5678,1119,2026-07-22,14:26,チョコレート,菓子,120
5679,1182,2026-07-22,14:31,おにぎり,食事,150
5679,1182,2026-07-22,14:31,ガム,菓子,110
5679,1182,2026-07-22,14:31,クッキー,菓子,180
5679,1182,2026-07-22,14:31,サンドイッチ,食事,320
5679,1182,2026-07-22,14:31,ジュース,飲料,140
5679,1182,2026-07-22,14:31,チョコレート,菓子,120
5679,1182,2026-07-22,14:31,パン,食事,180
5679,1182,2026-07-22,14:31,消しゴム,文具,100
5680,1099,2026-07-22,14:33,クッキー,菓子,180
5680,1099,2026-07-22,14:33,コーヒー,飲料,160
5681,1078,2026-07-22,14:38,クッキー,菓子,180
5681,1078,2026-07-22,14:38,コーヒー,飲料,160
5682,1105,2026-07-22,14:39,お茶,飲料,130
5682,1105,2026-07-22,14:39,チョコレート,菓子,120
5683,1195,2026-07-22,14:41,おにぎり,食事,150
5683,1195,2026-07-22,14:41,お茶,飲料,130
5683,1195,2026-07-22,14:41,カップ麺,食事,220
5683,1195,2026-07-22,14:41,クッキー,菓子,180
5683,1195,2026-07-22,14:41,コーヒー,飲料,160
5683,1195,2026-07-22,14:41,ジュース,飲料,140
5683,1195,2026-07-22,14:41,ノート,文具,200
5683,1195,2026-07-22,14:41,弁当,食事,500
5684,1080,2026-07-22,14:43,クッキー,菓子,180
5684,1080,2026-07-22,14:43,コーヒー,飲料,160
5685,1110,2026-07-22,14:43,クッキー,菓子,180
5685,1110,2026-07-22,14:43,コーヒー,飲料,160
5685,1110,2026-07-22,14:43,パン,食事,180
5686,1073,2026-07-22,14:45,コーヒー,飲料,160
5686,1073,2026-07-22,14:45,チョコレート,菓子,120
5687,1084,2026-07-22,14:46,コーヒー,飲料,160
5687,1084,2026-07-22,14:46,チョコレート,菓子,120
5688,1124,2026-07-22,14:48,クッキー,菓子,180
5688,1124,2026-07-22,14:48,コーヒー,飲料,160
5689,1125,2026-07-22,14:50,クッキー,菓子,180
5689,1125,2026-07-22,14:50,コーヒー,飲料,160
5690,1075,2026-07-22,14:52,クッキー,菓子,180
5690,1075,2026-07-22,14:52,コーヒー,飲料,160
5691,1085,2026-07-22,14:56,ガム,菓子,110
5691,1085,2026-07-22,14:56,クッキー,菓子,180
5691,1085,2026-07-22,14:56,コーヒー,飲料,160
5692,1113,2026-07-22,14:58,お茶,飲料,130
5693,1089,2026-07-22,14:59,コーヒー,飲料,160
5694,1199,2026-07-22,15:04,お茶,飲料,130
5694,1199,2026-07-22,15:04,ジュース,飲料,140
5694,1199,2026-07-22,15:04,ルーズリーフ,文具,350
5694,1199,2026-07-22,15:04,弁当,食事,500
5695,1086,2026-07-22,15:05,クッキー,菓子,180
5695,1086,2026-07-22,15:05,コーヒー,飲料,160
5696,1108,2026-07-22,15:11,ジュース,飲料,140
5697,1122,2026-07-22,15:11,コーヒー,飲料,160
5697,1122,2026-07-22,15:11,チョコレート,菓子,120
5698,1092,2026-07-22,15:27,クッキー,菓子,180
5698,1092,2026-07-22,15:27,コーヒー,飲料,160
5699,1101,2026-07-22,15:31,クッキー,菓子,180
5699,1101,2026-07-22,15:31,コーヒー,飲料,160
5700,1082,2026-07-22,15:40,ジュース,飲料,140
5700,1082,2026-07-22,15:40,チョコレート,菓子,120
5701,1077,2026-07-22,15:41,クッキー,菓子,180
5701,1077,2026-07-22,15:41,コーヒー,飲料,160
5701,1077,2026-07-22,15:41,パン,食事,180
5702,1081,2026-07-22,15:41,お茶,飲料,130
5703,1091,2026-07-22,15:49,コーヒー,飲料,160
5703,1091,2026-07-22,15:49,チョコレート,菓子,120
5704,1118,2026-07-22,15:51,クッキー,菓子,180
5704,1118,2026-07-22,15:51,コーヒー,飲料,160
5705,1111,2026-07-22,15:57,コーヒー,飲料,160
5706,1120,2026-07-22,16:08,クッキー,菓子,180
5706,1120,2026-07-22,16:08,コーヒー,飲料,160
5707,1095,2026-07-22,16:32,クッキー,菓子,180
5707,1095,2026-07-22,16:32,コーヒー,飲料,160
5708,1098,2026-07-22,16:43,クッキー,菓子,180
5708,1098,2026-07-22,16:43,コーヒー,飲料,160
5709,1112,2026-07-22,16:55,クッキー,菓子,180
5709,1112,2026-07-22,16:55,コーヒー,飲料,160
5710,1115,2026-07-22,17:02,クッキー,菓子,180
5710,1115,2026-07-22,17:02,コーヒー,飲料,160
5711,1123,2026-07-22,17:04,クッキー,菓子,180
5711,1123,2026-07-22,17:04,コーヒー,飲料,160
5712,1094,2026-07-22,17:19,クッキー,菓子,180
5712,1094,2026-07-22,17:19,コーヒー,飲料,160
5712,1094,2026-07-22,17:19,パン,食事,180
5713,1097,2026-07-22,17:20,コーヒー,飲料,160
5714,1104,2026-07-22,17:29,クッキー,菓子,180
5714,1104,2026-07-22,17:29,コーヒー,飲料,160
5715,1117,2026-07-22,17:39,クッキー,菓子,180
5715,1117,2026-07-22,17:39,コーヒー,飲料,160
5716,1087,2026-07-22,17:47,クッキー,菓子,180
5716,1087,2026-07-22,17:47,コーヒー,飲料,160
5717,1093,2026-07-22,17:49,お茶,飲料,130
5717,1093,2026-07-22,17:49,チョコレート,菓子,120
5718,1106,2026-07-22,17:55,コーヒー,飲料,160
5719,1200,2026-07-22,17:58,おにぎり,食事,150
5719,1200,2026-07-22,17:58,お茶,飲料,130
5719,1200,2026-07-22,17:58,カップ麺,食事,220
5719,1200,2026-07-22,17:58,ガム,菓子,110
5719,1200,2026-07-22,17:58,クッキー,菓子,180
5719,1200,2026-07-22,17:58,ジュース,飲料,140
5719,1200,2026-07-22,17:58,ボールペン,文具,120
5719,1200,2026-07-22,17:58,弁当,食事,500
5719,1200,2026-07-22,17:58,消しゴム,文具,100
5720,1116,2026-07-22,17:59,ガム,菓子,110
5720,1116,2026-07-22,17:59,クッキー,菓子,180
5720,1116,2026-07-22,17:59,コーヒー,飲料,160
5721,1028,2026-07-23,11:02,カップ麺,食事,220
5722,1033,2026-07-23,11:02,おにぎり,食事,150
5722,1033,2026-07-23,11:02,お茶,飲料,130
5723,1044,2026-07-23,11:05,ジュース,飲料,140
5723,1044,2026-07-23,11:05,弁当,食事,500
5724,1031,2026-07-23,11:09,ジュース,飲料,140
5724,1031,2026-07-23,11:09,弁当,食事,500
5725,1063,2026-07-23,11:13,サンドイッチ,食事,320
5726,1030,2026-07-23,11:14,お茶,飲料,130
5726,1030,2026-07-23,11:14,弁当,食事,500
5727,1067,2026-07-23,11:18,カップ麺,食事,220
5728,1023,2026-07-23,11:20,おにぎり,食事,150
5728,1023,2026-07-23,11:20,お茶,飲料,130
5729,1069,2026-07-23,11:33,お茶,飲料,130
5729,1069,2026-07-23,11:33,弁当,食事,500
5730,1039,2026-07-23,11:42,お茶,飲料,130
5730,1039,2026-07-23,11:42,弁当,食事,500
5731,1018,2026-07-23,11:44,おにぎり,食事,150
5731,1018,2026-07-23,11:44,パン,食事,180
5732,1038,2026-07-23,11:52,お茶,飲料,130
5732,1038,2026-07-23,11:52,弁当,食事,500
5733,1020,2026-07-23,11:55,カップ麺,食事,220
5733,1020,2026-07-23,11:55,ジュース,飲料,140
5734,1024,2026-07-23,11:55,カップ麺,食事,220
5735,1026,2026-07-23,11:58,お茶,飲料,130
5735,1026,2026-07-23,11:58,弁当,食事,500
5736,1059,2026-07-23,11:59,弁当,食事,500
5737,1052,2026-07-23,12:05,おにぎり,食事,150
5737,1052,2026-07-23,12:05,お茶,飲料,130
5737,1052,2026-07-23,12:05,パン,食事,180
5738,1198,2026-07-23,12:17,お茶,飲料,130
5738,1198,2026-07-23,12:17,ジュース,飲料,140
5738,1198,2026-07-23,12:17,ノート,文具,200
5738,1198,2026-07-23,12:17,ボールペン,文具,120
5738,1198,2026-07-23,12:17,弁当,食事,500
5738,1198,2026-07-23,12:17,消しゴム,文具,100
5739,1017,2026-07-23,12:22,おにぎり,食事,150
5739,1017,2026-07-23,12:22,お茶,飲料,130
5739,1017,2026-07-23,12:22,パン,食事,180
5740,1175,2026-07-23,12:23,おにぎり,食事,150
5740,1175,2026-07-23,12:23,お茶,飲料,130
5740,1175,2026-07-23,12:23,カップ麺,食事,220
5740,1175,2026-07-23,12:23,クッキー,菓子,180
5740,1175,2026-07-23,12:23,ジュース,飲料,140
5740,1175,2026-07-23,12:23,チョコレート,菓子,120
5740,1175,2026-07-23,12:23,パン,食事,180
5740,1175,2026-07-23,12:23,弁当,食事,500
5741,1037,2026-07-23,12:27,お茶,飲料,130
5741,1037,2026-07-23,12:27,カップ麺,食事,220
5742,1054,2026-07-23,12:31,弁当,食事,500
5743,1065,2026-07-23,12:35,お茶,飲料,130
5743,1065,2026-07-23,12:35,弁当,食事,500
5744,1070,2026-07-23,12:40,ジュース,飲料,140
5744,1070,2026-07-23,12:40,弁当,食事,500
5745,1021,2026-07-23,12:42,弁当,食事,500
5746,1062,2026-07-23,12:44,弁当,食事,500
5747,1050,2026-07-23,12:54,弁当,食事,500
5748,1036,2026-07-23,13:23,ジュース,飲料,140
5748,1036,2026-07-23,13:23,弁当,食事,500
5749,1068,2026-07-23,13:26,お茶,飲料,130
5749,1068,2026-07-23,13:26,弁当,食事,500
5750,1045,2026-07-23,13:45,おにぎり,食事,150
5750,1045,2026-07-23,13:45,お茶,飲料,130
5750,1045,2026-07-23,13:45,パン,食事,180
5751,1196,2026-07-23,13:48,クッキー,菓子,180
5751,1196,2026-07-23,13:48,コーヒー,飲料,160
5751,1196,2026-07-23,13:48,ジュース,飲料,140
5751,1196,2026-07-23,13:48,弁当,食事,500
5752,1061,2026-07-23,13:51,カップ麺,食事,220
5752,1061,2026-07-23,13:51,ジュース,飲料,140
5753,1046,2026-07-23,13:57,おにぎり,食事,150
5753,1046,2026-07-23,13:57,お茶,飲料,130
5753,1046,2026-07-23,13:57,パン,食事,180
5754,1088,2026-07-23,14:11,クッキー,菓子,180
5754,1088,2026-07-23,14:11,コーヒー,飲料,160
5755,1108,2026-07-23,14:11,ガム,菓子,110
5755,1108,2026-07-23,14:11,クッキー,菓子,180
5755,1108,2026-07-23,14:11,コーヒー,飲料,160
5755,1108,2026-07-23,14:11,パン,食事,180
5756,1102,2026-07-23,14:27,コーヒー,飲料,160
5756,1102,2026-07-23,14:27,チョコレート,菓子,120
5756,1102,2026-07-23,14:27,パン,食事,180
5757,1115,2026-07-23,14:27,クッキー,菓子,180
5757,1115,2026-07-23,14:27,コーヒー,飲料,160
5757,1115,2026-07-23,14:27,パン,食事,180
5758,1085,2026-07-23,14:30,コーヒー,飲料,160
5759,1100,2026-07-23,14:39,コーヒー,飲料,160
5759,1100,2026-07-23,14:39,チョコレート,菓子,120
5760,1111,2026-07-23,14:45,コーヒー,飲料,160
5761,1071,2026-07-23,14:53,コーヒー,飲料,160
5761,1071,2026-07-23,14:53,チョコレート,菓子,120
5762,1110,2026-07-23,14:53,クッキー,菓子,180
5762,1110,2026-07-23,14:53,コーヒー,飲料,160
5763,1103,2026-07-23,14:54,コーヒー,飲料,160
5764,1093,2026-07-23,14:55,クッキー,菓子,180
5764,1093,2026-07-23,14:55,コーヒー,飲料,160
5765,1082,2026-07-23,14:57,コーヒー,飲料,160
5766,1104,2026-07-23,15:00,コーヒー,飲料,160
5767,1098,2026-07-23,15:03,クッキー,菓子,180
5767,1098,2026-07-23,15:03,コーヒー,飲料,160
5768,1080,2026-07-23,15:05,ガム,菓子,110
5768,1080,2026-07-23,15:05,クッキー,菓子,180
5768,1080,2026-07-23,15:05,コーヒー,飲料,160
5769,1081,2026-07-23,15:10,クッキー,菓子,180
5769,1081,2026-07-23,15:10,コーヒー,飲料,160
5770,1092,2026-07-23,15:22,クッキー,菓子,180
5770,1092,2026-07-23,15:22,コーヒー,飲料,160
5771,1083,2026-07-23,15:28,コーヒー,飲料,160
5772,1099,2026-07-23,15:28,クッキー,菓子,180
5772,1099,2026-07-23,15:28,コーヒー,飲料,160
5773,1123,2026-07-23,15:42,コーヒー,飲料,160
5774,1087,2026-07-23,15:45,クッキー,菓子,180
5774,1087,2026-07-23,15:45,コーヒー,飲料,160
5774,1087,2026-07-23,15:45,パン,食事,180
5775,1124,2026-07-23,15:52,コーヒー,飲料,160
5776,1075,2026-07-23,16:08,クッキー,菓子,180
5776,1075,2026-07-23,16:08,コーヒー,飲料,160
5777,1105,2026-07-23,16:10,ジュース,飲料,140
5777,1105,2026-07-23,16:10,チョコレート,菓子,120
5778,1096,2026-07-23,16:13,クッキー,菓子,180
5778,1096,2026-07-23,16:13,コーヒー,飲料,160
5779,1097,2026-07-23,16:14,クッキー,菓子,180
5779,1097,2026-07-23,16:14,コーヒー,飲料,160
5780,1094,2026-07-23,16:20,ガム,菓子,110
5780,1094,2026-07-23,16:20,クッキー,菓子,180
5780,1094,2026-07-23,16:20,コーヒー,飲料,160
5781,1091,2026-07-23,16:35,コーヒー,飲料,160
5782,1125,2026-07-23,16:39,コーヒー,飲料,160
5783,1086,2026-07-23,16:40,ガム,菓子,110
5783,1086,2026-07-23,16:40,クッキー,菓子,180
5783,1086,2026-07-23,16:40,コーヒー,飲料,160
5784,1106,2026-07-23,16:58,ガム,菓子,110
5784,1106,2026-07-23,16:58,クッキー,菓子,180
5784,1106,2026-07-23,16:58,コーヒー,飲料,160
5785,1120,2026-07-23,17:02,クッキー,菓子,180
5785,1120,2026-07-23,17:02,コーヒー,飲料,160
5786,1076,2026-07-23,17:06,コーヒー,飲料,160
5787,1119,2026-07-23,17:07,クッキー,菓子,180
5787,1119,2026-07-23,17:07,コーヒー,飲料,160
5788,1077,2026-07-23,17:16,クッキー,菓子,180
5788,1077,2026-07-23,17:16,コーヒー,飲料,160
5789,1072,2026-07-23,17:17,クッキー,菓子,180
5789,1072,2026-07-23,17:17,コーヒー,飲料,160
5790,1117,2026-07-23,17:17,クッキー,菓子,180
5790,1117,2026-07-23,17:17,コーヒー,飲料,160
5791,1101,2026-07-23,17:24,クッキー,菓子,180
5791,1101,2026-07-23,17:24,コーヒー,飲料,160
5791,1101,2026-07-23,17:24,パン,食事,180
5792,1116,2026-07-23,17:28,コーヒー,飲料,160
5792,1116,2026-07-23,17:28,チョコレート,菓子,120
5792,1116,2026-07-23,17:28,パン,食事,180
5793,1095,2026-07-23,17:38,クッキー,菓子,180
5793,1095,2026-07-23,17:38,コーヒー,飲料,160
5794,1114,2026-07-23,17:38,クッキー,菓子,180
5794,1114,2026-07-23,17:38,コーヒー,飲料,160
5795,1122,2026-07-23,17:42,クッキー,菓子,180
5795,1122,2026-07-23,17:42,コーヒー,飲料,160
5796,1109,2026-07-23,17:43,クッキー,菓子,180
5796,1109,2026-07-23,17:43,コーヒー,飲料,160
5797,1079,2026-07-23,17:59,コーヒー,飲料,160
5798,1040,2026-07-24,11:00,お茶,飲料,130
5798,1040,2026-07-24,11:00,サンドイッチ,食事,320
5799,1062,2026-07-24,11:05,おにぎり,食事,150
5799,1062,2026-07-24,11:05,お茶,飲料,130
5800,1001,2026-07-24,11:07,おにぎり,食事,150
5800,1001,2026-07-24,11:07,お茶,飲料,130
5800,1001,2026-07-24,11:07,パン,食事,180
5801,1034,2026-07-24,11:08,おにぎり,食事,150
5801,1034,2026-07-24,11:08,お茶,飲料,130
5801,1034,2026-07-24,11:08,パン,食事,180
5802,1031,2026-07-24,11:09,おにぎり,食事,150
5802,1031,2026-07-24,11:09,ジュース,飲料,140
5802,1031,2026-07-24,11:09,パン,食事,180
5803,1016,2026-07-24,11:12,お茶,飲料,130
5803,1016,2026-07-24,11:12,カップ麺,食事,220
5804,1195,2026-07-24,11:21,お茶,飲料,130
5804,1195,2026-07-24,11:21,カップ麺,食事,220
5804,1195,2026-07-24,11:21,サンドイッチ,食事,320
5804,1195,2026-07-24,11:21,チョコレート,菓子,120
5804,1195,2026-07-24,11:21,パン,食事,180
5804,1195,2026-07-24,11:21,弁当,食事,500
5805,1063,2026-07-24,11:24,おにぎり,食事,150
5805,1063,2026-07-24,11:24,パン,食事,180
5806,1020,2026-07-24,11:25,おにぎり,食事,150
5806,1020,2026-07-24,11:25,お茶,飲料,130
5806,1020,2026-07-24,11:25,パン,食事,180
5807,1173,2026-07-24,11:27,おにぎり,食事,150
5807,1173,2026-07-24,11:27,お茶,飲料,130
5807,1173,2026-07-24,11:27,ガム,菓子,110
5807,1173,2026-07-24,11:27,コーヒー,飲料,160
5807,1173,2026-07-24,11:27,チョコレート,菓子,120
5807,1173,2026-07-24,11:27,パン,食事,180
5807,1173,2026-07-24,11:27,消しゴム,文具,100
5808,1033,2026-07-24,11:33,ジュース,飲料,140
5808,1033,2026-07-24,11:33,弁当,食事,500
5809,1005,2026-07-24,11:36,弁当,食事,500
5810,1022,2026-07-24,11:49,お茶,飲料,130
5810,1022,2026-07-24,11:49,弁当,食事,500
5811,1049,2026-07-24,11:49,お茶,飲料,130
5811,1049,2026-07-24,11:49,カップ麺,食事,220
5812,1043,2026-07-24,11:54,カップ麺,食事,220
5813,1056,2026-07-24,11:56,ジュース,飲料,140
5813,1056,2026-07-24,11:56,弁当,食事,500
5814,1029,2026-07-24,12:14,おにぎり,食事,150
5814,1029,2026-07-24,12:14,お茶,飲料,130
5815,1038,2026-07-24,12:22,お茶,飲料,130
5815,1038,2026-07-24,12:22,サンドイッチ,食事,320
5816,1176,2026-07-24,12:22,お茶,飲料,130
5816,1176,2026-07-24,12:22,カップ麺,食事,220
5816,1176,2026-07-24,12:22,サンドイッチ,食事,320
5816,1176,2026-07-24,12:22,チョコレート,菓子,120
5816,1176,2026-07-24,12:22,ノート,文具,200
5816,1176,2026-07-24,12:22,パン,食事,180
5816,1176,2026-07-24,12:22,ボールペン,文具,120
5816,1176,2026-07-24,12:22,ルーズリーフ,文具,350
5816,1176,2026-07-24,12:22,消しゴム,文具,100
5817,1066,2026-07-24,12:28,お茶,飲料,130
5817,1066,2026-07-24,12:28,弁当,食事,500
5818,1003,2026-07-24,12:29,おにぎり,食事,150
5818,1003,2026-07-24,12:29,お茶,飲料,130
5819,1018,2026-07-24,12:31,お茶,飲料,130
5819,1018,2026-07-24,12:31,弁当,食事,500
5820,1069,2026-07-24,12:43,お茶,飲料,130
5820,1069,2026-07-24,12:43,サンドイッチ,食事,320
5821,1026,2026-07-24,12:46,おにぎり,食事,150
5821,1026,2026-07-24,12:46,お茶,飲料,130
5821,1026,2026-07-24,12:46,パン,食事,180
5822,1067,2026-07-24,12:47,お茶,飲料,130
5822,1067,2026-07-24,12:47,弁当,食事,500
5823,1007,2026-07-24,12:55,カップ麺,食事,220
5824,1197,2026-07-24,13:04,お茶,飲料,130
5824,1197,2026-07-24,13:04,コーヒー,飲料,160
5824,1197,2026-07-24,13:04,弁当,食事,500
5825,1017,2026-07-24,13:12,おにぎり,食事,150
5825,1017,2026-07-24,13:12,お茶,飲料,130
5826,1010,2026-07-24,13:23,おにぎり,食事,150
5826,1010,2026-07-24,13:23,お茶,飲料,130
5827,1068,2026-07-24,13:25,おにぎり,食事,150
5827,1068,2026-07-24,13:25,お茶,飲料,130
5828,1048,2026-07-24,13:26,ジュース,飲料,140
5828,1048,2026-07-24,13:26,弁当,食事,500
5829,1015,2026-07-24,13:27,サンドイッチ,食事,320
5829,1015,2026-07-24,13:27,ジュース,飲料,140
5830,1035,2026-07-24,13:27,お茶,飲料,130
5830,1035,2026-07-24,13:27,弁当,食事,500
5831,1065,2026-07-24,13:32,弁当,食事,500
5832,1032,2026-07-24,13:35,カップ麺,食事,220
5833,1002,2026-07-24,13:39,お茶,飲料,130
5833,1002,2026-07-24,13:39,サンドイッチ,食事,320
5834,1004,2026-07-24,13:41,お茶,飲料,130
5834,1004,2026-07-24,13:41,弁当,食事,500
5835,1061,2026-07-24,13:57,おにぎり,食事,150
5835,1061,2026-07-24,13:57,お茶,飲料,130
5835,1061,2026-07-24,13:57,パン,食事,180
5836,1092,2026-07-24,14:04,コーヒー,飲料,160
5837,1075,2026-07-24,14:07,クッキー,菓子,180
5837,1075,2026-07-24,14:07,コーヒー,飲料,160
5838,1093,2026-07-24,14:07,クッキー,菓子,180
5838,1093,2026-07-24,14:07,コーヒー,飲料,160
5839,1123,2026-07-24,14:09,コーヒー,飲料,160
5840,1071,2026-07-24,14:15,コーヒー,飲料,160
5841,1109,2026-07-24,14:20,ガム,菓子,110
5841,1109,2026-07-24,14:20,クッキー,菓子,180
5841,1109,2026-07-24,14:20,コーヒー,飲料,160
5842,1077,2026-07-24,14:29,クッキー,菓子,180
5842,1077,2026-07-24,14:29,コーヒー,飲料,160
5843,1106,2026-07-24,14:30,クッキー,菓子,180
5843,1106,2026-07-24,14:30,コーヒー,飲料,160
5844,1105,2026-07-24,14:31,クッキー,菓子,180
5844,1105,2026-07-24,14:31,コーヒー,飲料,160
5845,1099,2026-07-24,14:40,クッキー,菓子,180
5845,1099,2026-07-24,14:40,コーヒー,飲料,160
5846,1107,2026-07-24,14:48,ガム,菓子,110
5846,1107,2026-07-24,14:48,コーヒー,飲料,160
5846,1107,2026-07-24,14:48,チョコレート,菓子,120
5846,1107,2026-07-24,14:48,パン,食事,180
5847,1080,2026-07-24,14:59,クッキー,菓子,180
5847,1080,2026-07-24,14:59,コーヒー,飲料,160
5848,1094,2026-07-24,15:04,クッキー,菓子,180
5848,1094,2026-07-24,15:04,コーヒー,飲料,160
5848,1094,2026-07-24,15:04,パン,食事,180
5849,1118,2026-07-24,15:05,コーヒー,飲料,160
5849,1118,2026-07-24,15:05,チョコレート,菓子,120
5850,1119,2026-07-24,15:05,クッキー,菓子,180
5850,1119,2026-07-24,15:05,コーヒー,飲料,160
5851,1073,2026-07-24,15:09,コーヒー,飲料,160
5851,1073,2026-07-24,15:09,チョコレート,菓子,120
5852,1076,2026-07-24,15:17,ガム,菓子,110
5852,1076,2026-07-24,15:17,クッキー,菓子,180
5852,1076,2026-07-24,15:17,コーヒー,飲料,160
5853,1117,2026-07-24,15:19,クッキー,菓子,180
5853,1117,2026-07-24,15:19,コーヒー,飲料,160
5853,1117,2026-07-24,15:19,パン,食事,180
5854,1100,2026-07-24,15:23,クッキー,菓子,180
5854,1100,2026-07-24,15:23,コーヒー,飲料,160
5854,1100,2026-07-24,15:23,パン,食事,180
5855,1101,2026-07-24,15:23,コーヒー,飲料,160
5855,1101,2026-07-24,15:23,チョコレート,菓子,120
5855,1101,2026-07-24,15:23,パン,食事,180
5856,1104,2026-07-24,15:33,クッキー,菓子,180
5856,1104,2026-07-24,15:33,コーヒー,飲料,160
5857,1112,2026-07-24,15:43,クッキー,菓子,180
5857,1112,2026-07-24,15:43,コーヒー,飲料,160
5858,1072,2026-07-24,15:44,ガム,菓子,110
5858,1072,2026-07-24,15:44,ジュース,飲料,140
5859,1122,2026-07-24,15:50,クッキー,菓子,180
5859,1122,2026-07-24,15:50,コーヒー,飲料,160
5859,1122,2026-07-24,15:50,パン,食事,180
5860,1115,2026-07-24,15:54,コーヒー,飲料,160
5860,1115,2026-07-24,15:54,チョコレート,菓子,120
5861,1108,2026-07-24,15:55,ジュース,飲料,140
5862,1124,2026-07-24,16:05,コーヒー,飲料,160
5863,1113,2026-07-24,16:11,コーヒー,飲料,160
5864,1078,2026-07-24,16:12,クッキー,菓子,180
5864,1078,2026-07-24,16:12,コーヒー,飲料,160
5865,1079,2026-07-24,16:17,コーヒー,飲料,160
5866,1081,2026-07-24,16:18,クッキー,菓子,180
5866,1081,2026-07-24,16:18,コーヒー,飲料,160
5867,1121,2026-07-24,16:44,お茶,飲料,130
5867,1121,2026-07-24,16:44,ガム,菓子,110
5867,1121,2026-07-24,16:44,チョコレート,菓子,120
5867,1121,2026-07-24,16:44,パン,食事,180
5868,1085,2026-07-24,16:53,コーヒー,飲料,160
5869,1098,2026-07-24,16:56,クッキー,菓子,180
5869,1098,2026-07-24,16:56,コーヒー,飲料,160
5870,1089,2026-07-24,17:02,クッキー,菓子,180
5870,1089,2026-07-24,17:02,コーヒー,飲料,160
5871,1120,2026-07-24,17:04,コーヒー,飲料,160
5872,1088,2026-07-24,17:07,コーヒー,飲料,160
5873,1086,2026-07-24,17:09,クッキー,菓子,180
5873,1086,2026-07-24,17:09,コーヒー,飲料,160
5874,1084,2026-07-24,17:13,お茶,飲料,130
5874,1084,2026-07-24,17:13,ガム,菓子,110
5874,1084,2026-07-24,17:13,チョコレート,菓子,120
5875,1114,2026-07-24,17:20,クッキー,菓子,180
5875,1114,2026-07-24,17:20,コーヒー,飲料,160
5876,1111,2026-07-24,17:22,クッキー,菓子,180
5876,1111,2026-07-24,17:22,コーヒー,飲料,160
5877,1096,2026-07-24,17:35,ガム,菓子,110
5877,1096,2026-07-24,17:35,クッキー,菓子,180
5877,1096,2026-07-24,17:35,コーヒー,飲料,160
